feature_id	kind	vendor_evidence	provider	vendor_disable	target_config	target_dt	target_artifact	test_id
config:CONFIG_842_COMPRESS	config	["linux-aw2511@92c27523bfa57dc21acd843897c8949d549702c7:CONFIG_842_COMPRESS"]	mainline	["CONFIG_842_COMPRESS=n"]	["CONFIG_842_COMPRESS=n"]	[]	[]	["board-io-security.sh"]
config:CONFIG_842_DECOMPRESS	config	["linux-aw2511@92c27523bfa57dc21acd843897c8949d549702c7:CONFIG_842_DECOMPRESS"]	mainline	["CONFIG_842_DECOMPRESS=n"]	["CONFIG_842_DECOMPRESS=n"]	[]	[]	["board-io-security.sh"]
config:CONFIG_ACTUATOR	config	["linux-aw2511@92c27523bfa57dc21acd843897c8949d549702c7:CONFIG_ACTUATOR"]	mainline	["CONFIG_ACTUATOR=n"]	["CONFIG_ACTUATOR=n"]	[]	[]	["board-io-security.sh"]
config:CONFIG_ACTUATOR_CN3927	config	["linux-aw2511@92c27523bfa57dc21acd843897c8949d549702c7:CONFIG_ACTUATOR_CN3927"]	mainline	["CONFIG_ACTUATOR_CN3927=n"]	["CONFIG_ACTUATOR_CN3927=n"]	[]	[]	["board-io-security.sh"]
config:CONFIG_AIC_IRQ_ACTIVE_UNSET	config	["linux-aw2511@92c27523bfa57dc21acd843897c8949d549702c7:CONFIG_AIC_IRQ_ACTIVE_UNSET"]	mainline	["CONFIG_AIC_IRQ_ACTIVE_UNSET=n"]	["CONFIG_AIC_IRQ_ACTIVE_UNSET=n"]	[]	[]	["wifi-bluetooth.sh"]
config:CONFIG_ANDROID_BINDERFS	config	["linux-aw2511@92c27523bfa57dc21acd843897c8949d549702c7:CONFIG_ANDROID_BINDERFS"]	mainline	["CONFIG_ANDROID_BINDERFS=n"]	["CONFIG_ANDROID_BINDERFS=n"]	[]	[]	["board-io-security.sh"]
config:CONFIG_ANDROID_BINDER_IPC	config	["linux-aw2511@92c27523bfa57dc21acd843897c8949d549702c7:CONFIG_ANDROID_BINDER_IPC"]	mainline	["CONFIG_ANDROID_BINDER_IPC=n"]	["CONFIG_ANDROID_BINDER_IPC=n"]	[]	[]	["board-io-security.sh"]
config:CONFIG_ARCH_CORRECT_STACKTRACE_ON_KRETPROBE	config	["linux-aw2511@92c27523bfa57dc21acd843897c8949d549702c7:CONFIG_ARCH_CORRECT_STACKTRACE_ON_KRETPROBE"]	mainline	["CONFIG_ARCH_CORRECT_STACKTRACE_ON_KRETPROBE=n"]	["CONFIG_ARCH_CORRECT_STACKTRACE_ON_KRETPROBE=n"]	[]	[]	["board-io-security.sh"]
config:CONFIG_ARCH_ENABLE_MEMORY_HOTREMOVE	config	["linux-aw2511@92c27523bfa57dc21acd843897c8949d549702c7:CONFIG_ARCH_ENABLE_MEMORY_HOTREMOVE"]	mainline	["CONFIG_ARCH_ENABLE_MEMORY_HOTREMOVE=n"]	["CONFIG_ARCH_ENABLE_MEMORY_HOTREMOVE=n"]	[]	[]	["board-io-security.sh"]
config:CONFIG_ARCH_HAS_PTE_DEVMAP	config	["linux-aw2511@92c27523bfa57dc21acd843897c8949d549702c7:CONFIG_ARCH_HAS_PTE_DEVMAP"]	mainline	["CONFIG_ARCH_HAS_PTE_DEVMAP=n"]	["CONFIG_ARCH_HAS_PTE_DEVMAP=n"]	[]	[]	["board-io-security.sh"]
config:CONFIG_ARCH_HAS_TEARDOWN_DMA_OPS	config	["linux-aw2511@92c27523bfa57dc21acd843897c8949d549702c7:CONFIG_ARCH_HAS_TEARDOWN_DMA_OPS"]	mainline	["CONFIG_ARCH_HAS_TEARDOWN_DMA_OPS=n"]	["CONFIG_ARCH_HAS_TEARDOWN_DMA_OPS=n"]	[]	[]	["board-io-security.sh"]
config:CONFIG_ARCH_HAS_UBSAN_SANITIZE_ALL	config	["linux-aw2511@92c27523bfa57dc21acd843897c8949d549702c7:CONFIG_ARCH_HAS_UBSAN_SANITIZE_ALL"]	mainline	["CONFIG_ARCH_HAS_UBSAN_SANITIZE_ALL=n"]	["CONFIG_ARCH_HAS_UBSAN_SANITIZE_ALL=n"]	[]	[]	["board-io-security.sh"]
config:CONFIG_ARCH_HAS_ZONE_DMA_SET	config	["linux-aw2511@92c27523bfa57dc21acd843897c8949d549702c7:CONFIG_ARCH_HAS_ZONE_DMA_SET"]	mainline	["CONFIG_ARCH_HAS_ZONE_DMA_SET=n"]	["CONFIG_ARCH_HAS_ZONE_DMA_SET=n"]	[]	[]	["board-io-security.sh"]
config:CONFIG_ARCH_INLINE_READ_LOCK	config	["linux-aw2511@92c27523bfa57dc21acd843897c8949d549702c7:CONFIG_ARCH_INLINE_READ_LOCK"]	mainline	["CONFIG_ARCH_INLINE_READ_LOCK=n"]	["CONFIG_ARCH_INLINE_READ_LOCK=n"]	[]	[]	["board-io-security.sh"]
config:CONFIG_ARCH_INLINE_READ_LOCK_BH	config	["linux-aw2511@92c27523bfa57dc21acd843897c8949d549702c7:CONFIG_ARCH_INLINE_READ_LOCK_BH"]	mainline	["CONFIG_ARCH_INLINE_READ_LOCK_BH=n"]	["CONFIG_ARCH_INLINE_READ_LOCK_BH=n"]	[]	[]	["board-io-security.sh"]
config:CONFIG_ARCH_INLINE_READ_LOCK_IRQ	config	["linux-aw2511@92c27523bfa57dc21acd843897c8949d549702c7:CONFIG_ARCH_INLINE_READ_LOCK_IRQ"]	mainline	["CONFIG_ARCH_INLINE_READ_LOCK_IRQ=n"]	["CONFIG_ARCH_INLINE_READ_LOCK_IRQ=n"]	[]	[]	["board-io-security.sh"]
config:CONFIG_ARCH_INLINE_READ_LOCK_IRQSAVE	config	["linux-aw2511@92c27523bfa57dc21acd843897c8949d549702c7:CONFIG_ARCH_INLINE_READ_LOCK_IRQSAVE"]	mainline	["CONFIG_ARCH_INLINE_READ_LOCK_IRQSAVE=n"]	["CONFIG_ARCH_INLINE_READ_LOCK_IRQSAVE=n"]	[]	[]	["board-io-security.sh"]
config:CONFIG_ARCH_INLINE_READ_UNLOCK	config	["linux-aw2511@92c27523bfa57dc21acd843897c8949d549702c7:CONFIG_ARCH_INLINE_READ_UNLOCK"]	mainline	["CONFIG_ARCH_INLINE_READ_UNLOCK=n"]	["CONFIG_ARCH_INLINE_READ_UNLOCK=n"]	[]	[]	["board-io-security.sh"]
config:CONFIG_ARCH_INLINE_READ_UNLOCK_BH	config	["linux-aw2511@92c27523bfa57dc21acd843897c8949d549702c7:CONFIG_ARCH_INLINE_READ_UNLOCK_BH"]	mainline	["CONFIG_ARCH_INLINE_READ_UNLOCK_BH=n"]	["CONFIG_ARCH_INLINE_READ_UNLOCK_BH=n"]	[]	[]	["board-io-security.sh"]
config:CONFIG_ARCH_INLINE_READ_UNLOCK_IRQ	config	["linux-aw2511@92c27523bfa57dc21acd843897c8949d549702c7:CONFIG_ARCH_INLINE_READ_UNLOCK_IRQ"]	mainline	["CONFIG_ARCH_INLINE_READ_UNLOCK_IRQ=n"]	["CONFIG_ARCH_INLINE_READ_UNLOCK_IRQ=n"]	[]	[]	["board-io-security.sh"]
config:CONFIG_ARCH_INLINE_READ_UNLOCK_IRQRESTORE	config	["linux-aw2511@92c27523bfa57dc21acd843897c8949d549702c7:CONFIG_ARCH_INLINE_READ_UNLOCK_IRQRESTORE"]	mainline	["CONFIG_ARCH_INLINE_READ_UNLOCK_IRQRESTORE=n"]	["CONFIG_ARCH_INLINE_READ_UNLOCK_IRQRESTORE=n"]	[]	[]	["board-io-security.sh"]
config:CONFIG_ARCH_INLINE_SPIN_LOCK	config	["linux-aw2511@92c27523bfa57dc21acd843897c8949d549702c7:CONFIG_ARCH_INLINE_SPIN_LOCK"]	mainline	["CONFIG_ARCH_INLINE_SPIN_LOCK=n"]	["CONFIG_ARCH_INLINE_SPIN_LOCK=n"]	[]	[]	["board-io-security.sh"]
config:CONFIG_ARCH_INLINE_SPIN_LOCK_BH	config	["linux-aw2511@92c27523bfa57dc21acd843897c8949d549702c7:CONFIG_ARCH_INLINE_SPIN_LOCK_BH"]	mainline	["CONFIG_ARCH_INLINE_SPIN_LOCK_BH=n"]	["CONFIG_ARCH_INLINE_SPIN_LOCK_BH=n"]	[]	[]	["board-io-security.sh"]
config:CONFIG_ARCH_INLINE_SPIN_LOCK_IRQ	config	["linux-aw2511@92c27523bfa57dc21acd843897c8949d549702c7:CONFIG_ARCH_INLINE_SPIN_LOCK_IRQ"]	mainline	["CONFIG_ARCH_INLINE_SPIN_LOCK_IRQ=n"]	["CONFIG_ARCH_INLINE_SPIN_LOCK_IRQ=n"]	[]	[]	["board-io-security.sh"]
config:CONFIG_ARCH_INLINE_SPIN_LOCK_IRQSAVE	config	["linux-aw2511@92c27523bfa57dc21acd843897c8949d549702c7:CONFIG_ARCH_INLINE_SPIN_LOCK_IRQSAVE"]	mainline	["CONFIG_ARCH_INLINE_SPIN_LOCK_IRQSAVE=n"]	["CONFIG_ARCH_INLINE_SPIN_LOCK_IRQSAVE=n"]	[]	[]	["board-io-security.sh"]
config:CONFIG_ARCH_INLINE_SPIN_TRYLOCK	config	["linux-aw2511@92c27523bfa57dc21acd843897c8949d549702c7:CONFIG_ARCH_INLINE_SPIN_TRYLOCK"]	mainline	["CONFIG_ARCH_INLINE_SPIN_TRYLOCK=n"]	["CONFIG_ARCH_INLINE_SPIN_TRYLOCK=n"]	[]	[]	["board-io-security.sh"]
config:CONFIG_ARCH_INLINE_SPIN_TRYLOCK_BH	config	["linux-aw2511@92c27523bfa57dc21acd843897c8949d549702c7:CONFIG_ARCH_INLINE_SPIN_TRYLOCK_BH"]	mainline	["CONFIG_ARCH_INLINE_SPIN_TRYLOCK_BH=n"]	["CONFIG_ARCH_INLINE_SPIN_TRYLOCK_BH=n"]	[]	[]	["board-io-security.sh"]
config:CONFIG_ARCH_INLINE_SPIN_UNLOCK	config	["linux-aw2511@92c27523bfa57dc21acd843897c8949d549702c7:CONFIG_ARCH_INLINE_SPIN_UNLOCK"]	mainline	["CONFIG_ARCH_INLINE_SPIN_UNLOCK=n"]	["CONFIG_ARCH_INLINE_SPIN_UNLOCK=n"]	[]	[]	["board-io-security.sh"]
config:CONFIG_ARCH_INLINE_SPIN_UNLOCK_BH	config	["linux-aw2511@92c27523bfa57dc21acd843897c8949d549702c7:CONFIG_ARCH_INLINE_SPIN_UNLOCK_BH"]	mainline	["CONFIG_ARCH_INLINE_SPIN_UNLOCK_BH=n"]	["CONFIG_ARCH_INLINE_SPIN_UNLOCK_BH=n"]	[]	[]	["board-io-security.sh"]
config:CONFIG_ARCH_INLINE_SPIN_UNLOCK_IRQ	config	["linux-aw2511@92c27523bfa57dc21acd843897c8949d549702c7:CONFIG_ARCH_INLINE_SPIN_UNLOCK_IRQ"]	mainline	["CONFIG_ARCH_INLINE_SPIN_UNLOCK_IRQ=n"]	["CONFIG_ARCH_INLINE_SPIN_UNLOCK_IRQ=n"]	[]	[]	["board-io-security.sh"]
config:CONFIG_ARCH_INLINE_SPIN_UNLOCK_IRQRESTORE	config	["linux-aw2511@92c27523bfa57dc21acd843897c8949d549702c7:CONFIG_ARCH_INLINE_SPIN_UNLOCK_IRQRESTORE"]	mainline	["CONFIG_ARCH_INLINE_SPIN_UNLOCK_IRQRESTORE=n"]	["CONFIG_ARCH_INLINE_SPIN_UNLOCK_IRQRESTORE=n"]	[]	[]	["board-io-security.sh"]
config:CONFIG_ARCH_INLINE_WRITE_LOCK	config	["linux-aw2511@92c27523bfa57dc21acd843897c8949d549702c7:CONFIG_ARCH_INLINE_WRITE_LOCK"]	mainline	["CONFIG_ARCH_INLINE_WRITE_LOCK=n"]	["CONFIG_ARCH_INLINE_WRITE_LOCK=n"]	[]	[]	["board-io-security.sh"]
config:CONFIG_ARCH_INLINE_WRITE_LOCK_BH	config	["linux-aw2511@92c27523bfa57dc21acd843897c8949d549702c7:CONFIG_ARCH_INLINE_WRITE_LOCK_BH"]	mainline	["CONFIG_ARCH_INLINE_WRITE_LOCK_BH=n"]	["CONFIG_ARCH_INLINE_WRITE_LOCK_BH=n"]	[]	[]	["board-io-security.sh"]
config:CONFIG_ARCH_INLINE_WRITE_LOCK_IRQ	config	["linux-aw2511@92c27523bfa57dc21acd843897c8949d549702c7:CONFIG_ARCH_INLINE_WRITE_LOCK_IRQ"]	mainline	["CONFIG_ARCH_INLINE_WRITE_LOCK_IRQ=n"]	["CONFIG_ARCH_INLINE_WRITE_LOCK_IRQ=n"]	[]	[]	["board-io-security.sh"]
config:CONFIG_ARCH_INLINE_WRITE_LOCK_IRQSAVE	config	["linux-aw2511@92c27523bfa57dc21acd843897c8949d549702c7:CONFIG_ARCH_INLINE_WRITE_LOCK_IRQSAVE"]	mainline	["CONFIG_ARCH_INLINE_WRITE_LOCK_IRQSAVE=n"]	["CONFIG_ARCH_INLINE_WRITE_LOCK_IRQSAVE=n"]	[]	[]	["board-io-security.sh"]
config:CONFIG_ARCH_INLINE_WRITE_UNLOCK	config	["linux-aw2511@92c27523bfa57dc21acd843897c8949d549702c7:CONFIG_ARCH_INLINE_WRITE_UNLOCK"]	mainline	["CONFIG_ARCH_INLINE_WRITE_UNLOCK=n"]	["CONFIG_ARCH_INLINE_WRITE_UNLOCK=n"]	[]	[]	["board-io-security.sh"]
config:CONFIG_ARCH_INLINE_WRITE_UNLOCK_BH	config	["linux-aw2511@92c27523bfa57dc21acd843897c8949d549702c7:CONFIG_ARCH_INLINE_WRITE_UNLOCK_BH"]	mainline	["CONFIG_ARCH_INLINE_WRITE_UNLOCK_BH=n"]	["CONFIG_ARCH_INLINE_WRITE_UNLOCK_BH=n"]	[]	[]	["board-io-security.sh"]
config:CONFIG_ARCH_INLINE_WRITE_UNLOCK_IRQ	config	["linux-aw2511@92c27523bfa57dc21acd843897c8949d549702c7:CONFIG_ARCH_INLINE_WRITE_UNLOCK_IRQ"]	mainline	["CONFIG_ARCH_INLINE_WRITE_UNLOCK_IRQ=n"]	["CONFIG_ARCH_INLINE_WRITE_UNLOCK_IRQ=n"]	[]	[]	["board-io-security.sh"]
config:CONFIG_ARCH_INLINE_WRITE_UNLOCK_IRQRESTORE	config	["linux-aw2511@92c27523bfa57dc21acd843897c8949d549702c7:CONFIG_ARCH_INLINE_WRITE_UNLOCK_IRQRESTORE"]	mainline	["CONFIG_ARCH_INLINE_WRITE_UNLOCK_IRQRESTORE=n"]	["CONFIG_ARCH_INLINE_WRITE_UNLOCK_IRQRESTORE=n"]	[]	[]	["board-io-security.sh"]
config:CONFIG_ARCH_SUN60I	config	["linux-aw2511@92c27523bfa57dc21acd843897c8949d549702c7:CONFIG_ARCH_SUN60I"]	ported-bsp	[]	["CONFIG_ARCH_SUN60I=y"]	[]	[]	["board-io-security.sh"]
config:CONFIG_ARCH_SUN60IW2	config	["linux-aw2511@92c27523bfa57dc21acd843897c8949d549702c7:CONFIG_ARCH_SUN60IW2"]	ported-bsp	[]	["CONFIG_ARCH_SUN60IW2=y"]	[]	[]	["board-io-security.sh"]
config:CONFIG_ARCH_SUN60IW2P1	config	["linux-aw2511@92c27523bfa57dc21acd843897c8949d549702c7:CONFIG_ARCH_SUN60IW2P1"]	ported-bsp	[]	["CONFIG_ARCH_SUN60IW2P1=y"]	[]	[]	["board-io-security.sh"]
config:CONFIG_ARCH_SUPPORTS_CFI_CLANG	config	["linux-aw2511@92c27523bfa57dc21acd843897c8949d549702c7:CONFIG_ARCH_SUPPORTS_CFI_CLANG"]	mainline	["CONFIG_ARCH_SUPPORTS_CFI_CLANG=n"]	["CONFIG_ARCH_SUPPORTS_CFI_CLANG=n"]	[]	[]	["board-io-security.sh"]
config:CONFIG_ARCH_USES_PG_ARCH_X	config	["linux-aw2511@92c27523bfa57dc21acd843897c8949d549702c7:CONFIG_ARCH_USES_PG_ARCH_X"]	mainline	["CONFIG_ARCH_USES_PG_ARCH_X=n"]	["CONFIG_ARCH_USES_PG_ARCH_X=n"]	[]	[]	["board-io-security.sh"]
config:CONFIG_ARCNET	config	["linux-aw2511@92c27523bfa57dc21acd843897c8949d549702c7:CONFIG_ARCNET"]	mainline	["CONFIG_ARCNET=n"]	["CONFIG_ARCNET=n"]	[]	[]	["board-io-security.sh"]
config:CONFIG_ARM64_ERRATUM_1286807	config	["linux-aw2511@92c27523bfa57dc21acd843897c8949d549702c7:CONFIG_ARM64_ERRATUM_1286807"]	mainline	["CONFIG_ARM64_ERRATUM_1286807=n"]	["CONFIG_ARM64_ERRATUM_1286807=n"]	[]	[]	["board-io-security.sh"]
config:CONFIG_ARM64_ERRATUM_1542419	config	["linux-aw2511@92c27523bfa57dc21acd843897c8949d549702c7:CONFIG_ARM64_ERRATUM_1542419"]	mainline	["CONFIG_ARM64_ERRATUM_1542419=n"]	["CONFIG_ARM64_ERRATUM_1542419=n"]	[]	[]	["board-io-security.sh"]
config:CONFIG_ARM64_ERRATUM_2441007	config	["linux-aw2511@92c27523bfa57dc21acd843897c8949d549702c7:CONFIG_ARM64_ERRATUM_2441007"]	mainline	["CONFIG_ARM64_ERRATUM_2441007=n"]	["CONFIG_ARM64_ERRATUM_2441007=n"]	[]	[]	["board-io-security.sh"]
config:CONFIG_ARM64_ERRATUM_2441009	config	["linux-aw2511@92c27523bfa57dc21acd843897c8949d549702c7:CONFIG_ARM64_ERRATUM_2441009"]	mainline	["CONFIG_ARM64_ERRATUM_2441009=n"]	["CONFIG_ARM64_ERRATUM_2441009=n"]	[]	[]	["board-io-security.sh"]
config:CONFIG_ARM64_ERRATUM_834220	config	["linux-aw2511@92c27523bfa57dc21acd843897c8949d549702c7:CONFIG_ARM64_ERRATUM_834220"]	mainline	["CONFIG_ARM64_ERRATUM_834220=n"]	["CONFIG_ARM64_ERRATUM_834220=n"]	[]	[]	["board-io-security.sh"]
config:CONFIG_ARM64_LD_HAS_FIX_ERRATUM_843419	config	["linux-aw2511@92c27523bfa57dc21acd843897c8949d549702c7:CONFIG_ARM64_LD_HAS_FIX_ERRATUM_843419"]	mainline	["CONFIG_ARM64_LD_HAS_FIX_ERRATUM_843419=n"]	["CONFIG_ARM64_LD_HAS_FIX_ERRATUM_843419=n"]	[]	[]	["board-io-security.sh"]
config:CONFIG_ARM64_LSE_ATOMICS	config	["linux-aw2511@92c27523bfa57dc21acd843897c8949d549702c7:CONFIG_ARM64_LSE_ATOMICS"]	mainline	["CONFIG_ARM64_LSE_ATOMICS=n"]	["CONFIG_ARM64_LSE_ATOMICS=n"]	[]	[]	["board-io-security.sh"]
config:CONFIG_ARM64_PAN	config	["linux-aw2511@92c27523bfa57dc21acd843897c8949d549702c7:CONFIG_ARM64_PAN"]	mainline	["CONFIG_ARM64_PAN=n"]	["CONFIG_ARM64_PAN=n"]	[]	[]	["board-io-security.sh"]
config:CONFIG_ARM64_PA_BITS_48	config	["linux-aw2511@92c27523bfa57dc21acd843897c8949d549702c7:CONFIG_ARM64_PA_BITS_48"]	mainline	["CONFIG_ARM64_PA_BITS_48=n"]	["CONFIG_ARM64_PA_BITS_48=n"]	[]	[]	["board-io-security.sh"]
config:CONFIG_ARM64_USE_LSE_ATOMICS	config	["linux-aw2511@92c27523bfa57dc21acd843897c8949d549702c7:CONFIG_ARM64_USE_LSE_ATOMICS"]	mainline	["CONFIG_ARM64_USE_LSE_ATOMICS=n"]	["CONFIG_ARM64_USE_LSE_ATOMICS=n"]	[]	[]	["board-io-security.sh"]
config:CONFIG_ARM64_VA_BITS_48	config	["linux-aw2511@92c27523bfa57dc21acd843897c8949d549702c7:CONFIG_ARM64_VA_BITS_48"]	mainline	["CONFIG_ARM64_VA_BITS_48=n"]	["CONFIG_ARM64_VA_BITS_48=n"]	[]	[]	["board-io-security.sh"]
config:CONFIG_ARM_AW_SUN50I_CPUFREQ_NVMEM	config	["linux-aw2511@92c27523bfa57dc21acd843897c8949d549702c7:CONFIG_ARM_AW_SUN50I_CPUFREQ_NVMEM"]	mainline	["CONFIG_ARM_AW_SUN50I_CPUFREQ_NVMEM=n"]	["CONFIG_ARM_AW_SUN50I_CPUFREQ_NVMEM=n"]	[]	[]	["pcie-nvme.sh"]
config:CONFIG_ARM_DSU_PMU	config	["linux-aw2511@92c27523bfa57dc21acd843897c8949d549702c7:CONFIG_ARM_DSU_PMU"]	mainline	[]	["CONFIG_ARM_DSU_PMU=m"]	[]	[]	[]
config:CONFIG_ARM_GIC_V3_ITS_PCI	config	["linux-aw2511@92c27523bfa57dc21acd843897c8949d549702c7:CONFIG_ARM_GIC_V3_ITS_PCI"]	mainline	["CONFIG_ARM_GIC_V3_ITS_PCI=n"]	["CONFIG_ARM_GIC_V3_ITS_PCI=n"]	[]	[]	["board-io-security.sh"]
config:CONFIG_AS_HAS_ARMV8_2	config	["linux-aw2511@92c27523bfa57dc21acd843897c8949d549702c7:CONFIG_AS_HAS_ARMV8_2"]	mainline	["CONFIG_AS_HAS_ARMV8_2=n"]	["CONFIG_AS_HAS_ARMV8_2=n"]	[]	[]	["board-io-security.sh"]
config:CONFIG_AS_HAS_ARMV8_3	config	["linux-aw2511@92c27523bfa57dc21acd843897c8949d549702c7:CONFIG_AS_HAS_ARMV8_3"]	mainline	["CONFIG_AS_HAS_ARMV8_3=n"]	["CONFIG_AS_HAS_ARMV8_3=n"]	[]	[]	["board-io-security.sh"]
config:CONFIG_AS_HAS_ARMV8_4	config	["linux-aw2511@92c27523bfa57dc21acd843897c8949d549702c7:CONFIG_AS_HAS_ARMV8_4"]	mainline	["CONFIG_AS_HAS_ARMV8_4=n"]	["CONFIG_AS_HAS_ARMV8_4=n"]	[]	[]	["board-io-security.sh"]
config:CONFIG_AS_HAS_LDAPR	config	["linux-aw2511@92c27523bfa57dc21acd843897c8949d549702c7:CONFIG_AS_HAS_LDAPR"]	mainline	["CONFIG_AS_HAS_LDAPR=n"]	["CONFIG_AS_HAS_LDAPR=n"]	[]	[]	["board-io-security.sh"]
config:CONFIG_AS_HAS_LSE_ATOMICS	config	["linux-aw2511@92c27523bfa57dc21acd843897c8949d549702c7:CONFIG_AS_HAS_LSE_ATOMICS"]	mainline	["CONFIG_AS_HAS_LSE_ATOMICS=n"]	["CONFIG_AS_HAS_LSE_ATOMICS=n"]	[]	[]	["board-io-security.sh"]
config:CONFIG_AS_HAS_NON_CONST_LEB128	config	["linux-aw2511@92c27523bfa57dc21acd843897c8949d549702c7:CONFIG_AS_HAS_NON_CONST_LEB128"]	mainline	["CONFIG_AS_HAS_NON_CONST_LEB128=n"]	["CONFIG_AS_HAS_NON_CONST_LEB128=n"]	[]	[]	["board-io-security.sh"]
config:CONFIG_AS_HAS_SHA3	config	["linux-aw2511@92c27523bfa57dc21acd843897c8949d549702c7:CONFIG_AS_HAS_SHA3"]	mainline	["CONFIG_AS_HAS_SHA3=n"]	["CONFIG_AS_HAS_SHA3=n"]	[]	[]	["board-io-security.sh"]
config:CONFIG_ATA	config	["linux-aw2511@92c27523bfa57dc21acd843897c8949d549702c7:CONFIG_ATA"]	mainline	[]	["CONFIG_ATA=y"]	[]	[]	[]
config:CONFIG_AUTOFS_FS	config	["linux-aw2511@92c27523bfa57dc21acd843897c8949d549702c7:CONFIG_AUTOFS_FS"]	mainline	[]	["CONFIG_AUTOFS_FS=y"]	[]	[]	[]
config:CONFIG_AW_AXP515_POWER	config	["linux-aw2511@92c27523bfa57dc21acd843897c8949d549702c7:CONFIG_AW_AXP515_POWER"]	ported-bsp	["CONFIG_AW_AXP515_POWER=n"]	["CONFIG_AW_AXP515_POWER=n"]	[]	[]	["board-io-security.sh"]
config:CONFIG_AW_AXP8191_TEMP_CTRL	config	["linux-aw2511@92c27523bfa57dc21acd843897c8949d549702c7:CONFIG_AW_AXP8191_TEMP_CTRL"]	ported-bsp	["CONFIG_AW_AXP8191_TEMP_CTRL=n"]	["CONFIG_AW_AXP8191_TEMP_CTRL=n"]	[]	[]	["board-io-security.sh"]
config:CONFIG_AW_BSP	config	["linux-aw2511@92c27523bfa57dc21acd843897c8949d549702c7:CONFIG_AW_BSP"]	ported-bsp	[]	["CONFIG_AW_BSP=y"]	[]	[]	["board-io-security.sh"]
config:CONFIG_AW_CADENCE_COMBOPHY	config	["linux-aw2511@92c27523bfa57dc21acd843897c8949d549702c7:CONFIG_AW_CADENCE_COMBOPHY"]	ported-bsp	["CONFIG_AW_CADENCE_COMBOPHY=n"]	["CONFIG_AW_CADENCE_COMBOPHY=n"]	[]	[]	["board-io-security.sh"]
config:CONFIG_AW_CCMU_DYNAMIC_DEBUG	config	["linux-aw2511@92c27523bfa57dc21acd843897c8949d549702c7:CONFIG_AW_CCMU_DYNAMIC_DEBUG"]	linux-sunxi	["CONFIG_AW_CCMU_DYNAMIC_DEBUG=n"]	["CONFIG_AW_CCMU_DYNAMIC_DEBUG=n"]	[]	[]	["board-io-security.sh"]
config:CONFIG_AW_CCU	config	["linux-aw2511@92c27523bfa57dc21acd843897c8949d549702c7:CONFIG_AW_CCU"]	linux-sunxi	["CONFIG_AW_CCU=n"]	["CONFIG_AW_CCU=n"]	[]	[]	["board-io-security.sh"]
config:CONFIG_AW_CCU_DEBUG	config	["linux-aw2511@92c27523bfa57dc21acd843897c8949d549702c7:CONFIG_AW_CCU_DEBUG"]	linux-sunxi	["CONFIG_AW_CCU_DEBUG=n"]	["CONFIG_AW_CCU_DEBUG=n"]	[]	[]	["board-io-security.sh"]
config:CONFIG_AW_CPUFREQ_DT	config	["linux-aw2511@92c27523bfa57dc21acd843897c8949d549702c7:CONFIG_AW_CPUFREQ_DT"]	ported-bsp	["CONFIG_AW_CPUFREQ_DT=n"]	["CONFIG_AW_CPUFREQ_DT=n"]	[]	[]	["clock-power-performance.sh"]
config:CONFIG_AW_CPUFREQ_DT_PLATDEV	config	["linux-aw2511@92c27523bfa57dc21acd843897c8949d549702c7:CONFIG_AW_CPUFREQ_DT_PLATDEV"]	ported-bsp	["CONFIG_AW_CPUFREQ_DT_PLATDEV=n"]	["CONFIG_AW_CPUFREQ_DT_PLATDEV=n"]	[]	[]	["clock-power-performance.sh"]
config:CONFIG_AW_CRASHDUMP	config	["linux-aw2511@92c27523bfa57dc21acd843897c8949d549702c7:CONFIG_AW_CRASHDUMP"]	ported-bsp	["CONFIG_AW_CRASHDUMP=n"]	["CONFIG_AW_CRASHDUMP=n"]	[]	[]	["board-io-security.sh"]
config:CONFIG_AW_DDR_CCU	config	["linux-aw2511@92c27523bfa57dc21acd843897c8949d549702c7:CONFIG_AW_DDR_CCU"]	linux-sunxi	["CONFIG_AW_DDR_CCU=n"]	["CONFIG_AW_DDR_CCU=n"]	[]	[]	["board-io-security.sh"]
config:CONFIG_AW_DI	config	["linux-aw2511@92c27523bfa57dc21acd843897c8949d549702c7:CONFIG_AW_DI"]	ported-bsp	["CONFIG_AW_DI=n"]	["CONFIG_AW_DI=n"]	[]	[]	["media-camera.sh"]
config:CONFIG_AW_DMA	config	["linux-aw2511@92c27523bfa57dc21acd843897c8949d549702c7:CONFIG_AW_DMA"]	linux-sunxi	["CONFIG_AW_DMA=n"]	["CONFIG_AW_DMA=n"]	[]	[]	["board-io-security.sh"]
config:CONFIG_AW_DMC_DEVFREQ	config	["linux-aw2511@92c27523bfa57dc21acd843897c8949d549702c7:CONFIG_AW_DMC_DEVFREQ"]	ported-bsp	["CONFIG_AW_DMC_DEVFREQ=n"]	["CONFIG_AW_DMC_DEVFREQ=n"]	[]	[]	["clock-power-performance.sh"]
config:CONFIG_AW_DRM	config	["linux-aw2511@92c27523bfa57dc21acd843897c8949d549702c7:CONFIG_AW_DRM"]	ported-bsp	["CONFIG_AW_DRM=n"]	["CONFIG_AW_DRM=n"]	[]	[]	["display-hdmi.sh"]
config:CONFIG_AW_DRM_DE	config	["linux-aw2511@92c27523bfa57dc21acd843897c8949d549702c7:CONFIG_AW_DRM_DE"]	ported-bsp	["CONFIG_AW_DRM_DE=n"]	["CONFIG_AW_DRM_DE=n"]	[]	[]	["display-hdmi.sh"]
config:CONFIG_AW_DRM_DP_HDCP	config	["linux-aw2511@92c27523bfa57dc21acd843897c8949d549702c7:CONFIG_AW_DRM_DP_HDCP"]	ported-bsp	["CONFIG_AW_DRM_DP_HDCP=n"]	["CONFIG_AW_DRM_DP_HDCP=n"]	[]	[]	["display-hdmi.sh"]
config:CONFIG_AW_DRM_DSI	config	["linux-aw2511@92c27523bfa57dc21acd843897c8949d549702c7:CONFIG_AW_DRM_DSI"]	ported-bsp	["CONFIG_AW_DRM_DSI=n"]	["CONFIG_AW_DRM_DSI=n"]	[]	[]	["display-hdmi.sh"]
config:CONFIG_AW_DRM_DSI_COMBOPHY	config	["linux-aw2511@92c27523bfa57dc21acd843897c8949d549702c7:CONFIG_AW_DRM_DSI_COMBOPHY"]	ported-bsp	["CONFIG_AW_DRM_DSI_COMBOPHY=n"]	["CONFIG_AW_DRM_DSI_COMBOPHY=n"]	[]	[]	["display-hdmi.sh"]
config:CONFIG_AW_DRM_EDP	config	["linux-aw2511@92c27523bfa57dc21acd843897c8949d549702c7:CONFIG_AW_DRM_EDP"]	ported-bsp	["CONFIG_AW_DRM_EDP=n"]	["CONFIG_AW_DRM_EDP=n"]	[]	[]	["display-hdmi.sh"]
config:CONFIG_AW_DRM_EDP_CONTROLLER_USED	config	["linux-aw2511@92c27523bfa57dc21acd843897c8949d549702c7:CONFIG_AW_DRM_EDP_CONTROLLER_USED"]	ported-bsp	["CONFIG_AW_DRM_EDP_CONTROLLER_USED=n"]	["CONFIG_AW_DRM_EDP_CONTROLLER_USED=n"]	[]	[]	["display-hdmi.sh"]
config:CONFIG_AW_DRM_HDMI20	config	["linux-aw2511@92c27523bfa57dc21acd843897c8949d549702c7:CONFIG_AW_DRM_HDMI20"]	ported-bsp	["CONFIG_AW_DRM_HDMI20=n"]	["CONFIG_AW_DRM_HDMI20=n"]	[]	[]	["display-hdmi.sh"]
config:CONFIG_AW_DRM_HDMI_TX	config	["linux-aw2511@92c27523bfa57dc21acd843897c8949d549702c7:CONFIG_AW_DRM_HDMI_TX"]	ported-bsp	["CONFIG_AW_DRM_HDMI_TX=n"]	["CONFIG_AW_DRM_HDMI_TX=n"]	[]	[]	["display-hdmi.sh"]
config:CONFIG_AW_DRM_LVDS	config	["linux-aw2511@92c27523bfa57dc21acd843897c8949d549702c7:CONFIG_AW_DRM_LVDS"]	ported-bsp	["CONFIG_AW_DRM_LVDS=n"]	["CONFIG_AW_DRM_LVDS=n"]	[]	[]	["display-hdmi.sh"]
config:CONFIG_AW_DRM_PANFROST	config	["linux-aw2511@92c27523bfa57dc21acd843897c8949d549702c7:CONFIG_AW_DRM_PANFROST"]	ported-bsp	["CONFIG_AW_DRM_PANFROST=n"]	["CONFIG_AW_DRM_PANFROST=n"]	[]	[]	["display-hdmi.sh"]
config:CONFIG_AW_DRM_PHY	config	["linux-aw2511@92c27523bfa57dc21acd843897c8949d549702c7:CONFIG_AW_DRM_PHY"]	ported-bsp	["CONFIG_AW_DRM_PHY=n"]	["CONFIG_AW_DRM_PHY=n"]	[]	[]	["display-hdmi.sh"]
config:CONFIG_AW_DRM_TCON	config	["linux-aw2511@92c27523bfa57dc21acd843897c8949d549702c7:CONFIG_AW_DRM_TCON"]	ported-bsp	["CONFIG_AW_DRM_TCON=n"]	["CONFIG_AW_DRM_TCON=n"]	[]	[]	["display-hdmi.sh"]
config:CONFIG_AW_DRM_TCON_TOP	config	["linux-aw2511@92c27523bfa57dc21acd843897c8949d549702c7:CONFIG_AW_DRM_TCON_TOP"]	ported-bsp	["CONFIG_AW_DRM_TCON_TOP=n"]	["CONFIG_AW_DRM_TCON_TOP=n"]	[]	[]	["display-hdmi.sh"]
config:CONFIG_AW_DRM_TCON_TV	config	["linux-aw2511@92c27523bfa57dc21acd843897c8949d549702c7:CONFIG_AW_DRM_TCON_TV"]	ported-bsp	["CONFIG_AW_DRM_TCON_TV=n"]	["CONFIG_AW_DRM_TCON_TV=n"]	[]	[]	["display-hdmi.sh"]
config:CONFIG_AW_DRM_TRILINEAR_EDP14	config	["linux-aw2511@92c27523bfa57dc21acd843897c8949d549702c7:CONFIG_AW_DRM_TRILINEAR_EDP14"]	ported-bsp	["CONFIG_AW_DRM_TRILINEAR_EDP14=n"]	["CONFIG_AW_DRM_TRILINEAR_EDP14=n"]	[]	[]	["display-hdmi.sh"]
config:CONFIG_AW_DUMP_REG	config	["linux-aw2511@92c27523bfa57dc21acd843897c8949d549702c7:CONFIG_AW_DUMP_REG"]	ported-bsp	["CONFIG_AW_DUMP_REG=n"]	["CONFIG_AW_DUMP_REG=n"]	[]	[]	["board-io-security.sh"]
config:CONFIG_AW_DWMAC_SUNXI	config	["linux-aw2511@92c27523bfa57dc21acd843897c8949d549702c7:CONFIG_AW_DWMAC_SUNXI"]	linux-sunxi	["CONFIG_AW_DWMAC_SUNXI=n"]	["CONFIG_AW_DWMAC_SUNXI=n"]	[]	[]	["board-io-security.sh"]
config:CONFIG_AW_EARLY_PRINTK	config	["linux-aw2511@92c27523bfa57dc21acd843897c8949d549702c7:CONFIG_AW_EARLY_PRINTK"]	mainline	["CONFIG_AW_EARLY_PRINTK=n"]	["CONFIG_AW_EARLY_PRINTK=n"]	[]	[]	["board-io-security.sh"]
config:CONFIG_AW_EVENT_DDR	config	["linux-aw2511@92c27523bfa57dc21acd843897c8949d549702c7:CONFIG_AW_EVENT_DDR"]	ported-bsp	["CONFIG_AW_EVENT_DDR=n"]	["CONFIG_AW_EVENT_DDR=n"]	[]	[]	["board-io-security.sh"]
config:CONFIG_AW_FB_CONSOLE	config	["linux-aw2511@92c27523bfa57dc21acd843897c8949d549702c7:CONFIG_AW_FB_CONSOLE"]	ported-bsp	["CONFIG_AW_FB_CONSOLE=n"]	["CONFIG_AW_FB_CONSOLE=n"]	[]	[]	["board-io-security.sh"]
config:CONFIG_AW_GMAC	config	["linux-aw2511@92c27523bfa57dc21acd843897c8949d549702c7:CONFIG_AW_GMAC"]	linux-sunxi	["CONFIG_AW_GMAC=n"]	["CONFIG_AW_GMAC=n"]	[]	[]	["gmac.sh"]
config:CONFIG_AW_GMAC_MDIO	config	["linux-aw2511@92c27523bfa57dc21acd843897c8949d549702c7:CONFIG_AW_GMAC_MDIO"]	linux-sunxi	["CONFIG_AW_GMAC_MDIO=n"]	["CONFIG_AW_GMAC_MDIO=n"]	[]	[]	["gmac.sh"]
config:CONFIG_AW_GMAC_METADATA	config	["linux-aw2511@92c27523bfa57dc21acd843897c8949d549702c7:CONFIG_AW_GMAC_METADATA"]	linux-sunxi	["CONFIG_AW_GMAC_METADATA=n"]	["CONFIG_AW_GMAC_METADATA=n"]	[]	[]	["gmac.sh"]
config:CONFIG_AW_GPADC	config	["linux-aw2511@92c27523bfa57dc21acd843897c8949d549702c7:CONFIG_AW_GPADC"]	ported-bsp	["CONFIG_AW_GPADC=n"]	["CONFIG_AW_GPADC=n"]	[]	[]	["board-io-security.sh"]
config:CONFIG_AW_GPADC_DYNAMIC_DEBUG	config	["linux-aw2511@92c27523bfa57dc21acd843897c8949d549702c7:CONFIG_AW_GPADC_DYNAMIC_DEBUG"]	ported-bsp	["CONFIG_AW_GPADC_DYNAMIC_DEBUG=n"]	["CONFIG_AW_GPADC_DYNAMIC_DEBUG=n"]	[]	[]	["board-io-security.sh"]
config:CONFIG_AW_HWSPINLOCK	config	["linux-aw2511@92c27523bfa57dc21acd843897c8949d549702c7:CONFIG_AW_HWSPINLOCK"]	ported-bsp	["CONFIG_AW_HWSPINLOCK=n"]	["CONFIG_AW_HWSPINLOCK=n"]	[]	[]	["board-io-security.sh"]
config:CONFIG_AW_IC_BOARD	config	["linux-aw2511@92c27523bfa57dc21acd843897c8949d549702c7:CONFIG_AW_IC_BOARD"]	ported-bsp	[]	["CONFIG_AW_IC_BOARD=y"]	[]	[]	["board-io-security.sh"]
config:CONFIG_AW_INPUT_AXP2101_PEK	config	["linux-aw2511@92c27523bfa57dc21acd843897c8949d549702c7:CONFIG_AW_INPUT_AXP2101_PEK"]	ported-bsp	["CONFIG_AW_INPUT_AXP2101_PEK=n"]	["CONFIG_AW_INPUT_AXP2101_PEK=n"]	[]	[]	["npu.sh"]
config:CONFIG_AW_INPUT_CTP	config	["linux-aw2511@92c27523bfa57dc21acd843897c8949d549702c7:CONFIG_AW_INPUT_CTP"]	ported-bsp	["CONFIG_AW_INPUT_CTP=n"]	["CONFIG_AW_INPUT_CTP=n"]	[]	[]	["npu.sh"]
config:CONFIG_AW_INPUT_MISC	config	["linux-aw2511@92c27523bfa57dc21acd843897c8949d549702c7:CONFIG_AW_INPUT_MISC"]	ported-bsp	["CONFIG_AW_INPUT_MISC=n"]	["CONFIG_AW_INPUT_MISC=n"]	[]	[]	["npu.sh"]
config:CONFIG_AW_INPUT_SENSOR	config	["linux-aw2511@92c27523bfa57dc21acd843897c8949d549702c7:CONFIG_AW_INPUT_SENSOR"]	ported-bsp	["CONFIG_AW_INPUT_SENSOR=n"]	["CONFIG_AW_INPUT_SENSOR=n"]	[]	[]	["npu.sh"]
config:CONFIG_AW_INPUT_SENSORINIT	config	["linux-aw2511@92c27523bfa57dc21acd843897c8949d549702c7:CONFIG_AW_INPUT_SENSORINIT"]	ported-bsp	["CONFIG_AW_INPUT_SENSORINIT=n"]	["CONFIG_AW_INPUT_SENSORINIT=n"]	[]	[]	["npu.sh"]
config:CONFIG_AW_IOMMU	config	["linux-aw2511@92c27523bfa57dc21acd843897c8949d549702c7:CONFIG_AW_IOMMU"]	ported-bsp	["CONFIG_AW_IOMMU=n"]	["CONFIG_AW_IOMMU=n"]	[]	[]	["clock-power-performance.sh"]
config:CONFIG_AW_IOMMU_V2	config	["linux-aw2511@92c27523bfa57dc21acd843897c8949d549702c7:CONFIG_AW_IOMMU_V2"]	ported-bsp	["CONFIG_AW_IOMMU_V2=n"]	["CONFIG_AW_IOMMU_V2=n"]	[]	[]	["clock-power-performance.sh"]
config:CONFIG_AW_KERNEL_ORIGIN	config	["linux-aw2511@92c27523bfa57dc21acd843897c8949d549702c7:CONFIG_AW_KERNEL_ORIGIN"]	ported-bsp	[]	["CONFIG_AW_KERNEL_ORIGIN=y"]	[]	[]	["board-io-security.sh"]
config:CONFIG_AW_MACADDR_MGT	config	["linux-aw2511@92c27523bfa57dc21acd843897c8949d549702c7:CONFIG_AW_MACADDR_MGT"]	ported-bsp	["CONFIG_AW_MACADDR_MGT=n"]	["CONFIG_AW_MACADDR_MGT=n"]	[]	[]	["board-io-security.sh"]
config:CONFIG_AW_MFD_AXP2101	config	["linux-aw2511@92c27523bfa57dc21acd843897c8949d549702c7:CONFIG_AW_MFD_AXP2101"]	ported-bsp	["CONFIG_AW_MFD_AXP2101=n"]	["CONFIG_AW_MFD_AXP2101=n"]	[]	[]	["board-io-security.sh"]
config:CONFIG_AW_MFD_AXP2101_I2C	config	["linux-aw2511@92c27523bfa57dc21acd843897c8949d549702c7:CONFIG_AW_MFD_AXP2101_I2C"]	ported-bsp	["CONFIG_AW_MFD_AXP2101_I2C=n"]	["CONFIG_AW_MFD_AXP2101_I2C=n"]	[]	[]	["board-io-security.sh"]
config:CONFIG_AW_MMC	config	["linux-aw2511@92c27523bfa57dc21acd843897c8949d549702c7:CONFIG_AW_MMC"]	linux-sunxi	["CONFIG_AW_MMC=n"]	["CONFIG_AW_MMC=n"]	[]	[]	["ufs.sh"]
config:CONFIG_AW_MMC_V4P00X	config	["linux-aw2511@92c27523bfa57dc21acd843897c8949d549702c7:CONFIG_AW_MMC_V4P00X"]	linux-sunxi	["CONFIG_AW_MMC_V4P00X=n"]	["CONFIG_AW_MMC_V4P00X=n"]	[]	[]	["ufs.sh"]
config:CONFIG_AW_MMC_V4P1X	config	["linux-aw2511@92c27523bfa57dc21acd843897c8949d549702c7:CONFIG_AW_MMC_V4P1X"]	linux-sunxi	["CONFIG_AW_MMC_V4P1X=n"]	["CONFIG_AW_MMC_V4P1X=n"]	[]	[]	["ufs.sh"]
config:CONFIG_AW_MMC_V4P5X	config	["linux-aw2511@92c27523bfa57dc21acd843897c8949d549702c7:CONFIG_AW_MMC_V4P5X"]	linux-sunxi	["CONFIG_AW_MMC_V4P5X=n"]	["CONFIG_AW_MMC_V4P5X=n"]	[]	[]	["ufs.sh"]
config:CONFIG_AW_MMC_V5P3X	config	["linux-aw2511@92c27523bfa57dc21acd843897c8949d549702c7:CONFIG_AW_MMC_V5P3X"]	linux-sunxi	["CONFIG_AW_MMC_V5P3X=n"]	["CONFIG_AW_MMC_V5P3X=n"]	[]	[]	["ufs.sh"]
config:CONFIG_AW_MSGBOX	config	["linux-aw2511@92c27523bfa57dc21acd843897c8949d549702c7:CONFIG_AW_MSGBOX"]	ported-bsp	["CONFIG_AW_MSGBOX=n"]	["CONFIG_AW_MSGBOX=n"]	[]	[]	["board-io-security.sh"]
config:CONFIG_AW_MTD	config	["linux-aw2511@92c27523bfa57dc21acd843897c8949d549702c7:CONFIG_AW_MTD"]	ported-bsp	["CONFIG_AW_MTD=n"]	["CONFIG_AW_MTD=n"]	[]	[]	["board-io-security.sh"]
config:CONFIG_AW_MTD_SPI_NOR_6_1	config	["linux-aw2511@92c27523bfa57dc21acd843897c8949d549702c7:CONFIG_AW_MTD_SPI_NOR_6_1"]	ported-bsp	["CONFIG_AW_MTD_SPI_NOR_6_1=n"]	["CONFIG_AW_MTD_SPI_NOR_6_1=n"]	[]	[]	["board-io-security.sh"]
config:CONFIG_AW_MTD_SPI_NOR_USE_4K_SECTORS	config	["linux-aw2511@92c27523bfa57dc21acd843897c8949d549702c7:CONFIG_AW_MTD_SPI_NOR_USE_4K_SECTORS"]	ported-bsp	["CONFIG_AW_MTD_SPI_NOR_USE_4K_SECTORS=n"]	["CONFIG_AW_MTD_SPI_NOR_USE_4K_SECTORS=n"]	[]	[]	["board-io-security.sh"]
config:CONFIG_AW_NNA_VIP	config	["linux-aw2511@92c27523bfa57dc21acd843897c8949d549702c7:CONFIG_AW_NNA_VIP"]	ported-bsp	["CONFIG_AW_NNA_VIP=n"]	["CONFIG_AW_NNA_VIP=n"]	[]	[]	["npu.sh"]
config:CONFIG_AW_NSI	config	["linux-aw2511@92c27523bfa57dc21acd843897c8949d549702c7:CONFIG_AW_NSI"]	ported-bsp	["CONFIG_AW_NSI=n"]	["CONFIG_AW_NSI=n"]	[]	[]	["board-io-security.sh"]
config:CONFIG_AW_PCIE_RC	config	["linux-aw2511@92c27523bfa57dc21acd843897c8949d549702c7:CONFIG_AW_PCIE_RC"]	ported-bsp	["CONFIG_AW_PCIE_RC=n"]	["CONFIG_AW_PCIE_RC=n"]	[]	[]	["pcie-nvme.sh"]
config:CONFIG_AW_PCK600_DOMAINS	config	["linux-aw2511@92c27523bfa57dc21acd843897c8949d549702c7:CONFIG_AW_PCK600_DOMAINS"]	mainline	["CONFIG_AW_PCK600_DOMAINS=n"]	["CONFIG_AW_PCK600_DOMAINS=n"]	[]	[]	["clock-power-performance.sh"]
config:CONFIG_AW_PINCTRL	config	["linux-aw2511@92c27523bfa57dc21acd843897c8949d549702c7:CONFIG_AW_PINCTRL"]	linux-sunxi	["CONFIG_AW_PINCTRL=n"]	["CONFIG_AW_PINCTRL=n"]	[]	[]	["board-io-security.sh"]
config:CONFIG_AW_PINCTRL_DYNAMIC_DEBUG	config	["linux-aw2511@92c27523bfa57dc21acd843897c8949d549702c7:CONFIG_AW_PINCTRL_DYNAMIC_DEBUG"]	linux-sunxi	["CONFIG_AW_PINCTRL_DYNAMIC_DEBUG=n"]	["CONFIG_AW_PINCTRL_DYNAMIC_DEBUG=n"]	[]	[]	["board-io-security.sh"]
config:CONFIG_AW_PINCTRL_SUN60IW2	config	["linux-aw2511@92c27523bfa57dc21acd843897c8949d549702c7:CONFIG_AW_PINCTRL_SUN60IW2"]	linux-sunxi	["CONFIG_AW_PINCTRL_SUN60IW2=n"]	["CONFIG_AW_PINCTRL_SUN60IW2=n"]	[]	[]	["board-io-security.sh"]
config:CONFIG_AW_PINCTRL_SUN60IW2_R	config	["linux-aw2511@92c27523bfa57dc21acd843897c8949d549702c7:CONFIG_AW_PINCTRL_SUN60IW2_R"]	linux-sunxi	["CONFIG_AW_PINCTRL_SUN60IW2_R=n"]	["CONFIG_AW_PINCTRL_SUN60IW2_R=n"]	[]	[]	["board-io-security.sh"]
config:CONFIG_AW_PM_DOMAINS	config	["linux-aw2511@92c27523bfa57dc21acd843897c8949d549702c7:CONFIG_AW_PM_DOMAINS"]	ported-bsp	["CONFIG_AW_PM_DOMAINS=n"]	["CONFIG_AW_PM_DOMAINS=n"]	[]	[]	["board-io-security.sh"]
config:CONFIG_AW_POWER_DEBUG	config	["linux-aw2511@92c27523bfa57dc21acd843897c8949d549702c7:CONFIG_AW_POWER_DEBUG"]	ported-bsp	["CONFIG_AW_POWER_DEBUG=n"]	["CONFIG_AW_POWER_DEBUG=n"]	[]	[]	["board-io-security.sh"]
config:CONFIG_AW_POWER_DOMAIN_TEST	config	["linux-aw2511@92c27523bfa57dc21acd843897c8949d549702c7:CONFIG_AW_POWER_DOMAIN_TEST"]	ported-bsp	["CONFIG_AW_POWER_DOMAIN_TEST=n"]	["CONFIG_AW_POWER_DOMAIN_TEST=n"]	[]	[]	["board-io-security.sh"]
config:CONFIG_AW_POWER_NOTIFIER	config	["linux-aw2511@92c27523bfa57dc21acd843897c8949d549702c7:CONFIG_AW_POWER_NOTIFIER"]	ported-bsp	["CONFIG_AW_POWER_NOTIFIER=n"]	["CONFIG_AW_POWER_NOTIFIER=n"]	[]	[]	["board-io-security.sh"]
config:CONFIG_AW_POWER_SUPPLY_CTRL	config	["linux-aw2511@92c27523bfa57dc21acd843897c8949d549702c7:CONFIG_AW_POWER_SUPPLY_CTRL"]	ported-bsp	["CONFIG_AW_POWER_SUPPLY_CTRL=n"]	["CONFIG_AW_POWER_SUPPLY_CTRL=n"]	[]	[]	["board-io-security.sh"]
config:CONFIG_AW_POWER_TEMP_CTRL	config	["linux-aw2511@92c27523bfa57dc21acd843897c8949d549702c7:CONFIG_AW_POWER_TEMP_CTRL"]	ported-bsp	["CONFIG_AW_POWER_TEMP_CTRL=n"]	["CONFIG_AW_POWER_TEMP_CTRL=n"]	[]	[]	["board-io-security.sh"]
config:CONFIG_AW_PWM	config	["linux-aw2511@92c27523bfa57dc21acd843897c8949d549702c7:CONFIG_AW_PWM"]	ported-bsp	["CONFIG_AW_PWM=n"]	["CONFIG_AW_PWM=n"]	[]	[]	["board-io-security.sh"]
config:CONFIG_AW_REGULATOR_AXP2101	config	["linux-aw2511@92c27523bfa57dc21acd843897c8949d549702c7:CONFIG_AW_REGULATOR_AXP2101"]	ported-bsp	["CONFIG_AW_REGULATOR_AXP2101=n"]	["CONFIG_AW_REGULATOR_AXP2101=n"]	[]	[]	["clock-power-performance.sh"]
config:CONFIG_AW_RFKILL	config	["linux-aw2511@92c27523bfa57dc21acd843897c8949d549702c7:CONFIG_AW_RFKILL"]	ported-bsp	["CONFIG_AW_RFKILL=n"]	["CONFIG_AW_RFKILL=n"]	[]	[]	["wifi-bluetooth.sh"]
config:CONFIG_AW_RTC	config	["linux-aw2511@92c27523bfa57dc21acd843897c8949d549702c7:CONFIG_AW_RTC"]	linux-sunxi	["CONFIG_AW_RTC=n"]	["CONFIG_AW_RTC=n"]	[]	[]	["board-io-security.sh"]
config:CONFIG_AW_RTC_CCU	config	["linux-aw2511@92c27523bfa57dc21acd843897c8949d549702c7:CONFIG_AW_RTC_CCU"]	linux-sunxi	["CONFIG_AW_RTC_CCU=n"]	["CONFIG_AW_RTC_CCU=n"]	[]	[]	["board-io-security.sh"]
config:CONFIG_AW_RTC_POWEROFF_ALARM	config	["linux-aw2511@92c27523bfa57dc21acd843897c8949d549702c7:CONFIG_AW_RTC_POWEROFF_ALARM"]	linux-sunxi	["CONFIG_AW_RTC_POWEROFF_ALARM=n"]	["CONFIG_AW_RTC_POWEROFF_ALARM=n"]	[]	[]	["board-io-security.sh"]
config:CONFIG_AW_RTC_REBOOT_FLAG	config	["linux-aw2511@92c27523bfa57dc21acd843897c8949d549702c7:CONFIG_AW_RTC_REBOOT_FLAG"]	linux-sunxi	["CONFIG_AW_RTC_REBOOT_FLAG=n"]	["CONFIG_AW_RTC_REBOOT_FLAG=n"]	[]	[]	["board-io-security.sh"]
config:CONFIG_AW_SERIAL_CONSOLE	config	["linux-aw2511@92c27523bfa57dc21acd843897c8949d549702c7:CONFIG_AW_SERIAL_CONSOLE"]	mainline	["CONFIG_AW_SERIAL_CONSOLE=n"]	["CONFIG_AW_SERIAL_CONSOLE=n"]	[]	[]	["serial-ramoops-watchdog.sh"]
config:CONFIG_AW_SID	config	["linux-aw2511@92c27523bfa57dc21acd843897c8949d549702c7:CONFIG_AW_SID"]	ported-bsp	["CONFIG_AW_SID=n"]	["CONFIG_AW_SID=n"]	[]	[]	["board-io-security.sh"]
config:CONFIG_AW_SMC	config	["linux-aw2511@92c27523bfa57dc21acd843897c8949d549702c7:CONFIG_AW_SMC"]	ported-bsp	["CONFIG_AW_SMC=n"]	["CONFIG_AW_SMC=n"]	[]	[]	["board-io-security.sh"]
config:CONFIG_AW_SPI_NG	config	["linux-aw2511@92c27523bfa57dc21acd843897c8949d549702c7:CONFIG_AW_SPI_NG"]	ported-bsp	["CONFIG_AW_SPI_NG=n"]	["CONFIG_AW_SPI_NG=n"]	[]	[]	["board-io-security.sh"]
config:CONFIG_AW_SPI_NG_ATOMIC_XFER	config	["linux-aw2511@92c27523bfa57dc21acd843897c8949d549702c7:CONFIG_AW_SPI_NG_ATOMIC_XFER"]	ported-bsp	["CONFIG_AW_SPI_NG_ATOMIC_XFER=n"]	["CONFIG_AW_SPI_NG_ATOMIC_XFER=n"]	[]	[]	["board-io-security.sh"]
config:CONFIG_AW_SPI_NG_BIT	config	["linux-aw2511@92c27523bfa57dc21acd843897c8949d549702c7:CONFIG_AW_SPI_NG_BIT"]	ported-bsp	["CONFIG_AW_SPI_NG_BIT=n"]	["CONFIG_AW_SPI_NG_BIT=n"]	[]	[]	["board-io-security.sh"]
config:CONFIG_AW_SPI_NG_CAMERA	config	["linux-aw2511@92c27523bfa57dc21acd843897c8949d549702c7:CONFIG_AW_SPI_NG_CAMERA"]	ported-bsp	["CONFIG_AW_SPI_NG_CAMERA=n"]	["CONFIG_AW_SPI_NG_CAMERA=n"]	[]	[]	["board-io-security.sh"]
config:CONFIG_AW_SPI_NG_DBI	config	["linux-aw2511@92c27523bfa57dc21acd843897c8949d549702c7:CONFIG_AW_SPI_NG_DBI"]	ported-bsp	["CONFIG_AW_SPI_NG_DBI=n"]	["CONFIG_AW_SPI_NG_DBI=n"]	[]	[]	["board-io-security.sh"]
config:CONFIG_AW_SPI_SLAVETEST	config	["linux-aw2511@92c27523bfa57dc21acd843897c8949d549702c7:CONFIG_AW_SPI_SLAVETEST"]	ported-bsp	["CONFIG_AW_SPI_SLAVETEST=n"]	["CONFIG_AW_SPI_SLAVETEST=n"]	[]	[]	["board-io-security.sh"]
config:CONFIG_AW_STANDARD_CCU	config	["linux-aw2511@92c27523bfa57dc21acd843897c8949d549702c7:CONFIG_AW_STANDARD_CCU"]	linux-sunxi	["CONFIG_AW_STANDARD_CCU=n"]	["CONFIG_AW_STANDARD_CCU=n"]	[]	[]	["board-io-security.sh"]
config:CONFIG_AW_STANDBY_DEBUG	config	["linux-aw2511@92c27523bfa57dc21acd843897c8949d549702c7:CONFIG_AW_STANDBY_DEBUG"]	ported-bsp	["CONFIG_AW_STANDBY_DEBUG=n"]	["CONFIG_AW_STANDBY_DEBUG=n"]	[]	[]	["board-io-security.sh"]
config:CONFIG_AW_STMMAC_ETH	config	["linux-aw2511@92c27523bfa57dc21acd843897c8949d549702c7:CONFIG_AW_STMMAC_ETH"]	linux-sunxi	["CONFIG_AW_STMMAC_ETH=n"]	["CONFIG_AW_STMMAC_ETH=n"]	[]	[]	["gmac.sh"]
config:CONFIG_AW_SUN60IW2_CCU	config	["linux-aw2511@92c27523bfa57dc21acd843897c8949d549702c7:CONFIG_AW_SUN60IW2_CCU"]	linux-sunxi	["CONFIG_AW_SUN60IW2_CCU=n"]	["CONFIG_AW_SUN60IW2_CCU=n"]	[]	[]	["board-io-security.sh"]
config:CONFIG_AW_SUN60IW2_R_CCU	config	["linux-aw2511@92c27523bfa57dc21acd843897c8949d549702c7:CONFIG_AW_SUN60IW2_R_CCU"]	linux-sunxi	["CONFIG_AW_SUN60IW2_R_CCU=n"]	["CONFIG_AW_SUN60IW2_R_CCU=n"]	[]	[]	["board-io-security.sh"]
config:CONFIG_AW_SUN8I_NMI	config	["linux-aw2511@92c27523bfa57dc21acd843897c8949d549702c7:CONFIG_AW_SUN8I_NMI"]	ported-bsp	["CONFIG_AW_SUN8I_NMI=n"]	["CONFIG_AW_SUN8I_NMI=n"]	[]	[]	["board-io-security.sh"]
config:CONFIG_AW_SYS_INFO	config	["linux-aw2511@92c27523bfa57dc21acd843897c8949d549702c7:CONFIG_AW_SYS_INFO"]	ported-bsp	["CONFIG_AW_SYS_INFO=n"]	["CONFIG_AW_SYS_INFO=n"]	[]	[]	["board-io-security.sh"]
config:CONFIG_AW_THERMAL	config	["linux-aw2511@92c27523bfa57dc21acd843897c8949d549702c7:CONFIG_AW_THERMAL"]	ported-bsp	["CONFIG_AW_THERMAL=n"]	["CONFIG_AW_THERMAL=n"]	[]	[]	["clock-power-performance.sh"]
config:CONFIG_AW_TIMER_DYNAMIC_DEBUG	config	["linux-aw2511@92c27523bfa57dc21acd843897c8949d549702c7:CONFIG_AW_TIMER_DYNAMIC_DEBUG"]	ported-bsp	["CONFIG_AW_TIMER_DYNAMIC_DEBUG=n"]	["CONFIG_AW_TIMER_DYNAMIC_DEBUG=n"]	[]	[]	["board-io-security.sh"]
config:CONFIG_AW_TIMER_SUN50I	config	["linux-aw2511@92c27523bfa57dc21acd843897c8949d549702c7:CONFIG_AW_TIMER_SUN50I"]	ported-bsp	["CONFIG_AW_TIMER_SUN50I=n"]	["CONFIG_AW_TIMER_SUN50I=n"]	[]	[]	["board-io-security.sh"]
config:CONFIG_AW_TWI	config	["linux-aw2511@92c27523bfa57dc21acd843897c8949d549702c7:CONFIG_AW_TWI"]	ported-bsp	["CONFIG_AW_TWI=n"]	["CONFIG_AW_TWI=n"]	[]	[]	["board-io-security.sh"]
config:CONFIG_AW_TYPEC_HUSB311	config	["linux-aw2511@92c27523bfa57dc21acd843897c8949d549702c7:CONFIG_AW_TYPEC_HUSB311"]	ported-bsp	["CONFIG_AW_TYPEC_HUSB311=n"]	["CONFIG_AW_TYPEC_HUSB311=n"]	[]	[]	["usb-typec.sh"]
config:CONFIG_AW_UART_DYNAMIC_DEBUG	config	["linux-aw2511@92c27523bfa57dc21acd843897c8949d549702c7:CONFIG_AW_UART_DYNAMIC_DEBUG"]	mainline	["CONFIG_AW_UART_DYNAMIC_DEBUG=n"]	["CONFIG_AW_UART_DYNAMIC_DEBUG=n"]	[]	[]	["serial-ramoops-watchdog.sh"]
config:CONFIG_AW_UART_NG	config	["linux-aw2511@92c27523bfa57dc21acd843897c8949d549702c7:CONFIG_AW_UART_NG"]	mainline	["CONFIG_AW_UART_NG=n"]	["CONFIG_AW_UART_NG=n"]	[]	[]	["serial-ramoops-watchdog.sh"]
config:CONFIG_AW_UFS	config	["linux-aw2511@92c27523bfa57dc21acd843897c8949d549702c7:CONFIG_AW_UFS"]	ported-bsp	["CONFIG_AW_UFS=n"]	["CONFIG_AW_UFS=n"]	[]	[]	["ufs.sh"]
config:CONFIG_AW_USB_POWER_CTRL	config	["linux-aw2511@92c27523bfa57dc21acd843897c8949d549702c7:CONFIG_AW_USB_POWER_CTRL"]	ported-bsp	["CONFIG_AW_USB_POWER_CTRL=n"]	["CONFIG_AW_USB_POWER_CTRL=n"]	[]	[]	["usb-typec.sh"]
config:CONFIG_AW_VIDEO_ENCODER_DECODER	config	["linux-aw2511@92c27523bfa57dc21acd843897c8949d549702c7:CONFIG_AW_VIDEO_ENCODER_DECODER"]	ported-bsp	["CONFIG_AW_VIDEO_ENCODER_DECODER=n"]	["CONFIG_AW_VIDEO_ENCODER_DECODER=n"]	[]	[]	["media-camera.sh"]
config:CONFIG_AW_VIDEO_KERNEL_DEC	config	["linux-aw2511@92c27523bfa57dc21acd843897c8949d549702c7:CONFIG_AW_VIDEO_KERNEL_DEC"]	ported-bsp	["CONFIG_AW_VIDEO_KERNEL_DEC=n"]	["CONFIG_AW_VIDEO_KERNEL_DEC=n"]	[]	[]	["media-camera.sh"]
config:CONFIG_AW_VIDEO_KERNEL_ENC	config	["linux-aw2511@92c27523bfa57dc21acd843897c8949d549702c7:CONFIG_AW_VIDEO_KERNEL_ENC"]	ported-bsp	["CONFIG_AW_VIDEO_KERNEL_ENC=n"]	["CONFIG_AW_VIDEO_KERNEL_ENC=n"]	[]	[]	["media-camera.sh"]
config:CONFIG_AW_VIDEO_SUNXI_VIN	config	["linux-aw2511@92c27523bfa57dc21acd843897c8949d549702c7:CONFIG_AW_VIDEO_SUNXI_VIN"]	ported-bsp	["CONFIG_AW_VIDEO_SUNXI_VIN=n"]	["CONFIG_AW_VIDEO_SUNXI_VIN=n"]	[]	[]	["media-camera.sh"]
config:CONFIG_AW_WAKEUPGEN	config	["linux-aw2511@92c27523bfa57dc21acd843897c8949d549702c7:CONFIG_AW_WAKEUPGEN"]	ported-bsp	["CONFIG_AW_WAKEUPGEN=n"]	["CONFIG_AW_WAKEUPGEN=n"]	[]	[]	["board-io-security.sh"]
config:CONFIG_AW_WATCHDOG	config	["linux-aw2511@92c27523bfa57dc21acd843897c8949d549702c7:CONFIG_AW_WATCHDOG"]	ported-bsp	["CONFIG_AW_WATCHDOG=n"]	["CONFIG_AW_WATCHDOG=n"]	[]	[]	["serial-ramoops-watchdog.sh"]
config:CONFIG_BACKLIGHT_CLASS_DEVICE	config	["linux-aw2511@92c27523bfa57dc21acd843897c8949d549702c7:CONFIG_BACKLIGHT_CLASS_DEVICE"]	mainline	[]	["CONFIG_BACKLIGHT_CLASS_DEVICE=m"]	[]	[]	[]
config:CONFIG_BACKLIGHT_PWM	config	["linux-aw2511@92c27523bfa57dc21acd843897c8949d549702c7:CONFIG_BACKLIGHT_PWM"]	mainline	[]	["CONFIG_BACKLIGHT_PWM=m"]	[]	[]	[]
config:CONFIG_BASE_FULL	config	["linux-aw2511@92c27523bfa57dc21acd843897c8949d549702c7:CONFIG_BASE_FULL"]	mainline	["CONFIG_BASE_FULL=n"]	["CONFIG_BASE_FULL=n"]	[]	[]	["board-io-security.sh"]
config:CONFIG_BINFMT_MISC	config	["linux-aw2511@92c27523bfa57dc21acd843897c8949d549702c7:CONFIG_BINFMT_MISC"]	mainline	["CONFIG_BINFMT_MISC=n"]	["CONFIG_BINFMT_MISC=n"]	[]	[]	["board-io-security.sh"]
config:CONFIG_BLK_DEV_LOOP	config	["linux-aw2511@92c27523bfa57dc21acd843897c8949d549702c7:CONFIG_BLK_DEV_LOOP"]	mainline	[]	["CONFIG_BLK_DEV_LOOP=y"]	[]	[]	[]
config:CONFIG_BLK_DEV_NVME	config	["linux-aw2511@92c27523bfa57dc21acd843897c8949d549702c7:CONFIG_BLK_DEV_NVME"]	mainline	[]	["CONFIG_BLK_DEV_NVME=m"]	[]	[]	[]
config:CONFIG_BLK_DEV_RAM	config	["linux-aw2511@92c27523bfa57dc21acd843897c8949d549702c7:CONFIG_BLK_DEV_RAM"]	mainline	["CONFIG_BLK_DEV_RAM=n"]	["CONFIG_BLK_DEV_RAM=n"]	[]	[]	["board-io-security.sh"]
config:CONFIG_BLK_DEV_RBD	config	["linux-aw2511@92c27523bfa57dc21acd843897c8949d549702c7:CONFIG_BLK_DEV_RBD"]	mainline	["CONFIG_BLK_DEV_RBD=n"]	["CONFIG_BLK_DEV_RBD=n"]	[]	[]	["board-io-security.sh"]
config:CONFIG_BLK_DEV_THROTTLING	config	["linux-aw2511@92c27523bfa57dc21acd843897c8949d549702c7:CONFIG_BLK_DEV_THROTTLING"]	mainline	["CONFIG_BLK_DEV_THROTTLING=n"]	["CONFIG_BLK_DEV_THROTTLING=n"]	[]	[]	["board-io-security.sh"]
config:CONFIG_BLK_MQ_PCI	config	["linux-aw2511@92c27523bfa57dc21acd843897c8949d549702c7:CONFIG_BLK_MQ_PCI"]	mainline	["CONFIG_BLK_MQ_PCI=n"]	["CONFIG_BLK_MQ_PCI=n"]	[]	[]	["board-io-security.sh"]
config:CONFIG_BONDING	config	["linux-aw2511@92c27523bfa57dc21acd843897c8949d549702c7:CONFIG_BONDING"]	mainline	["CONFIG_BONDING=n"]	["CONFIG_BONDING=n"]	[]	[]	["board-io-security.sh"]
config:CONFIG_BOOTTIME_TRACING	config	["linux-aw2511@92c27523bfa57dc21acd843897c8949d549702c7:CONFIG_BOOTTIME_TRACING"]	mainline	["CONFIG_BOOTTIME_TRACING=n"]	["CONFIG_BOOTTIME_TRACING=n"]	[]	[]	["board-io-security.sh"]
config:CONFIG_BOOT_CONFIG	config	["linux-aw2511@92c27523bfa57dc21acd843897c8949d549702c7:CONFIG_BOOT_CONFIG"]	mainline	["CONFIG_BOOT_CONFIG=n"]	["CONFIG_BOOT_CONFIG=n"]	[]	[]	["board-io-security.sh"]
config:CONFIG_BPFILTER	config	["linux-aw2511@92c27523bfa57dc21acd843897c8949d549702c7:CONFIG_BPFILTER"]	mainline	["CONFIG_BPFILTER=n"]	["CONFIG_BPFILTER=n"]	[]	[]	["k3s-cilium.sh"]
config:CONFIG_BPFILTER_UMH	config	["linux-aw2511@92c27523bfa57dc21acd843897c8949d549702c7:CONFIG_BPFILTER_UMH"]	mainline	["CONFIG_BPFILTER_UMH=n"]	["CONFIG_BPFILTER_UMH=n"]	[]	[]	["k3s-cilium.sh"]
config:CONFIG_BPF_EVENTS	config	["linux-aw2511@92c27523bfa57dc21acd843897c8949d549702c7:CONFIG_BPF_EVENTS"]	mainline	["CONFIG_BPF_EVENTS=n"]	["CONFIG_BPF_EVENTS=n"]	[]	[]	["k3s-cilium.sh"]
config:CONFIG_BRANCH_PROFILE_NONE	config	["linux-aw2511@92c27523bfa57dc21acd843897c8949d549702c7:CONFIG_BRANCH_PROFILE_NONE"]	mainline	["CONFIG_BRANCH_PROFILE_NONE=n"]	["CONFIG_BRANCH_PROFILE_NONE=n"]	[]	[]	["board-io-security.sh"]
config:CONFIG_BT_ATH3K	config	["linux-aw2511@92c27523bfa57dc21acd843897c8949d549702c7:CONFIG_BT_ATH3K"]	mainline	["CONFIG_BT_ATH3K=n"]	["CONFIG_BT_ATH3K=n"]	[]	[]	["wifi-bluetooth.sh"]
config:CONFIG_BT_BNEP	config	["linux-aw2511@92c27523bfa57dc21acd843897c8949d549702c7:CONFIG_BT_BNEP"]	mainline	["CONFIG_BT_BNEP=n"]	["CONFIG_BT_BNEP=n"]	[]	[]	["wifi-bluetooth.sh"]
config:CONFIG_BT_DEBUGFS	config	["linux-aw2511@92c27523bfa57dc21acd843897c8949d549702c7:CONFIG_BT_DEBUGFS"]	mainline	["CONFIG_BT_DEBUGFS=n"]	["CONFIG_BT_DEBUGFS=n"]	[]	[]	["wifi-bluetooth.sh"]
config:CONFIG_BT_HCIBTSDIO	config	["linux-aw2511@92c27523bfa57dc21acd843897c8949d549702c7:CONFIG_BT_HCIBTSDIO"]	mainline	["CONFIG_BT_HCIBTSDIO=n"]	["CONFIG_BT_HCIBTSDIO=n"]	[]	[]	["wifi-bluetooth.sh"]
config:CONFIG_BT_HCIUART_3WIRE	config	["linux-aw2511@92c27523bfa57dc21acd843897c8949d549702c7:CONFIG_BT_HCIUART_3WIRE"]	mainline	["CONFIG_BT_HCIUART_3WIRE=n"]	["CONFIG_BT_HCIUART_3WIRE=n"]	[]	[]	["wifi-bluetooth.sh"]
config:CONFIG_BT_HCIUART_RTL	config	["linux-aw2511@92c27523bfa57dc21acd843897c8949d549702c7:CONFIG_BT_HCIUART_RTL"]	mainline	["CONFIG_BT_HCIUART_RTL=n"]	["CONFIG_BT_HCIUART_RTL=n"]	[]	[]	["wifi-bluetooth.sh"]
config:CONFIG_BT_LE	config	["linux-aw2511@92c27523bfa57dc21acd843897c8949d549702c7:CONFIG_BT_LE"]	mainline	["CONFIG_BT_LE=n"]	["CONFIG_BT_LE=n"]	[]	[]	["wifi-bluetooth.sh"]
config:CONFIG_BT_LE_L2CAP_ECRED	config	["linux-aw2511@92c27523bfa57dc21acd843897c8949d549702c7:CONFIG_BT_LE_L2CAP_ECRED"]	mainline	["CONFIG_BT_LE_L2CAP_ECRED=n"]	["CONFIG_BT_LE_L2CAP_ECRED=n"]	[]	[]	["wifi-bluetooth.sh"]
config:CONFIG_BT_MTKSDIO	config	["linux-aw2511@92c27523bfa57dc21acd843897c8949d549702c7:CONFIG_BT_MTKSDIO"]	mainline	["CONFIG_BT_MTKSDIO=n"]	["CONFIG_BT_MTKSDIO=n"]	[]	[]	["wifi-bluetooth.sh"]
config:CONFIG_BT_RFCOMM	config	["linux-aw2511@92c27523bfa57dc21acd843897c8949d549702c7:CONFIG_BT_RFCOMM"]	mainline	["CONFIG_BT_RFCOMM=n"]	["CONFIG_BT_RFCOMM=n"]	[]	[]	["wifi-bluetooth.sh"]
config:CONFIG_BT_RFCOMM_TTY	config	["linux-aw2511@92c27523bfa57dc21acd843897c8949d549702c7:CONFIG_BT_RFCOMM_TTY"]	mainline	["CONFIG_BT_RFCOMM_TTY=n"]	["CONFIG_BT_RFCOMM_TTY=n"]	[]	[]	["wifi-bluetooth.sh"]
config:CONFIG_CC_HAS_SANCOV_TRACE_PC	config	["linux-aw2511@92c27523bfa57dc21acd843897c8949d549702c7:CONFIG_CC_HAS_SANCOV_TRACE_PC"]	mainline	["CONFIG_CC_HAS_SANCOV_TRACE_PC=n"]	["CONFIG_CC_HAS_SANCOV_TRACE_PC=n"]	[]	[]	["board-io-security.sh"]
config:CONFIG_CC_HAS_SIGN_RETURN_ADDRESS	config	["linux-aw2511@92c27523bfa57dc21acd843897c8949d549702c7:CONFIG_CC_HAS_SIGN_RETURN_ADDRESS"]	mainline	["CONFIG_CC_HAS_SIGN_RETURN_ADDRESS=n"]	["CONFIG_CC_HAS_SIGN_RETURN_ADDRESS=n"]	[]	[]	["board-io-security.sh"]
config:CONFIG_CEC_CORE	config	["linux-aw2511@92c27523bfa57dc21acd843897c8949d549702c7:CONFIG_CEC_CORE"]	mainline	[]	["CONFIG_CEC_CORE=m"]	[]	[]	[]
config:CONFIG_CEPH_FS	config	["linux-aw2511@92c27523bfa57dc21acd843897c8949d549702c7:CONFIG_CEPH_FS"]	mainline	["CONFIG_CEPH_FS=n"]	["CONFIG_CEPH_FS=n"]	[]	[]	["board-io-security.sh"]
config:CONFIG_CEPH_LIB	config	["linux-aw2511@92c27523bfa57dc21acd843897c8949d549702c7:CONFIG_CEPH_LIB"]	mainline	["CONFIG_CEPH_LIB=n"]	["CONFIG_CEPH_LIB=n"]	[]	[]	["board-io-security.sh"]
config:CONFIG_CFG80211_WEXT	config	["linux-aw2511@92c27523bfa57dc21acd843897c8949d549702c7:CONFIG_CFG80211_WEXT"]	mainline	["CONFIG_CFG80211_WEXT=n"]	["CONFIG_CFG80211_WEXT=n"]	[]	[]	["board-io-security.sh"]
config:CONFIG_CFS_BANDWIDTH	config	["linux-aw2511@92c27523bfa57dc21acd843897c8949d549702c7:CONFIG_CFS_BANDWIDTH"]	mainline	["CONFIG_CFS_BANDWIDTH=n"]	["CONFIG_CFS_BANDWIDTH=n"]	[]	[]	["board-io-security.sh"]
config:CONFIG_CGROUP_NET_CLASSID	config	["linux-aw2511@92c27523bfa57dc21acd843897c8949d549702c7:CONFIG_CGROUP_NET_CLASSID"]	mainline	["CONFIG_CGROUP_NET_CLASSID=n"]	["CONFIG_CGROUP_NET_CLASSID=n"]	[]	[]	["k3s-cilium.sh"]
config:CONFIG_CGROUP_NET_PRIO	config	["linux-aw2511@92c27523bfa57dc21acd843897c8949d549702c7:CONFIG_CGROUP_NET_PRIO"]	mainline	["CONFIG_CGROUP_NET_PRIO=n"]	["CONFIG_CGROUP_NET_PRIO=n"]	[]	[]	["k3s-cilium.sh"]
config:CONFIG_CIFS	config	["linux-aw2511@92c27523bfa57dc21acd843897c8949d549702c7:CONFIG_CIFS"]	mainline	["CONFIG_CIFS=n"]	["CONFIG_CIFS=n"]	[]	[]	["board-io-security.sh"]
config:CONFIG_CIFS_ALLOW_INSECURE_LEGACY	config	["linux-aw2511@92c27523bfa57dc21acd843897c8949d549702c7:CONFIG_CIFS_ALLOW_INSECURE_LEGACY"]	mainline	["CONFIG_CIFS_ALLOW_INSECURE_LEGACY=n"]	["CONFIG_CIFS_ALLOW_INSECURE_LEGACY=n"]	[]	[]	["board-io-security.sh"]
config:CONFIG_CIFS_DFS_UPCALL	config	["linux-aw2511@92c27523bfa57dc21acd843897c8949d549702c7:CONFIG_CIFS_DFS_UPCALL"]	mainline	["CONFIG_CIFS_DFS_UPCALL=n"]	["CONFIG_CIFS_DFS_UPCALL=n"]	[]	[]	["board-io-security.sh"]
config:CONFIG_CIFS_POSIX	config	["linux-aw2511@92c27523bfa57dc21acd843897c8949d549702c7:CONFIG_CIFS_POSIX"]	mainline	["CONFIG_CIFS_POSIX=n"]	["CONFIG_CIFS_POSIX=n"]	[]	[]	["board-io-security.sh"]
config:CONFIG_CIFS_STATS2	config	["linux-aw2511@92c27523bfa57dc21acd843897c8949d549702c7:CONFIG_CIFS_STATS2"]	mainline	["CONFIG_CIFS_STATS2=n"]	["CONFIG_CIFS_STATS2=n"]	[]	[]	["board-io-security.sh"]
config:CONFIG_CIFS_UPCALL	config	["linux-aw2511@92c27523bfa57dc21acd843897c8949d549702c7:CONFIG_CIFS_UPCALL"]	mainline	["CONFIG_CIFS_UPCALL=n"]	["CONFIG_CIFS_UPCALL=n"]	[]	[]	["board-io-security.sh"]
config:CONFIG_CIFS_XATTR	config	["linux-aw2511@92c27523bfa57dc21acd843897c8949d549702c7:CONFIG_CIFS_XATTR"]	mainline	["CONFIG_CIFS_XATTR=n"]	["CONFIG_CIFS_XATTR=n"]	[]	[]	["board-io-security.sh"]
config:CONFIG_COMPAT_NETLINK_MESSAGES	config	["linux-aw2511@92c27523bfa57dc21acd843897c8949d549702c7:CONFIG_COMPAT_NETLINK_MESSAGES"]	mainline	["CONFIG_COMPAT_NETLINK_MESSAGES=n"]	["CONFIG_COMPAT_NETLINK_MESSAGES=n"]	[]	[]	["board-io-security.sh"]
config:CONFIG_CONTEXT_SWITCH_TRACER	config	["linux-aw2511@92c27523bfa57dc21acd843897c8949d549702c7:CONFIG_CONTEXT_SWITCH_TRACER"]	mainline	["CONFIG_CONTEXT_SWITCH_TRACER=n"]	["CONFIG_CONTEXT_SWITCH_TRACER=n"]	[]	[]	["board-io-security.sh"]
config:CONFIG_CPU_FREQ_DEFAULT_GOV_ONDEMAND	config	["linux-aw2511@92c27523bfa57dc21acd843897c8949d549702c7:CONFIG_CPU_FREQ_DEFAULT_GOV_ONDEMAND"]	mainline	["CONFIG_CPU_FREQ_DEFAULT_GOV_ONDEMAND=n"]	["CONFIG_CPU_FREQ_DEFAULT_GOV_ONDEMAND=n"]	[]	[]	["board-io-security.sh"]
config:CONFIG_CPU_FREQ_GOV_USERSPACE	config	["linux-aw2511@92c27523bfa57dc21acd843897c8949d549702c7:CONFIG_CPU_FREQ_GOV_USERSPACE"]	mainline	[]	["CONFIG_CPU_FREQ_GOV_USERSPACE=y"]	[]	[]	[]
config:CONFIG_CRC32_SLICEBY8	config	["linux-aw2511@92c27523bfa57dc21acd843897c8949d549702c7:CONFIG_CRC32_SLICEBY8"]	mainline	["CONFIG_CRC32_SLICEBY8=n"]	["CONFIG_CRC32_SLICEBY8=n"]	[]	[]	["board-io-security.sh"]
config:CONFIG_CRC64	config	["linux-aw2511@92c27523bfa57dc21acd843897c8949d549702c7:CONFIG_CRC64"]	mainline	[]	["CONFIG_CRC64=y"]	[]	[]	[]
config:CONFIG_CRC_ITU_T	config	["linux-aw2511@92c27523bfa57dc21acd843897c8949d549702c7:CONFIG_CRC_ITU_T"]	mainline	[]	["CONFIG_CRC_ITU_T=y"]	[]	[]	[]
config:CONFIG_CRYPTO_842	config	["linux-aw2511@92c27523bfa57dc21acd843897c8949d549702c7:CONFIG_CRYPTO_842"]	mainline	["CONFIG_CRYPTO_842=n"]	["CONFIG_CRYPTO_842=n"]	[]	[]	["board-io-security.sh"]
config:CONFIG_CRYPTO_AES	config	["linux-aw2511@92c27523bfa57dc21acd843897c8949d549702c7:CONFIG_CRYPTO_AES"]	mainline	[]	["CONFIG_CRYPTO_AES=y"]	[]	[]	[]
config:CONFIG_CRYPTO_ARCH_HAVE_LIB_CHACHA	config	["linux-aw2511@92c27523bfa57dc21acd843897c8949d549702c7:CONFIG_CRYPTO_ARCH_HAVE_LIB_CHACHA"]	mainline	["CONFIG_CRYPTO_ARCH_HAVE_LIB_CHACHA=n"]	["CONFIG_CRYPTO_ARCH_HAVE_LIB_CHACHA=n"]	[]	[]	["board-io-security.sh"]
config:CONFIG_CRYPTO_ARCH_HAVE_LIB_POLY1305	config	["linux-aw2511@92c27523bfa57dc21acd843897c8949d549702c7:CONFIG_CRYPTO_ARCH_HAVE_LIB_POLY1305"]	mainline	["CONFIG_CRYPTO_ARCH_HAVE_LIB_POLY1305=n"]	["CONFIG_CRYPTO_ARCH_HAVE_LIB_POLY1305=n"]	[]	[]	["board-io-security.sh"]
config:CONFIG_CRYPTO_AUTHENC	config	["linux-aw2511@92c27523bfa57dc21acd843897c8949d549702c7:CONFIG_CRYPTO_AUTHENC"]	mainline	[]	["CONFIG_CRYPTO_AUTHENC=y"]	[]	[]	[]
config:CONFIG_CRYPTO_BLAKE2B	config	["linux-aw2511@92c27523bfa57dc21acd843897c8949d549702c7:CONFIG_CRYPTO_BLAKE2B"]	mainline	["CONFIG_CRYPTO_BLAKE2B=n"]	["CONFIG_CRYPTO_BLAKE2B=n"]	[]	[]	["board-io-security.sh"]
config:CONFIG_CRYPTO_CBC	config	["linux-aw2511@92c27523bfa57dc21acd843897c8949d549702c7:CONFIG_CRYPTO_CBC"]	mainline	[]	["CONFIG_CRYPTO_CBC=y"]	[]	[]	[]
config:CONFIG_CRYPTO_CCM	config	["linux-aw2511@92c27523bfa57dc21acd843897c8949d549702c7:CONFIG_CRYPTO_CCM"]	mainline	[]	["CONFIG_CRYPTO_CCM=m"]	[]	[]	[]
config:CONFIG_CRYPTO_CHACHA20_NEON	config	["linux-aw2511@92c27523bfa57dc21acd843897c8949d549702c7:CONFIG_CRYPTO_CHACHA20_NEON"]	mainline	["CONFIG_CRYPTO_CHACHA20_NEON=n"]	["CONFIG_CRYPTO_CHACHA20_NEON=n"]	[]	[]	["board-io-security.sh"]
config:CONFIG_CRYPTO_CMAC	config	["linux-aw2511@92c27523bfa57dc21acd843897c8949d549702c7:CONFIG_CRYPTO_CMAC"]	mainline	[]	["CONFIG_CRYPTO_CMAC=y"]	[]	[]	[]
config:CONFIG_CRYPTO_CRC32C	config	["linux-aw2511@92c27523bfa57dc21acd843897c8949d549702c7:CONFIG_CRYPTO_CRC32C"]	mainline	["CONFIG_CRYPTO_CRC32C=n"]	["CONFIG_CRYPTO_CRC32C=n"]	[]	[]	["board-io-security.sh"]
config:CONFIG_CRYPTO_CTR	config	["linux-aw2511@92c27523bfa57dc21acd843897c8949d549702c7:CONFIG_CRYPTO_CTR"]	mainline	[]	["CONFIG_CRYPTO_CTR=m"]	[]	[]	[]
config:CONFIG_CRYPTO_DH	config	["linux-aw2511@92c27523bfa57dc21acd843897c8949d549702c7:CONFIG_CRYPTO_DH"]	mainline	[]	["CONFIG_CRYPTO_DH=m"]	[]	[]	[]
config:CONFIG_CRYPTO_DRBG	config	["linux-aw2511@92c27523bfa57dc21acd843897c8949d549702c7:CONFIG_CRYPTO_DRBG"]	mainline	["CONFIG_CRYPTO_DRBG=n"]	["CONFIG_CRYPTO_DRBG=n"]	[]	[]	["board-io-security.sh"]
config:CONFIG_CRYPTO_DRBG_HMAC	config	["linux-aw2511@92c27523bfa57dc21acd843897c8949d549702c7:CONFIG_CRYPTO_DRBG_HMAC"]	mainline	["CONFIG_CRYPTO_DRBG_HMAC=n"]	["CONFIG_CRYPTO_DRBG_HMAC=n"]	[]	[]	["board-io-security.sh"]
config:CONFIG_CRYPTO_DRBG_MENU	config	["linux-aw2511@92c27523bfa57dc21acd843897c8949d549702c7:CONFIG_CRYPTO_DRBG_MENU"]	mainline	["CONFIG_CRYPTO_DRBG_MENU=n"]	["CONFIG_CRYPTO_DRBG_MENU=n"]	[]	[]	["board-io-security.sh"]
config:CONFIG_CRYPTO_ECB	config	["linux-aw2511@92c27523bfa57dc21acd843897c8949d549702c7:CONFIG_CRYPTO_ECB"]	mainline	[]	["CONFIG_CRYPTO_ECB=y"]	[]	[]	[]
config:CONFIG_CRYPTO_ECC	config	["linux-aw2511@92c27523bfa57dc21acd843897c8949d549702c7:CONFIG_CRYPTO_ECC"]	mainline	[]	["CONFIG_CRYPTO_ECC=m"]	[]	[]	[]
config:CONFIG_CRYPTO_ECDH	config	["linux-aw2511@92c27523bfa57dc21acd843897c8949d549702c7:CONFIG_CRYPTO_ECDH"]	mainline	[]	["CONFIG_CRYPTO_ECDH=m"]	[]	[]	[]
config:CONFIG_CRYPTO_ECHAINIV	config	["linux-aw2511@92c27523bfa57dc21acd843897c8949d549702c7:CONFIG_CRYPTO_ECHAINIV"]	mainline	[]	["CONFIG_CRYPTO_ECHAINIV=y"]	[]	[]	[]
config:CONFIG_CRYPTO_GCM	config	["linux-aw2511@92c27523bfa57dc21acd843897c8949d549702c7:CONFIG_CRYPTO_GCM"]	mainline	[]	["CONFIG_CRYPTO_GCM=m"]	[]	[]	[]
config:CONFIG_CRYPTO_GENIV	config	["linux-aw2511@92c27523bfa57dc21acd843897c8949d549702c7:CONFIG_CRYPTO_GENIV"]	mainline	[]	["CONFIG_CRYPTO_GENIV=y"]	[]	[]	[]
config:CONFIG_CRYPTO_GHASH	config	["linux-aw2511@92c27523bfa57dc21acd843897c8949d549702c7:CONFIG_CRYPTO_GHASH"]	mainline	["CONFIG_CRYPTO_GHASH=n"]	["CONFIG_CRYPTO_GHASH=n"]	[]	[]	["board-io-security.sh"]
config:CONFIG_CRYPTO_JITTERENTROPY	config	["linux-aw2511@92c27523bfa57dc21acd843897c8949d549702c7:CONFIG_CRYPTO_JITTERENTROPY"]	mainline	["CONFIG_CRYPTO_JITTERENTROPY=n"]	["CONFIG_CRYPTO_JITTERENTROPY=n"]	[]	[]	["board-io-security.sh"]
config:CONFIG_CRYPTO_KDF800108_CTR	config	["linux-aw2511@92c27523bfa57dc21acd843897c8949d549702c7:CONFIG_CRYPTO_KDF800108_CTR"]	mainline	["CONFIG_CRYPTO_KDF800108_CTR=n"]	["CONFIG_CRYPTO_KDF800108_CTR=n"]	[]	[]	["board-io-security.sh"]
config:CONFIG_CRYPTO_KPP	config	["linux-aw2511@92c27523bfa57dc21acd843897c8949d549702c7:CONFIG_CRYPTO_KPP"]	mainline	[]	["CONFIG_CRYPTO_KPP=m"]	[]	[]	[]
config:CONFIG_CRYPTO_KPP2	config	["linux-aw2511@92c27523bfa57dc21acd843897c8949d549702c7:CONFIG_CRYPTO_KPP2"]	mainline	[]	["CONFIG_CRYPTO_KPP2=m"]	[]	[]	[]
config:CONFIG_CRYPTO_LIB_AES	config	["linux-aw2511@92c27523bfa57dc21acd843897c8949d549702c7:CONFIG_CRYPTO_LIB_AES"]	mainline	[]	["CONFIG_CRYPTO_LIB_AES=y"]	[]	[]	[]
config:CONFIG_CRYPTO_LIB_BLAKE2S_GENERIC	config	["linux-aw2511@92c27523bfa57dc21acd843897c8949d549702c7:CONFIG_CRYPTO_LIB_BLAKE2S_GENERIC"]	mainline	["CONFIG_CRYPTO_LIB_BLAKE2S_GENERIC=n"]	["CONFIG_CRYPTO_LIB_BLAKE2S_GENERIC=n"]	[]	[]	["board-io-security.sh"]
config:CONFIG_CRYPTO_LIB_CHACHA20POLY1305	config	["linux-aw2511@92c27523bfa57dc21acd843897c8949d549702c7:CONFIG_CRYPTO_LIB_CHACHA20POLY1305"]	mainline	["CONFIG_CRYPTO_LIB_CHACHA20POLY1305=n"]	["CONFIG_CRYPTO_LIB_CHACHA20POLY1305=n"]	[]	[]	["board-io-security.sh"]
config:CONFIG_CRYPTO_LIB_CHACHA_GENERIC	config	["linux-aw2511@92c27523bfa57dc21acd843897c8949d549702c7:CONFIG_CRYPTO_LIB_CHACHA_GENERIC"]	mainline	["CONFIG_CRYPTO_LIB_CHACHA_GENERIC=n"]	["CONFIG_CRYPTO_LIB_CHACHA_GENERIC=n"]	[]	[]	["board-io-security.sh"]
config:CONFIG_CRYPTO_LIB_CURVE25519	config	["linux-aw2511@92c27523bfa57dc21acd843897c8949d549702c7:CONFIG_CRYPTO_LIB_CURVE25519"]	mainline	["CONFIG_CRYPTO_LIB_CURVE25519=n"]	["CONFIG_CRYPTO_LIB_CURVE25519=n"]	[]	[]	["board-io-security.sh"]
config:CONFIG_CRYPTO_LIB_CURVE25519_GENERIC	config	["linux-aw2511@92c27523bfa57dc21acd843897c8949d549702c7:CONFIG_CRYPTO_LIB_CURVE25519_GENERIC"]	mainline	["CONFIG_CRYPTO_LIB_CURVE25519_GENERIC=n"]	["CONFIG_CRYPTO_LIB_CURVE25519_GENERIC=n"]	[]	[]	["board-io-security.sh"]
config:CONFIG_CRYPTO_LIB_POLY1305	config	["linux-aw2511@92c27523bfa57dc21acd843897c8949d549702c7:CONFIG_CRYPTO_LIB_POLY1305"]	mainline	["CONFIG_CRYPTO_LIB_POLY1305=n"]	["CONFIG_CRYPTO_LIB_POLY1305=n"]	[]	[]	["board-io-security.sh"]
config:CONFIG_CRYPTO_LZ4	config	["linux-aw2511@92c27523bfa57dc21acd843897c8949d549702c7:CONFIG_CRYPTO_LZ4"]	mainline	[]	["CONFIG_CRYPTO_LZ4=y"]	[]	[]	[]
config:CONFIG_CRYPTO_LZ4HC	config	["linux-aw2511@92c27523bfa57dc21acd843897c8949d549702c7:CONFIG_CRYPTO_LZ4HC"]	mainline	["CONFIG_CRYPTO_LZ4HC=n"]	["CONFIG_CRYPTO_LZ4HC=n"]	[]	[]	["board-io-security.sh"]
config:CONFIG_CRYPTO_LZO	config	["linux-aw2511@92c27523bfa57dc21acd843897c8949d549702c7:CONFIG_CRYPTO_LZO"]	mainline	[]	["CONFIG_CRYPTO_LZO=y"]	[]	[]	[]
config:CONFIG_CRYPTO_MANAGER_DISABLE_TESTS	config	["linux-aw2511@92c27523bfa57dc21acd843897c8949d549702c7:CONFIG_CRYPTO_MANAGER_DISABLE_TESTS"]	mainline	["CONFIG_CRYPTO_MANAGER_DISABLE_TESTS=n"]	["CONFIG_CRYPTO_MANAGER_DISABLE_TESTS=n"]	[]	[]	["media-camera.sh"]
config:CONFIG_CRYPTO_MD4	config	["linux-aw2511@92c27523bfa57dc21acd843897c8949d549702c7:CONFIG_CRYPTO_MD4"]	mainline	["CONFIG_CRYPTO_MD4=n"]	["CONFIG_CRYPTO_MD4=n"]	[]	[]	["board-io-security.sh"]
config:CONFIG_CRYPTO_NULL	config	["linux-aw2511@92c27523bfa57dc21acd843897c8949d549702c7:CONFIG_CRYPTO_NULL"]	mainline	["CONFIG_CRYPTO_NULL=n"]	["CONFIG_CRYPTO_NULL=n"]	[]	[]	["board-io-security.sh"]
config:CONFIG_CRYPTO_NULL2	config	["linux-aw2511@92c27523bfa57dc21acd843897c8949d549702c7:CONFIG_CRYPTO_NULL2"]	mainline	["CONFIG_CRYPTO_NULL2=n"]	["CONFIG_CRYPTO_NULL2=n"]	[]	[]	["board-io-security.sh"]
config:CONFIG_CRYPTO_POLY1305_NEON	config	["linux-aw2511@92c27523bfa57dc21acd843897c8949d549702c7:CONFIG_CRYPTO_POLY1305_NEON"]	mainline	["CONFIG_CRYPTO_POLY1305_NEON=n"]	["CONFIG_CRYPTO_POLY1305_NEON=n"]	[]	[]	["board-io-security.sh"]
config:CONFIG_CRYPTO_RNG_DEFAULT	config	["linux-aw2511@92c27523bfa57dc21acd843897c8949d549702c7:CONFIG_CRYPTO_RNG_DEFAULT"]	mainline	["CONFIG_CRYPTO_RNG_DEFAULT=n"]	["CONFIG_CRYPTO_RNG_DEFAULT=n"]	[]	[]	["board-io-security.sh"]
config:CONFIG_CRYPTO_SEQIV	config	["linux-aw2511@92c27523bfa57dc21acd843897c8949d549702c7:CONFIG_CRYPTO_SEQIV"]	mainline	["CONFIG_CRYPTO_SEQIV=n"]	["CONFIG_CRYPTO_SEQIV=n"]	[]	[]	["board-io-security.sh"]
config:CONFIG_CRYPTO_SHA3	config	["linux-aw2511@92c27523bfa57dc21acd843897c8949d549702c7:CONFIG_CRYPTO_SHA3"]	mainline	[]	["CONFIG_CRYPTO_SHA3=m"]	[]	[]	[]
config:CONFIG_CRYPTO_USER_API_HASH	config	["linux-aw2511@92c27523bfa57dc21acd843897c8949d549702c7:CONFIG_CRYPTO_USER_API_HASH"]	mainline	["CONFIG_CRYPTO_USER_API_HASH=n"]	["CONFIG_CRYPTO_USER_API_HASH=n"]	[]	[]	["board-io-security.sh"]
config:CONFIG_CRYPTO_USER_API_SKCIPHER	config	["linux-aw2511@92c27523bfa57dc21acd843897c8949d549702c7:CONFIG_CRYPTO_USER_API_SKCIPHER"]	mainline	["CONFIG_CRYPTO_USER_API_SKCIPHER=n"]	["CONFIG_CRYPTO_USER_API_SKCIPHER=n"]	[]	[]	["board-io-security.sh"]
config:CONFIG_CRYPTO_XXHASH	config	["linux-aw2511@92c27523bfa57dc21acd843897c8949d549702c7:CONFIG_CRYPTO_XXHASH"]	mainline	["CONFIG_CRYPTO_XXHASH=n"]	["CONFIG_CRYPTO_XXHASH=n"]	[]	[]	["board-io-security.sh"]
config:CONFIG_CSI_VIN	config	["linux-aw2511@92c27523bfa57dc21acd843897c8949d549702c7:CONFIG_CSI_VIN"]	mainline	["CONFIG_CSI_VIN=n"]	["CONFIG_CSI_VIN=n"]	[]	[]	["media-camera.sh"]
config:CONFIG_CXD2880_SPI_DRV	config	["linux-aw2511@92c27523bfa57dc21acd843897c8949d549702c7:CONFIG_CXD2880_SPI_DRV"]	mainline	["CONFIG_CXD2880_SPI_DRV=n"]	["CONFIG_CXD2880_SPI_DRV=n"]	[]	[]	["board-io-security.sh"]
config:CONFIG_D3D	config	["linux-aw2511@92c27523bfa57dc21acd843897c8949d549702c7:CONFIG_D3D"]	mainline	["CONFIG_D3D=n"]	["CONFIG_D3D=n"]	[]	[]	["board-io-security.sh"]
config:CONFIG_D3D_LBC_MODE	config	["linux-aw2511@92c27523bfa57dc21acd843897c8949d549702c7:CONFIG_D3D_LBC_MODE"]	mainline	["CONFIG_D3D_LBC_MODE=n"]	["CONFIG_D3D_LBC_MODE=n"]	[]	[]	["board-io-security.sh"]
config:CONFIG_DEBUG_INFO_NONE	config	["linux-aw2511@92c27523bfa57dc21acd843897c8949d549702c7:CONFIG_DEBUG_INFO_NONE"]	mainline	["CONFIG_DEBUG_INFO_NONE=n"]	["CONFIG_DEBUG_INFO_NONE=n"]	[]	[]	["board-io-security.sh"]
config:CONFIG_DEVFREQ_GOV_PERFORMANCE	config	["linux-aw2511@92c27523bfa57dc21acd843897c8949d549702c7:CONFIG_DEVFREQ_GOV_PERFORMANCE"]	mainline	["CONFIG_DEVFREQ_GOV_PERFORMANCE=n"]	["CONFIG_DEVFREQ_GOV_PERFORMANCE=n"]	[]	[]	["clock-power-performance.sh"]
config:CONFIG_DEVFREQ_GOV_POWERSAVE	config	["linux-aw2511@92c27523bfa57dc21acd843897c8949d549702c7:CONFIG_DEVFREQ_GOV_POWERSAVE"]	mainline	["CONFIG_DEVFREQ_GOV_POWERSAVE=n"]	["CONFIG_DEVFREQ_GOV_POWERSAVE=n"]	[]	[]	["clock-power-performance.sh"]
config:CONFIG_DMABUF_HEAPS_CMA	config	["linux-aw2511@92c27523bfa57dc21acd843897c8949d549702c7:CONFIG_DMABUF_HEAPS_CMA"]	mainline	[]	["CONFIG_DMABUF_HEAPS_CMA=m"]	[]	[]	[]
config:CONFIG_DMABUF_HEAPS_SYSTEM	config	["linux-aw2511@92c27523bfa57dc21acd843897c8949d549702c7:CONFIG_DMABUF_HEAPS_SYSTEM"]	mainline	[]	["CONFIG_DMABUF_HEAPS_SYSTEM=m"]	[]	[]	[]
config:CONFIG_DMABUF_SYSFS_STATS	config	["linux-aw2511@92c27523bfa57dc21acd843897c8949d549702c7:CONFIG_DMABUF_SYSFS_STATS"]	mainline	["CONFIG_DMABUF_SYSFS_STATS=n"]	["CONFIG_DMABUF_SYSFS_STATS=n"]	[]	[]	["board-io-security.sh"]
config:CONFIG_DMA_OPS	config	["linux-aw2511@92c27523bfa57dc21acd843897c8949d549702c7:CONFIG_DMA_OPS"]	mainline	["CONFIG_DMA_OPS=n"]	["CONFIG_DMA_OPS=n"]	[]	[]	["board-io-security.sh"]
config:CONFIG_DM_BIO_PRISON	config	["linux-aw2511@92c27523bfa57dc21acd843897c8949d549702c7:CONFIG_DM_BIO_PRISON"]	mainline	["CONFIG_DM_BIO_PRISON=n"]	["CONFIG_DM_BIO_PRISON=n"]	[]	[]	["board-io-security.sh"]
config:CONFIG_DM_BUFIO	config	["linux-aw2511@92c27523bfa57dc21acd843897c8949d549702c7:CONFIG_DM_BUFIO"]	mainline	["CONFIG_DM_BUFIO=n"]	["CONFIG_DM_BUFIO=n"]	[]	[]	["board-io-security.sh"]
config:CONFIG_DM_PERSISTENT_DATA	config	["linux-aw2511@92c27523bfa57dc21acd843897c8949d549702c7:CONFIG_DM_PERSISTENT_DATA"]	mainline	["CONFIG_DM_PERSISTENT_DATA=n"]	["CONFIG_DM_PERSISTENT_DATA=n"]	[]	[]	["board-io-security.sh"]
config:CONFIG_DM_THIN_PROVISIONING	config	["linux-aw2511@92c27523bfa57dc21acd843897c8949d549702c7:CONFIG_DM_THIN_PROVISIONING"]	mainline	["CONFIG_DM_THIN_PROVISIONING=n"]	["CONFIG_DM_THIN_PROVISIONING=n"]	[]	[]	["board-io-security.sh"]
config:CONFIG_DRM	config	["linux-aw2511@92c27523bfa57dc21acd843897c8949d549702c7:CONFIG_DRM"]	mainline	[]	["CONFIG_DRM=m"]	[]	[]	[]
config:CONFIG_DRM_AMDGPU	config	["linux-aw2511@92c27523bfa57dc21acd843897c8949d549702c7:CONFIG_DRM_AMDGPU"]	mainline	["CONFIG_DRM_AMDGPU=n"]	["CONFIG_DRM_AMDGPU=n"]	[]	[]	["display-hdmi.sh"]
config:CONFIG_DRM_AMD_DC	config	["linux-aw2511@92c27523bfa57dc21acd843897c8949d549702c7:CONFIG_DRM_AMD_DC"]	mainline	["CONFIG_DRM_AMD_DC=n"]	["CONFIG_DRM_AMD_DC=n"]	[]	[]	["display-hdmi.sh"]
config:CONFIG_DRM_AMD_DC_FP	config	["linux-aw2511@92c27523bfa57dc21acd843897c8949d549702c7:CONFIG_DRM_AMD_DC_FP"]	mainline	["CONFIG_DRM_AMD_DC_FP=n"]	["CONFIG_DRM_AMD_DC_FP=n"]	[]	[]	["display-hdmi.sh"]
config:CONFIG_DRM_BUDDY	config	["linux-aw2511@92c27523bfa57dc21acd843897c8949d549702c7:CONFIG_DRM_BUDDY"]	mainline	["CONFIG_DRM_BUDDY=n"]	["CONFIG_DRM_BUDDY=n"]	[]	[]	["display-hdmi.sh"]
config:CONFIG_DRM_DISPLAY_HELPER	config	["linux-aw2511@92c27523bfa57dc21acd843897c8949d549702c7:CONFIG_DRM_DISPLAY_HELPER"]	mainline	[]	["CONFIG_DRM_DISPLAY_HELPER=m"]	[]	[]	[]
config:CONFIG_DRM_DP_AUX_CHARDEV	config	["linux-aw2511@92c27523bfa57dc21acd843897c8949d549702c7:CONFIG_DRM_DP_AUX_CHARDEV"]	mainline	["CONFIG_DRM_DP_AUX_CHARDEV=n"]	["CONFIG_DRM_DP_AUX_CHARDEV=n"]	[]	[]	["display-hdmi.sh"]
config:CONFIG_DRM_DP_CEC	config	["linux-aw2511@92c27523bfa57dc21acd843897c8949d549702c7:CONFIG_DRM_DP_CEC"]	mainline	["CONFIG_DRM_DP_CEC=n"]	["CONFIG_DRM_DP_CEC=n"]	[]	[]	["display-hdmi.sh"]
config:CONFIG_DRM_GEM_DMA_HELPER	config	["linux-aw2511@92c27523bfa57dc21acd843897c8949d549702c7:CONFIG_DRM_GEM_DMA_HELPER"]	mainline	[]	["CONFIG_DRM_GEM_DMA_HELPER=m"]	[]	[]	[]
config:CONFIG_DRM_KMS_HELPER	config	["linux-aw2511@92c27523bfa57dc21acd843897c8949d549702c7:CONFIG_DRM_KMS_HELPER"]	mainline	[]	["CONFIG_DRM_KMS_HELPER=m"]	[]	[]	[]
config:CONFIG_DRM_MIPI_DBI	config	["linux-aw2511@92c27523bfa57dc21acd843897c8949d549702c7:CONFIG_DRM_MIPI_DBI"]	mainline	["CONFIG_DRM_MIPI_DBI=n"]	["CONFIG_DRM_MIPI_DBI=n"]	[]	[]	["display-hdmi.sh"]
config:CONFIG_DRM_PANEL_ILITEK_ILI9881C	config	["linux-aw2511@92c27523bfa57dc21acd843897c8949d549702c7:CONFIG_DRM_PANEL_ILITEK_ILI9881C"]	mainline	["CONFIG_DRM_PANEL_ILITEK_ILI9881C=n"]	["CONFIG_DRM_PANEL_ILITEK_ILI9881C=n"]	[]	[]	["display-hdmi.sh"]
config:CONFIG_DRM_PANEL_JADARD_JD9365DA_H3	config	["linux-aw2511@92c27523bfa57dc21acd843897c8949d549702c7:CONFIG_DRM_PANEL_JADARD_JD9365DA_H3"]	mainline	["CONFIG_DRM_PANEL_JADARD_JD9365DA_H3=n"]	["CONFIG_DRM_PANEL_JADARD_JD9365DA_H3=n"]	[]	[]	["display-hdmi.sh"]
config:CONFIG_DRM_PANEL_SITRONIX_ST7701	config	["linux-aw2511@92c27523bfa57dc21acd843897c8949d549702c7:CONFIG_DRM_PANEL_SITRONIX_ST7701"]	mainline	["CONFIG_DRM_PANEL_SITRONIX_ST7701=n"]	["CONFIG_DRM_PANEL_SITRONIX_ST7701=n"]	[]	[]	["display-hdmi.sh"]
config:CONFIG_DRM_PANEL_SITRONIX_ST7789V	config	["linux-aw2511@92c27523bfa57dc21acd843897c8949d549702c7:CONFIG_DRM_PANEL_SITRONIX_ST7789V"]	mainline	["CONFIG_DRM_PANEL_SITRONIX_ST7789V=n"]	["CONFIG_DRM_PANEL_SITRONIX_ST7789V=n"]	[]	[]	["display-hdmi.sh"]
config:CONFIG_DRM_RADEON	config	["linux-aw2511@92c27523bfa57dc21acd843897c8949d549702c7:CONFIG_DRM_RADEON"]	mainline	["CONFIG_DRM_RADEON=n"]	["CONFIG_DRM_RADEON=n"]	[]	[]	["display-hdmi.sh"]
config:CONFIG_DRM_SUBALLOC_HELPER	config	["linux-aw2511@92c27523bfa57dc21acd843897c8949d549702c7:CONFIG_DRM_SUBALLOC_HELPER"]	mainline	["CONFIG_DRM_SUBALLOC_HELPER=n"]	["CONFIG_DRM_SUBALLOC_HELPER=n"]	[]	[]	["display-hdmi.sh"]
config:CONFIG_DRM_TOSHIBA_TC358762	config	["linux-aw2511@92c27523bfa57dc21acd843897c8949d549702c7:CONFIG_DRM_TOSHIBA_TC358762"]	mainline	["CONFIG_DRM_TOSHIBA_TC358762=n"]	["CONFIG_DRM_TOSHIBA_TC358762=n"]	[]	[]	["display-hdmi.sh"]
config:CONFIG_DUMMY	config	["linux-aw2511@92c27523bfa57dc21acd843897c8949d549702c7:CONFIG_DUMMY"]	mainline	["CONFIG_DUMMY=n"]	["CONFIG_DUMMY=n"]	[]	[]	["board-io-security.sh"]
config:CONFIG_DVB_A8293	config	["linux-aw2511@92c27523bfa57dc21acd843897c8949d549702c7:CONFIG_DVB_A8293"]	mainline	["CONFIG_DVB_A8293=n"]	["CONFIG_DVB_A8293=n"]	[]	[]	["board-io-security.sh"]
config:CONFIG_DVB_AF9033	config	["linux-aw2511@92c27523bfa57dc21acd843897c8949d549702c7:CONFIG_DVB_AF9033"]	mainline	["CONFIG_DVB_AF9033=n"]	["CONFIG_DVB_AF9033=n"]	[]	[]	["board-io-security.sh"]
config:CONFIG_DVB_ASCOT2E	config	["linux-aw2511@92c27523bfa57dc21acd843897c8949d549702c7:CONFIG_DVB_ASCOT2E"]	mainline	["CONFIG_DVB_ASCOT2E=n"]	["CONFIG_DVB_ASCOT2E=n"]	[]	[]	["board-io-security.sh"]
config:CONFIG_DVB_ATBM8830	config	["linux-aw2511@92c27523bfa57dc21acd843897c8949d549702c7:CONFIG_DVB_ATBM8830"]	mainline	["CONFIG_DVB_ATBM8830=n"]	["CONFIG_DVB_ATBM8830=n"]	[]	[]	["board-io-security.sh"]
config:CONFIG_DVB_AU8522	config	["linux-aw2511@92c27523bfa57dc21acd843897c8949d549702c7:CONFIG_DVB_AU8522"]	mainline	["CONFIG_DVB_AU8522=n"]	["CONFIG_DVB_AU8522=n"]	[]	[]	["board-io-security.sh"]
config:CONFIG_DVB_AU8522_DTV	config	["linux-aw2511@92c27523bfa57dc21acd843897c8949d549702c7:CONFIG_DVB_AU8522_DTV"]	mainline	["CONFIG_DVB_AU8522_DTV=n"]	["CONFIG_DVB_AU8522_DTV=n"]	[]	[]	["board-io-security.sh"]
config:CONFIG_DVB_AU8522_V4L	config	["linux-aw2511@92c27523bfa57dc21acd843897c8949d549702c7:CONFIG_DVB_AU8522_V4L"]	mainline	["CONFIG_DVB_AU8522_V4L=n"]	["CONFIG_DVB_AU8522_V4L=n"]	[]	[]	["board-io-security.sh"]
config:CONFIG_DVB_BCM3510	config	["linux-aw2511@92c27523bfa57dc21acd843897c8949d549702c7:CONFIG_DVB_BCM3510"]	mainline	["CONFIG_DVB_BCM3510=n"]	["CONFIG_DVB_BCM3510=n"]	[]	[]	["board-io-security.sh"]
config:CONFIG_DVB_CORE	config	["linux-aw2511@92c27523bfa57dc21acd843897c8949d549702c7:CONFIG_DVB_CORE"]	mainline	[]	["CONFIG_DVB_CORE=m"]	[]	[]	[]
config:CONFIG_DVB_CX22700	config	["linux-aw2511@92c27523bfa57dc21acd843897c8949d549702c7:CONFIG_DVB_CX22700"]	mainline	["CONFIG_DVB_CX22700=n"]	["CONFIG_DVB_CX22700=n"]	[]	[]	["board-io-security.sh"]
config:CONFIG_DVB_CX22702	config	["linux-aw2511@92c27523bfa57dc21acd843897c8949d549702c7:CONFIG_DVB_CX22702"]	mainline	["CONFIG_DVB_CX22702=n"]	["CONFIG_DVB_CX22702=n"]	[]	[]	["board-io-security.sh"]
config:CONFIG_DVB_CX24110	config	["linux-aw2511@92c27523bfa57dc21acd843897c8949d549702c7:CONFIG_DVB_CX24110"]	mainline	["CONFIG_DVB_CX24110=n"]	["CONFIG_DVB_CX24110=n"]	[]	[]	["board-io-security.sh"]
config:CONFIG_DVB_CX24116	config	["linux-aw2511@92c27523bfa57dc21acd843897c8949d549702c7:CONFIG_DVB_CX24116"]	mainline	["CONFIG_DVB_CX24116=n"]	["CONFIG_DVB_CX24116=n"]	[]	[]	["board-io-security.sh"]
config:CONFIG_DVB_CX24117	config	["linux-aw2511@92c27523bfa57dc21acd843897c8949d549702c7:CONFIG_DVB_CX24117"]	mainline	["CONFIG_DVB_CX24117=n"]	["CONFIG_DVB_CX24117=n"]	[]	[]	["board-io-security.sh"]
config:CONFIG_DVB_CX24120	config	["linux-aw2511@92c27523bfa57dc21acd843897c8949d549702c7:CONFIG_DVB_CX24120"]	mainline	["CONFIG_DVB_CX24120=n"]	["CONFIG_DVB_CX24120=n"]	[]	[]	["board-io-security.sh"]
config:CONFIG_DVB_CX24123	config	["linux-aw2511@92c27523bfa57dc21acd843897c8949d549702c7:CONFIG_DVB_CX24123"]	mainline	["CONFIG_DVB_CX24123=n"]	["CONFIG_DVB_CX24123=n"]	[]	[]	["board-io-security.sh"]
config:CONFIG_DVB_CXD2099	config	["linux-aw2511@92c27523bfa57dc21acd843897c8949d549702c7:CONFIG_DVB_CXD2099"]	mainline	["CONFIG_DVB_CXD2099=n"]	["CONFIG_DVB_CXD2099=n"]	[]	[]	["board-io-security.sh"]
config:CONFIG_DVB_CXD2820R	config	["linux-aw2511@92c27523bfa57dc21acd843897c8949d549702c7:CONFIG_DVB_CXD2820R"]	mainline	["CONFIG_DVB_CXD2820R=n"]	["CONFIG_DVB_CXD2820R=n"]	[]	[]	["board-io-security.sh"]
config:CONFIG_DVB_CXD2841ER	config	["linux-aw2511@92c27523bfa57dc21acd843897c8949d549702c7:CONFIG_DVB_CXD2841ER"]	mainline	["CONFIG_DVB_CXD2841ER=n"]	["CONFIG_DVB_CXD2841ER=n"]	[]	[]	["board-io-security.sh"]
config:CONFIG_DVB_CXD2880	config	["linux-aw2511@92c27523bfa57dc21acd843897c8949d549702c7:CONFIG_DVB_CXD2880"]	mainline	["CONFIG_DVB_CXD2880=n"]	["CONFIG_DVB_CXD2880=n"]	[]	[]	["board-io-security.sh"]
config:CONFIG_DVB_DIB3000MB	config	["linux-aw2511@92c27523bfa57dc21acd843897c8949d549702c7:CONFIG_DVB_DIB3000MB"]	mainline	["CONFIG_DVB_DIB3000MB=n"]	["CONFIG_DVB_DIB3000MB=n"]	[]	[]	["media-camera.sh"]
config:CONFIG_DVB_DIB3000MC	config	["linux-aw2511@92c27523bfa57dc21acd843897c8949d549702c7:CONFIG_DVB_DIB3000MC"]	mainline	["CONFIG_DVB_DIB3000MC=n"]	["CONFIG_DVB_DIB3000MC=n"]	[]	[]	["media-camera.sh"]
config:CONFIG_DVB_DIB7000M	config	["linux-aw2511@92c27523bfa57dc21acd843897c8949d549702c7:CONFIG_DVB_DIB7000M"]	mainline	["CONFIG_DVB_DIB7000M=n"]	["CONFIG_DVB_DIB7000M=n"]	[]	[]	["media-camera.sh"]
config:CONFIG_DVB_DIB7000P	config	["linux-aw2511@92c27523bfa57dc21acd843897c8949d549702c7:CONFIG_DVB_DIB7000P"]	mainline	["CONFIG_DVB_DIB7000P=n"]	["CONFIG_DVB_DIB7000P=n"]	[]	[]	["media-camera.sh"]
config:CONFIG_DVB_DIB8000	config	["linux-aw2511@92c27523bfa57dc21acd843897c8949d549702c7:CONFIG_DVB_DIB8000"]	mainline	["CONFIG_DVB_DIB8000=n"]	["CONFIG_DVB_DIB8000=n"]	[]	[]	["media-camera.sh"]
config:CONFIG_DVB_DIB9000	config	["linux-aw2511@92c27523bfa57dc21acd843897c8949d549702c7:CONFIG_DVB_DIB9000"]	mainline	["CONFIG_DVB_DIB9000=n"]	["CONFIG_DVB_DIB9000=n"]	[]	[]	["media-camera.sh"]
config:CONFIG_DVB_DRX39XYJ	config	["linux-aw2511@92c27523bfa57dc21acd843897c8949d549702c7:CONFIG_DVB_DRX39XYJ"]	mainline	["CONFIG_DVB_DRX39XYJ=n"]	["CONFIG_DVB_DRX39XYJ=n"]	[]	[]	["board-io-security.sh"]
config:CONFIG_DVB_DRXD	config	["linux-aw2511@92c27523bfa57dc21acd843897c8949d549702c7:CONFIG_DVB_DRXD"]	mainline	["CONFIG_DVB_DRXD=n"]	["CONFIG_DVB_DRXD=n"]	[]	[]	["board-io-security.sh"]
config:CONFIG_DVB_DRXK	config	["linux-aw2511@92c27523bfa57dc21acd843897c8949d549702c7:CONFIG_DVB_DRXK"]	mainline	["CONFIG_DVB_DRXK=n"]	["CONFIG_DVB_DRXK=n"]	[]	[]	["board-io-security.sh"]
config:CONFIG_DVB_DS3000	config	["linux-aw2511@92c27523bfa57dc21acd843897c8949d549702c7:CONFIG_DVB_DS3000"]	mainline	["CONFIG_DVB_DS3000=n"]	["CONFIG_DVB_DS3000=n"]	[]	[]	["board-io-security.sh"]
config:CONFIG_DVB_EC100	config	["linux-aw2511@92c27523bfa57dc21acd843897c8949d549702c7:CONFIG_DVB_EC100"]	mainline	["CONFIG_DVB_EC100=n"]	["CONFIG_DVB_EC100=n"]	[]	[]	["board-io-security.sh"]
config:CONFIG_DVB_HELENE	config	["linux-aw2511@92c27523bfa57dc21acd843897c8949d549702c7:CONFIG_DVB_HELENE"]	mainline	["CONFIG_DVB_HELENE=n"]	["CONFIG_DVB_HELENE=n"]	[]	[]	["board-io-security.sh"]
config:CONFIG_DVB_HORUS3A	config	["linux-aw2511@92c27523bfa57dc21acd843897c8949d549702c7:CONFIG_DVB_HORUS3A"]	mainline	["CONFIG_DVB_HORUS3A=n"]	["CONFIG_DVB_HORUS3A=n"]	[]	[]	["board-io-security.sh"]
config:CONFIG_DVB_ISL6405	config	["linux-aw2511@92c27523bfa57dc21acd843897c8949d549702c7:CONFIG_DVB_ISL6405"]	mainline	["CONFIG_DVB_ISL6405=n"]	["CONFIG_DVB_ISL6405=n"]	[]	[]	["board-io-security.sh"]
config:CONFIG_DVB_ISL6421	config	["linux-aw2511@92c27523bfa57dc21acd843897c8949d549702c7:CONFIG_DVB_ISL6421"]	mainline	["CONFIG_DVB_ISL6421=n"]	["CONFIG_DVB_ISL6421=n"]	[]	[]	["board-io-security.sh"]
config:CONFIG_DVB_ISL6423	config	["linux-aw2511@92c27523bfa57dc21acd843897c8949d549702c7:CONFIG_DVB_ISL6423"]	mainline	["CONFIG_DVB_ISL6423=n"]	["CONFIG_DVB_ISL6423=n"]	[]	[]	["board-io-security.sh"]
config:CONFIG_DVB_IX2505V	config	["linux-aw2511@92c27523bfa57dc21acd843897c8949d549702c7:CONFIG_DVB_IX2505V"]	mainline	["CONFIG_DVB_IX2505V=n"]	["CONFIG_DVB_IX2505V=n"]	[]	[]	["board-io-security.sh"]
config:CONFIG_DVB_L64781	config	["linux-aw2511@92c27523bfa57dc21acd843897c8949d549702c7:CONFIG_DVB_L64781"]	mainline	["CONFIG_DVB_L64781=n"]	["CONFIG_DVB_L64781=n"]	[]	[]	["board-io-security.sh"]
config:CONFIG_DVB_LG2160	config	["linux-aw2511@92c27523bfa57dc21acd843897c8949d549702c7:CONFIG_DVB_LG2160"]	mainline	["CONFIG_DVB_LG2160=n"]	["CONFIG_DVB_LG2160=n"]	[]	[]	["board-io-security.sh"]
config:CONFIG_DVB_LGDT3305	config	["linux-aw2511@92c27523bfa57dc21acd843897c8949d549702c7:CONFIG_DVB_LGDT3305"]	mainline	["CONFIG_DVB_LGDT3305=n"]	["CONFIG_DVB_LGDT3305=n"]	[]	[]	["board-io-security.sh"]
config:CONFIG_DVB_LGDT330X	config	["linux-aw2511@92c27523bfa57dc21acd843897c8949d549702c7:CONFIG_DVB_LGDT330X"]	mainline	["CONFIG_DVB_LGDT330X=n"]	["CONFIG_DVB_LGDT330X=n"]	[]	[]	["board-io-security.sh"]
config:CONFIG_DVB_LGS8GL5	config	["linux-aw2511@92c27523bfa57dc21acd843897c8949d549702c7:CONFIG_DVB_LGS8GL5"]	mainline	["CONFIG_DVB_LGS8GL5=n"]	["CONFIG_DVB_LGS8GL5=n"]	[]	[]	["board-io-security.sh"]
config:CONFIG_DVB_LGS8GXX	config	["linux-aw2511@92c27523bfa57dc21acd843897c8949d549702c7:CONFIG_DVB_LGS8GXX"]	mainline	["CONFIG_DVB_LGS8GXX=n"]	["CONFIG_DVB_LGS8GXX=n"]	[]	[]	["board-io-security.sh"]
config:CONFIG_DVB_LNBH25	config	["linux-aw2511@92c27523bfa57dc21acd843897c8949d549702c7:CONFIG_DVB_LNBH25"]	mainline	["CONFIG_DVB_LNBH25=n"]	["CONFIG_DVB_LNBH25=n"]	[]	[]	["board-io-security.sh"]
config:CONFIG_DVB_LNBH29	config	["linux-aw2511@92c27523bfa57dc21acd843897c8949d549702c7:CONFIG_DVB_LNBH29"]	mainline	["CONFIG_DVB_LNBH29=n"]	["CONFIG_DVB_LNBH29=n"]	[]	[]	["board-io-security.sh"]
config:CONFIG_DVB_LNBP21	config	["linux-aw2511@92c27523bfa57dc21acd843897c8949d549702c7:CONFIG_DVB_LNBP21"]	mainline	["CONFIG_DVB_LNBP21=n"]	["CONFIG_DVB_LNBP21=n"]	[]	[]	["board-io-security.sh"]
config:CONFIG_DVB_LNBP22	config	["linux-aw2511@92c27523bfa57dc21acd843897c8949d549702c7:CONFIG_DVB_LNBP22"]	mainline	["CONFIG_DVB_LNBP22=n"]	["CONFIG_DVB_LNBP22=n"]	[]	[]	["board-io-security.sh"]
config:CONFIG_DVB_M88RS2000	config	["linux-aw2511@92c27523bfa57dc21acd843897c8949d549702c7:CONFIG_DVB_M88RS2000"]	mainline	["CONFIG_DVB_M88RS2000=n"]	["CONFIG_DVB_M88RS2000=n"]	[]	[]	["board-io-security.sh"]
config:CONFIG_DVB_MB86A16	config	["linux-aw2511@92c27523bfa57dc21acd843897c8949d549702c7:CONFIG_DVB_MB86A16"]	mainline	["CONFIG_DVB_MB86A16=n"]	["CONFIG_DVB_MB86A16=n"]	[]	[]	["board-io-security.sh"]
config:CONFIG_DVB_MB86A20S	config	["linux-aw2511@92c27523bfa57dc21acd843897c8949d549702c7:CONFIG_DVB_MB86A20S"]	mainline	["CONFIG_DVB_MB86A20S=n"]	["CONFIG_DVB_MB86A20S=n"]	[]	[]	["board-io-security.sh"]
config:CONFIG_DVB_MN88443X	config	["linux-aw2511@92c27523bfa57dc21acd843897c8949d549702c7:CONFIG_DVB_MN88443X"]	mainline	["CONFIG_DVB_MN88443X=n"]	["CONFIG_DVB_MN88443X=n"]	[]	[]	["board-io-security.sh"]
config:CONFIG_DVB_MN88472	config	["linux-aw2511@92c27523bfa57dc21acd843897c8949d549702c7:CONFIG_DVB_MN88472"]	mainline	["CONFIG_DVB_MN88472=n"]	["CONFIG_DVB_MN88472=n"]	[]	[]	["board-io-security.sh"]
config:CONFIG_DVB_MN88473	config	["linux-aw2511@92c27523bfa57dc21acd843897c8949d549702c7:CONFIG_DVB_MN88473"]	mainline	["CONFIG_DVB_MN88473=n"]	["CONFIG_DVB_MN88473=n"]	[]	[]	["board-io-security.sh"]
config:CONFIG_DVB_MT312	config	["linux-aw2511@92c27523bfa57dc21acd843897c8949d549702c7:CONFIG_DVB_MT312"]	mainline	["CONFIG_DVB_MT312=n"]	["CONFIG_DVB_MT312=n"]	[]	[]	["board-io-security.sh"]
config:CONFIG_DVB_MT352	config	["linux-aw2511@92c27523bfa57dc21acd843897c8949d549702c7:CONFIG_DVB_MT352"]	mainline	["CONFIG_DVB_MT352=n"]	["CONFIG_DVB_MT352=n"]	[]	[]	["board-io-security.sh"]
config:CONFIG_DVB_MXL5XX	config	["linux-aw2511@92c27523bfa57dc21acd843897c8949d549702c7:CONFIG_DVB_MXL5XX"]	mainline	["CONFIG_DVB_MXL5XX=n"]	["CONFIG_DVB_MXL5XX=n"]	[]	[]	["board-io-security.sh"]
config:CONFIG_DVB_MXL692	config	["linux-aw2511@92c27523bfa57dc21acd843897c8949d549702c7:CONFIG_DVB_MXL692"]	mainline	["CONFIG_DVB_MXL692=n"]	["CONFIG_DVB_MXL692=n"]	[]	[]	["board-io-security.sh"]
config:CONFIG_DVB_NET	config	["linux-aw2511@92c27523bfa57dc21acd843897c8949d549702c7:CONFIG_DVB_NET"]	mainline	["CONFIG_DVB_NET=n"]	["CONFIG_DVB_NET=n"]	[]	[]	["board-io-security.sh"]
config:CONFIG_DVB_NXT200X	config	["linux-aw2511@92c27523bfa57dc21acd843897c8949d549702c7:CONFIG_DVB_NXT200X"]	mainline	["CONFIG_DVB_NXT200X=n"]	["CONFIG_DVB_NXT200X=n"]	[]	[]	["board-io-security.sh"]
config:CONFIG_DVB_NXT6000	config	["linux-aw2511@92c27523bfa57dc21acd843897c8949d549702c7:CONFIG_DVB_NXT6000"]	mainline	["CONFIG_DVB_NXT6000=n"]	["CONFIG_DVB_NXT6000=n"]	[]	[]	["board-io-security.sh"]
config:CONFIG_DVB_OR51132	config	["linux-aw2511@92c27523bfa57dc21acd843897c8949d549702c7:CONFIG_DVB_OR51132"]	mainline	["CONFIG_DVB_OR51132=n"]	["CONFIG_DVB_OR51132=n"]	[]	[]	["board-io-security.sh"]
config:CONFIG_DVB_OR51211	config	["linux-aw2511@92c27523bfa57dc21acd843897c8949d549702c7:CONFIG_DVB_OR51211"]	mainline	["CONFIG_DVB_OR51211=n"]	["CONFIG_DVB_OR51211=n"]	[]	[]	["board-io-security.sh"]
config:CONFIG_DVB_PLL	config	["linux-aw2511@92c27523bfa57dc21acd843897c8949d549702c7:CONFIG_DVB_PLL"]	mainline	["CONFIG_DVB_PLL=n"]	["CONFIG_DVB_PLL=n"]	[]	[]	["board-io-security.sh"]
config:CONFIG_DVB_S5H1409	config	["linux-aw2511@92c27523bfa57dc21acd843897c8949d549702c7:CONFIG_DVB_S5H1409"]	mainline	["CONFIG_DVB_S5H1409=n"]	["CONFIG_DVB_S5H1409=n"]	[]	[]	["board-io-security.sh"]
config:CONFIG_DVB_S5H1411	config	["linux-aw2511@92c27523bfa57dc21acd843897c8949d549702c7:CONFIG_DVB_S5H1411"]	mainline	["CONFIG_DVB_S5H1411=n"]	["CONFIG_DVB_S5H1411=n"]	[]	[]	["board-io-security.sh"]
config:CONFIG_DVB_S5H1420	config	["linux-aw2511@92c27523bfa57dc21acd843897c8949d549702c7:CONFIG_DVB_S5H1420"]	mainline	["CONFIG_DVB_S5H1420=n"]	["CONFIG_DVB_S5H1420=n"]	[]	[]	["board-io-security.sh"]
config:CONFIG_DVB_S5H1432	config	["linux-aw2511@92c27523bfa57dc21acd843897c8949d549702c7:CONFIG_DVB_S5H1432"]	mainline	["CONFIG_DVB_S5H1432=n"]	["CONFIG_DVB_S5H1432=n"]	[]	[]	["board-io-security.sh"]
config:CONFIG_DVB_S921	config	["linux-aw2511@92c27523bfa57dc21acd843897c8949d549702c7:CONFIG_DVB_S921"]	mainline	["CONFIG_DVB_S921=n"]	["CONFIG_DVB_S921=n"]	[]	[]	["board-io-security.sh"]
config:CONFIG_DVB_SI2165	config	["linux-aw2511@92c27523bfa57dc21acd843897c8949d549702c7:CONFIG_DVB_SI2165"]	mainline	["CONFIG_DVB_SI2165=n"]	["CONFIG_DVB_SI2165=n"]	[]	[]	["board-io-security.sh"]
config:CONFIG_DVB_SI21XX	config	["linux-aw2511@92c27523bfa57dc21acd843897c8949d549702c7:CONFIG_DVB_SI21XX"]	mainline	["CONFIG_DVB_SI21XX=n"]	["CONFIG_DVB_SI21XX=n"]	[]	[]	["board-io-security.sh"]
config:CONFIG_DVB_SP2	config	["linux-aw2511@92c27523bfa57dc21acd843897c8949d549702c7:CONFIG_DVB_SP2"]	mainline	["CONFIG_DVB_SP2=n"]	["CONFIG_DVB_SP2=n"]	[]	[]	["board-io-security.sh"]
config:CONFIG_DVB_SP887X	config	["linux-aw2511@92c27523bfa57dc21acd843897c8949d549702c7:CONFIG_DVB_SP887X"]	mainline	["CONFIG_DVB_SP887X=n"]	["CONFIG_DVB_SP887X=n"]	[]	[]	["board-io-security.sh"]
config:CONFIG_DVB_STB0899	config	["linux-aw2511@92c27523bfa57dc21acd843897c8949d549702c7:CONFIG_DVB_STB0899"]	mainline	["CONFIG_DVB_STB0899=n"]	["CONFIG_DVB_STB0899=n"]	[]	[]	["board-io-security.sh"]
config:CONFIG_DVB_STB6000	config	["linux-aw2511@92c27523bfa57dc21acd843897c8949d549702c7:CONFIG_DVB_STB6000"]	mainline	["CONFIG_DVB_STB6000=n"]	["CONFIG_DVB_STB6000=n"]	[]	[]	["board-io-security.sh"]
config:CONFIG_DVB_STB6100	config	["linux-aw2511@92c27523bfa57dc21acd843897c8949d549702c7:CONFIG_DVB_STB6100"]	mainline	["CONFIG_DVB_STB6100=n"]	["CONFIG_DVB_STB6100=n"]	[]	[]	["board-io-security.sh"]
config:CONFIG_DVB_STV0288	config	["linux-aw2511@92c27523bfa57dc21acd843897c8949d549702c7:CONFIG_DVB_STV0288"]	mainline	["CONFIG_DVB_STV0288=n"]	["CONFIG_DVB_STV0288=n"]	[]	[]	["board-io-security.sh"]
config:CONFIG_DVB_STV0297	config	["linux-aw2511@92c27523bfa57dc21acd843897c8949d549702c7:CONFIG_DVB_STV0297"]	mainline	["CONFIG_DVB_STV0297=n"]	["CONFIG_DVB_STV0297=n"]	[]	[]	["board-io-security.sh"]
config:CONFIG_DVB_STV0299	config	["linux-aw2511@92c27523bfa57dc21acd843897c8949d549702c7:CONFIG_DVB_STV0299"]	mainline	["CONFIG_DVB_STV0299=n"]	["CONFIG_DVB_STV0299=n"]	[]	[]	["board-io-security.sh"]
config:CONFIG_DVB_STV0367	config	["linux-aw2511@92c27523bfa57dc21acd843897c8949d549702c7:CONFIG_DVB_STV0367"]	mainline	["CONFIG_DVB_STV0367=n"]	["CONFIG_DVB_STV0367=n"]	[]	[]	["board-io-security.sh"]
config:CONFIG_DVB_STV0900	config	["linux-aw2511@92c27523bfa57dc21acd843897c8949d549702c7:CONFIG_DVB_STV0900"]	mainline	["CONFIG_DVB_STV0900=n"]	["CONFIG_DVB_STV0900=n"]	[]	[]	["board-io-security.sh"]
config:CONFIG_DVB_STV0910	config	["linux-aw2511@92c27523bfa57dc21acd843897c8949d549702c7:CONFIG_DVB_STV0910"]	mainline	["CONFIG_DVB_STV0910=n"]	["CONFIG_DVB_STV0910=n"]	[]	[]	["board-io-security.sh"]
config:CONFIG_DVB_STV6110	config	["linux-aw2511@92c27523bfa57dc21acd843897c8949d549702c7:CONFIG_DVB_STV6110"]	mainline	["CONFIG_DVB_STV6110=n"]	["CONFIG_DVB_STV6110=n"]	[]	[]	["board-io-security.sh"]
config:CONFIG_DVB_STV6111	config	["linux-aw2511@92c27523bfa57dc21acd843897c8949d549702c7:CONFIG_DVB_STV6111"]	mainline	["CONFIG_DVB_STV6111=n"]	["CONFIG_DVB_STV6111=n"]	[]	[]	["board-io-security.sh"]
config:CONFIG_DVB_TC90522	config	["linux-aw2511@92c27523bfa57dc21acd843897c8949d549702c7:CONFIG_DVB_TC90522"]	mainline	["CONFIG_DVB_TC90522=n"]	["CONFIG_DVB_TC90522=n"]	[]	[]	["board-io-security.sh"]
config:CONFIG_DVB_TDA10021	config	["linux-aw2511@92c27523bfa57dc21acd843897c8949d549702c7:CONFIG_DVB_TDA10021"]	mainline	["CONFIG_DVB_TDA10021=n"]	["CONFIG_DVB_TDA10021=n"]	[]	[]	["board-io-security.sh"]
config:CONFIG_DVB_TDA10023	config	["linux-aw2511@92c27523bfa57dc21acd843897c8949d549702c7:CONFIG_DVB_TDA10023"]	mainline	["CONFIG_DVB_TDA10023=n"]	["CONFIG_DVB_TDA10023=n"]	[]	[]	["board-io-security.sh"]
config:CONFIG_DVB_TDA10048	config	["linux-aw2511@92c27523bfa57dc21acd843897c8949d549702c7:CONFIG_DVB_TDA10048"]	mainline	["CONFIG_DVB_TDA10048=n"]	["CONFIG_DVB_TDA10048=n"]	[]	[]	["board-io-security.sh"]
config:CONFIG_DVB_TDA1004X	config	["linux-aw2511@92c27523bfa57dc21acd843897c8949d549702c7:CONFIG_DVB_TDA1004X"]	mainline	["CONFIG_DVB_TDA1004X=n"]	["CONFIG_DVB_TDA1004X=n"]	[]	[]	["board-io-security.sh"]
config:CONFIG_DVB_TDA10071	config	["linux-aw2511@92c27523bfa57dc21acd843897c8949d549702c7:CONFIG_DVB_TDA10071"]	mainline	["CONFIG_DVB_TDA10071=n"]	["CONFIG_DVB_TDA10071=n"]	[]	[]	["board-io-security.sh"]
config:CONFIG_DVB_TDA10086	config	["linux-aw2511@92c27523bfa57dc21acd843897c8949d549702c7:CONFIG_DVB_TDA10086"]	mainline	["CONFIG_DVB_TDA10086=n"]	["CONFIG_DVB_TDA10086=n"]	[]	[]	["board-io-security.sh"]
config:CONFIG_DVB_TDA18271C2DD	config	["linux-aw2511@92c27523bfa57dc21acd843897c8949d549702c7:CONFIG_DVB_TDA18271C2DD"]	mainline	["CONFIG_DVB_TDA18271C2DD=n"]	["CONFIG_DVB_TDA18271C2DD=n"]	[]	[]	["board-io-security.sh"]
config:CONFIG_DVB_TDA8083	config	["linux-aw2511@92c27523bfa57dc21acd843897c8949d549702c7:CONFIG_DVB_TDA8083"]	mainline	["CONFIG_DVB_TDA8083=n"]	["CONFIG_DVB_TDA8083=n"]	[]	[]	["board-io-security.sh"]
config:CONFIG_DVB_TDA8261	config	["linux-aw2511@92c27523bfa57dc21acd843897c8949d549702c7:CONFIG_DVB_TDA8261"]	mainline	["CONFIG_DVB_TDA8261=n"]	["CONFIG_DVB_TDA8261=n"]	[]	[]	["board-io-security.sh"]
config:CONFIG_DVB_TDA826X	config	["linux-aw2511@92c27523bfa57dc21acd843897c8949d549702c7:CONFIG_DVB_TDA826X"]	mainline	["CONFIG_DVB_TDA826X=n"]	["CONFIG_DVB_TDA826X=n"]	[]	[]	["board-io-security.sh"]
config:CONFIG_DVB_TS2020	config	["linux-aw2511@92c27523bfa57dc21acd843897c8949d549702c7:CONFIG_DVB_TS2020"]	mainline	["CONFIG_DVB_TS2020=n"]	["CONFIG_DVB_TS2020=n"]	[]	[]	["board-io-security.sh"]
config:CONFIG_DVB_TUA6100	config	["linux-aw2511@92c27523bfa57dc21acd843897c8949d549702c7:CONFIG_DVB_TUA6100"]	mainline	["CONFIG_DVB_TUA6100=n"]	["CONFIG_DVB_TUA6100=n"]	[]	[]	["board-io-security.sh"]
config:CONFIG_DVB_TUNER_CX24113	config	["linux-aw2511@92c27523bfa57dc21acd843897c8949d549702c7:CONFIG_DVB_TUNER_CX24113"]	mainline	["CONFIG_DVB_TUNER_CX24113=n"]	["CONFIG_DVB_TUNER_CX24113=n"]	[]	[]	["board-io-security.sh"]
config:CONFIG_DVB_TUNER_DIB0070	config	["linux-aw2511@92c27523bfa57dc21acd843897c8949d549702c7:CONFIG_DVB_TUNER_DIB0070"]	mainline	["CONFIG_DVB_TUNER_DIB0070=n"]	["CONFIG_DVB_TUNER_DIB0070=n"]	[]	[]	["media-camera.sh"]
config:CONFIG_DVB_TUNER_DIB0090	config	["linux-aw2511@92c27523bfa57dc21acd843897c8949d549702c7:CONFIG_DVB_TUNER_DIB0090"]	mainline	["CONFIG_DVB_TUNER_DIB0090=n"]	["CONFIG_DVB_TUNER_DIB0090=n"]	[]	[]	["media-camera.sh"]
config:CONFIG_DVB_TUNER_ITD1000	config	["linux-aw2511@92c27523bfa57dc21acd843897c8949d549702c7:CONFIG_DVB_TUNER_ITD1000"]	mainline	["CONFIG_DVB_TUNER_ITD1000=n"]	["CONFIG_DVB_TUNER_ITD1000=n"]	[]	[]	["board-io-security.sh"]
config:CONFIG_DVB_VES1820	config	["linux-aw2511@92c27523bfa57dc21acd843897c8949d549702c7:CONFIG_DVB_VES1820"]	mainline	["CONFIG_DVB_VES1820=n"]	["CONFIG_DVB_VES1820=n"]	[]	[]	["board-io-security.sh"]
config:CONFIG_DVB_VES1X93	config	["linux-aw2511@92c27523bfa57dc21acd843897c8949d549702c7:CONFIG_DVB_VES1X93"]	mainline	["CONFIG_DVB_VES1X93=n"]	["CONFIG_DVB_VES1X93=n"]	[]	[]	["board-io-security.sh"]
config:CONFIG_DVB_ZD1301_DEMOD	config	["linux-aw2511@92c27523bfa57dc21acd843897c8949d549702c7:CONFIG_DVB_ZD1301_DEMOD"]	mainline	["CONFIG_DVB_ZD1301_DEMOD=n"]	["CONFIG_DVB_ZD1301_DEMOD=n"]	[]	[]	["board-io-security.sh"]
config:CONFIG_DVB_ZL10036	config	["linux-aw2511@92c27523bfa57dc21acd843897c8949d549702c7:CONFIG_DVB_ZL10036"]	mainline	["CONFIG_DVB_ZL10036=n"]	["CONFIG_DVB_ZL10036=n"]	[]	[]	["board-io-security.sh"]
config:CONFIG_DVB_ZL10039	config	["linux-aw2511@92c27523bfa57dc21acd843897c8949d549702c7:CONFIG_DVB_ZL10039"]	mainline	["CONFIG_DVB_ZL10039=n"]	["CONFIG_DVB_ZL10039=n"]	[]	[]	["board-io-security.sh"]
config:CONFIG_DVB_ZL10353	config	["linux-aw2511@92c27523bfa57dc21acd843897c8949d549702c7:CONFIG_DVB_ZL10353"]	mainline	["CONFIG_DVB_ZL10353=n"]	["CONFIG_DVB_ZL10353=n"]	[]	[]	["board-io-security.sh"]
config:CONFIG_DWC3_SUNXI_PLAT	config	["linux-aw2511@92c27523bfa57dc21acd843897c8949d549702c7:CONFIG_DWC3_SUNXI_PLAT"]	mainline	["CONFIG_DWC3_SUNXI_PLAT=n"]	["CONFIG_DWC3_SUNXI_PLAT=n"]	[]	[]	["board-io-security.sh"]
config:CONFIG_DWMAC_GENERIC	config	["linux-aw2511@92c27523bfa57dc21acd843897c8949d549702c7:CONFIG_DWMAC_GENERIC"]	mainline	[]	["CONFIG_DWMAC_GENERIC=m"]	[]	[]	[]
config:CONFIG_DWMAC_SUN8I	config	["linux-aw2511@92c27523bfa57dc21acd843897c8949d549702c7:CONFIG_DWMAC_SUN8I"]	mainline	[]	["CONFIG_DWMAC_SUN8I=m"]	[]	[]	[]
config:CONFIG_DWMAC_SUNXI	config	["linux-aw2511@92c27523bfa57dc21acd843897c8949d549702c7:CONFIG_DWMAC_SUNXI"]	mainline	[]	["CONFIG_DWMAC_SUNXI=m"]	[]	[]	[]
config:CONFIG_DYNAMIC_DEBUG_CORE	config	["linux-aw2511@92c27523bfa57dc21acd843897c8949d549702c7:CONFIG_DYNAMIC_DEBUG_CORE"]	mainline	["CONFIG_DYNAMIC_DEBUG_CORE=n"]	["CONFIG_DYNAMIC_DEBUG_CORE=n"]	[]	[]	["board-io-security.sh"]
config:CONFIG_DYNAMIC_EVENTS	config	["linux-aw2511@92c27523bfa57dc21acd843897c8949d549702c7:CONFIG_DYNAMIC_EVENTS"]	mainline	["CONFIG_DYNAMIC_EVENTS=n"]	["CONFIG_DYNAMIC_EVENTS=n"]	[]	[]	["board-io-security.sh"]
config:CONFIG_DYNAMIC_FTRACE	config	["linux-aw2511@92c27523bfa57dc21acd843897c8949d549702c7:CONFIG_DYNAMIC_FTRACE"]	mainline	["CONFIG_DYNAMIC_FTRACE=n"]	["CONFIG_DYNAMIC_FTRACE=n"]	[]	[]	["board-io-security.sh"]
config:CONFIG_DYNAMIC_FTRACE_WITH_ARGS	config	["linux-aw2511@92c27523bfa57dc21acd843897c8949d549702c7:CONFIG_DYNAMIC_FTRACE_WITH_ARGS"]	mainline	["CONFIG_DYNAMIC_FTRACE_WITH_ARGS=n"]	["CONFIG_DYNAMIC_FTRACE_WITH_ARGS=n"]	[]	[]	["board-io-security.sh"]
config:CONFIG_DYNAMIC_FTRACE_WITH_CALL_OPS	config	["linux-aw2511@92c27523bfa57dc21acd843897c8949d549702c7:CONFIG_DYNAMIC_FTRACE_WITH_CALL_OPS"]	mainline	["CONFIG_DYNAMIC_FTRACE_WITH_CALL_OPS=n"]	["CONFIG_DYNAMIC_FTRACE_WITH_CALL_OPS=n"]	[]	[]	["board-io-security.sh"]
config:CONFIG_DYNAMIC_FTRACE_WITH_DIRECT_CALLS	config	["linux-aw2511@92c27523bfa57dc21acd843897c8949d549702c7:CONFIG_DYNAMIC_FTRACE_WITH_DIRECT_CALLS"]	mainline	["CONFIG_DYNAMIC_FTRACE_WITH_DIRECT_CALLS=n"]	["CONFIG_DYNAMIC_FTRACE_WITH_DIRECT_CALLS=n"]	[]	[]	["media-camera.sh"]
config:CONFIG_EFIVAR_FS	config	["linux-aw2511@92c27523bfa57dc21acd843897c8949d549702c7:CONFIG_EFIVAR_FS"]	mainline	[]	["CONFIG_EFIVAR_FS=y"]	[]	[]	[]
config:CONFIG_ENC28J60	config	["linux-aw2511@92c27523bfa57dc21acd843897c8949d549702c7:CONFIG_ENC28J60"]	mainline	["CONFIG_ENC28J60=n"]	["CONFIG_ENC28J60=n"]	[]	[]	["board-io-security.sh"]
config:CONFIG_ENCX24J600	config	["linux-aw2511@92c27523bfa57dc21acd843897c8949d549702c7:CONFIG_ENCX24J600"]	mainline	["CONFIG_ENCX24J600=n"]	["CONFIG_ENCX24J600=n"]	[]	[]	["board-io-security.sh"]
config:CONFIG_EQUALIZER	config	["linux-aw2511@92c27523bfa57dc21acd843897c8949d549702c7:CONFIG_EQUALIZER"]	mainline	["CONFIG_EQUALIZER=n"]	["CONFIG_EQUALIZER=n"]	[]	[]	["board-io-security.sh"]
config:CONFIG_EVENT_TRACING	config	["linux-aw2511@92c27523bfa57dc21acd843897c8949d549702c7:CONFIG_EVENT_TRACING"]	mainline	["CONFIG_EVENT_TRACING=n"]	["CONFIG_EVENT_TRACING=n"]	[]	[]	["board-io-security.sh"]
config:CONFIG_EXFAT_FS	config	["linux-aw2511@92c27523bfa57dc21acd843897c8949d549702c7:CONFIG_EXFAT_FS"]	mainline	["CONFIG_EXFAT_FS=n"]	["CONFIG_EXFAT_FS=n"]	[]	[]	["board-io-security.sh"]
config:CONFIG_EXPERT	config	["linux-aw2511@92c27523bfa57dc21acd843897c8949d549702c7:CONFIG_EXPERT"]	mainline	["CONFIG_EXPERT=n"]	["CONFIG_EXPERT=n"]	[]	[]	["board-io-security.sh"]
config:CONFIG_EXPORTFS	config	["linux-aw2511@92c27523bfa57dc21acd843897c8949d549702c7:CONFIG_EXPORTFS"]	mainline	[]	["CONFIG_EXPORTFS=y"]	[]	[]	[]
config:CONFIG_FAT_DEFAULT_UTF8	config	["linux-aw2511@92c27523bfa57dc21acd843897c8949d549702c7:CONFIG_FAT_DEFAULT_UTF8"]	mainline	["CONFIG_FAT_DEFAULT_UTF8=n"]	["CONFIG_FAT_DEFAULT_UTF8=n"]	[]	[]	["board-io-security.sh"]
config:CONFIG_FAT_FS	config	["linux-aw2511@92c27523bfa57dc21acd843897c8949d549702c7:CONFIG_FAT_FS"]	mainline	[]	["CONFIG_FAT_FS=y"]	[]	[]	[]
config:CONFIG_FB_BACKLIGHT	config	["linux-aw2511@92c27523bfa57dc21acd843897c8949d549702c7:CONFIG_FB_BACKLIGHT"]	mainline	["CONFIG_FB_BACKLIGHT=n"]	["CONFIG_FB_BACKLIGHT=n"]	[]	[]	["board-io-security.sh"]
config:CONFIG_FB_SYS_FOPS	config	["linux-aw2511@92c27523bfa57dc21acd843897c8949d549702c7:CONFIG_FB_SYS_FOPS"]	mainline	["CONFIG_FB_SYS_FOPS=n"]	["CONFIG_FB_SYS_FOPS=n"]	[]	[]	["board-io-security.sh"]
config:CONFIG_FB_TFT	config	["linux-aw2511@92c27523bfa57dc21acd843897c8949d549702c7:CONFIG_FB_TFT"]	mainline	["CONFIG_FB_TFT=n"]	["CONFIG_FB_TFT=n"]	[]	[]	["board-io-security.sh"]
config:CONFIG_FB_TFT_AGM1264K_FL	config	["linux-aw2511@92c27523bfa57dc21acd843897c8949d549702c7:CONFIG_FB_TFT_AGM1264K_FL"]	mainline	["CONFIG_FB_TFT_AGM1264K_FL=n"]	["CONFIG_FB_TFT_AGM1264K_FL=n"]	[]	[]	["board-io-security.sh"]
config:CONFIG_FB_TFT_BD663474	config	["linux-aw2511@92c27523bfa57dc21acd843897c8949d549702c7:CONFIG_FB_TFT_BD663474"]	mainline	["CONFIG_FB_TFT_BD663474=n"]	["CONFIG_FB_TFT_BD663474=n"]	[]	[]	["board-io-security.sh"]
config:CONFIG_FB_TFT_HX8340BN	config	["linux-aw2511@92c27523bfa57dc21acd843897c8949d549702c7:CONFIG_FB_TFT_HX8340BN"]	mainline	["CONFIG_FB_TFT_HX8340BN=n"]	["CONFIG_FB_TFT_HX8340BN=n"]	[]	[]	["board-io-security.sh"]
config:CONFIG_FB_TFT_HX8347D	config	["linux-aw2511@92c27523bfa57dc21acd843897c8949d549702c7:CONFIG_FB_TFT_HX8347D"]	mainline	["CONFIG_FB_TFT_HX8347D=n"]	["CONFIG_FB_TFT_HX8347D=n"]	[]	[]	["board-io-security.sh"]
config:CONFIG_FB_TFT_HX8353D	config	["linux-aw2511@92c27523bfa57dc21acd843897c8949d549702c7:CONFIG_FB_TFT_HX8353D"]	mainline	["CONFIG_FB_TFT_HX8353D=n"]	["CONFIG_FB_TFT_HX8353D=n"]	[]	[]	["board-io-security.sh"]
config:CONFIG_FB_TFT_HX8357D	config	["linux-aw2511@92c27523bfa57dc21acd843897c8949d549702c7:CONFIG_FB_TFT_HX8357D"]	mainline	["CONFIG_FB_TFT_HX8357D=n"]	["CONFIG_FB_TFT_HX8357D=n"]	[]	[]	["board-io-security.sh"]
config:CONFIG_FB_TFT_ILI9163	config	["linux-aw2511@92c27523bfa57dc21acd843897c8949d549702c7:CONFIG_FB_TFT_ILI9163"]	mainline	["CONFIG_FB_TFT_ILI9163=n"]	["CONFIG_FB_TFT_ILI9163=n"]	[]	[]	["board-io-security.sh"]
config:CONFIG_FB_TFT_ILI9320	config	["linux-aw2511@92c27523bfa57dc21acd843897c8949d549702c7:CONFIG_FB_TFT_ILI9320"]	mainline	["CONFIG_FB_TFT_ILI9320=n"]	["CONFIG_FB_TFT_ILI9320=n"]	[]	[]	["board-io-security.sh"]
config:CONFIG_FB_TFT_ILI9325	config	["linux-aw2511@92c27523bfa57dc21acd843897c8949d549702c7:CONFIG_FB_TFT_ILI9325"]	mainline	["CONFIG_FB_TFT_ILI9325=n"]	["CONFIG_FB_TFT_ILI9325=n"]	[]	[]	["board-io-security.sh"]
config:CONFIG_FB_TFT_ILI9340	config	["linux-aw2511@92c27523bfa57dc21acd843897c8949d549702c7:CONFIG_FB_TFT_ILI9340"]	mainline	["CONFIG_FB_TFT_ILI9340=n"]	["CONFIG_FB_TFT_ILI9340=n"]	[]	[]	["board-io-security.sh"]
config:CONFIG_FB_TFT_ILI9341	config	["linux-aw2511@92c27523bfa57dc21acd843897c8949d549702c7:CONFIG_FB_TFT_ILI9341"]	mainline	["CONFIG_FB_TFT_ILI9341=n"]	["CONFIG_FB_TFT_ILI9341=n"]	[]	[]	["board-io-security.sh"]
config:CONFIG_FB_TFT_ILI9481	config	["linux-aw2511@92c27523bfa57dc21acd843897c8949d549702c7:CONFIG_FB_TFT_ILI9481"]	mainline	["CONFIG_FB_TFT_ILI9481=n"]	["CONFIG_FB_TFT_ILI9481=n"]	[]	[]	["board-io-security.sh"]
config:CONFIG_FB_TFT_ILI9486	config	["linux-aw2511@92c27523bfa57dc21acd843897c8949d549702c7:CONFIG_FB_TFT_ILI9486"]	mainline	["CONFIG_FB_TFT_ILI9486=n"]	["CONFIG_FB_TFT_ILI9486=n"]	[]	[]	["board-io-security.sh"]
config:CONFIG_FB_TFT_PCD8544	config	["linux-aw2511@92c27523bfa57dc21acd843897c8949d549702c7:CONFIG_FB_TFT_PCD8544"]	mainline	["CONFIG_FB_TFT_PCD8544=n"]	["CONFIG_FB_TFT_PCD8544=n"]	[]	[]	["board-io-security.sh"]
config:CONFIG_FB_TFT_RA8875	config	["linux-aw2511@92c27523bfa57dc21acd843897c8949d549702c7:CONFIG_FB_TFT_RA8875"]	mainline	["CONFIG_FB_TFT_RA8875=n"]	["CONFIG_FB_TFT_RA8875=n"]	[]	[]	["board-io-security.sh"]
config:CONFIG_FB_TFT_S6D02A1	config	["linux-aw2511@92c27523bfa57dc21acd843897c8949d549702c7:CONFIG_FB_TFT_S6D02A1"]	mainline	["CONFIG_FB_TFT_S6D02A1=n"]	["CONFIG_FB_TFT_S6D02A1=n"]	[]	[]	["board-io-security.sh"]
config:CONFIG_FB_TFT_S6D1121	config	["linux-aw2511@92c27523bfa57dc21acd843897c8949d549702c7:CONFIG_FB_TFT_S6D1121"]	mainline	["CONFIG_FB_TFT_S6D1121=n"]	["CONFIG_FB_TFT_S6D1121=n"]	[]	[]	["board-io-security.sh"]
config:CONFIG_FB_TFT_SEPS525	config	["linux-aw2511@92c27523bfa57dc21acd843897c8949d549702c7:CONFIG_FB_TFT_SEPS525"]	mainline	["CONFIG_FB_TFT_SEPS525=n"]	["CONFIG_FB_TFT_SEPS525=n"]	[]	[]	["board-io-security.sh"]
config:CONFIG_FB_TFT_SH1106	config	["linux-aw2511@92c27523bfa57dc21acd843897c8949d549702c7:CONFIG_FB_TFT_SH1106"]	mainline	["CONFIG_FB_TFT_SH1106=n"]	["CONFIG_FB_TFT_SH1106=n"]	[]	[]	["board-io-security.sh"]
config:CONFIG_FB_TFT_SSD1289	config	["linux-aw2511@92c27523bfa57dc21acd843897c8949d549702c7:CONFIG_FB_TFT_SSD1289"]	mainline	["CONFIG_FB_TFT_SSD1289=n"]	["CONFIG_FB_TFT_SSD1289=n"]	[]	[]	["board-io-security.sh"]
config:CONFIG_FB_TFT_SSD1305	config	["linux-aw2511@92c27523bfa57dc21acd843897c8949d549702c7:CONFIG_FB_TFT_SSD1305"]	mainline	["CONFIG_FB_TFT_SSD1305=n"]	["CONFIG_FB_TFT_SSD1305=n"]	[]	[]	["board-io-security.sh"]
config:CONFIG_FB_TFT_SSD1306	config	["linux-aw2511@92c27523bfa57dc21acd843897c8949d549702c7:CONFIG_FB_TFT_SSD1306"]	mainline	["CONFIG_FB_TFT_SSD1306=n"]	["CONFIG_FB_TFT_SSD1306=n"]	[]	[]	["board-io-security.sh"]
config:CONFIG_FB_TFT_SSD1331	config	["linux-aw2511@92c27523bfa57dc21acd843897c8949d549702c7:CONFIG_FB_TFT_SSD1331"]	mainline	["CONFIG_FB_TFT_SSD1331=n"]	["CONFIG_FB_TFT_SSD1331=n"]	[]	[]	["board-io-security.sh"]
config:CONFIG_FB_TFT_SSD1351	config	["linux-aw2511@92c27523bfa57dc21acd843897c8949d549702c7:CONFIG_FB_TFT_SSD1351"]	mainline	["CONFIG_FB_TFT_SSD1351=n"]	["CONFIG_FB_TFT_SSD1351=n"]	[]	[]	["board-io-security.sh"]
config:CONFIG_FB_TFT_ST7735R	config	["linux-aw2511@92c27523bfa57dc21acd843897c8949d549702c7:CONFIG_FB_TFT_ST7735R"]	mainline	["CONFIG_FB_TFT_ST7735R=n"]	["CONFIG_FB_TFT_ST7735R=n"]	[]	[]	["board-io-security.sh"]
config:CONFIG_FB_TFT_ST7789V	config	["linux-aw2511@92c27523bfa57dc21acd843897c8949d549702c7:CONFIG_FB_TFT_ST7789V"]	mainline	["CONFIG_FB_TFT_ST7789V=n"]	["CONFIG_FB_TFT_ST7789V=n"]	[]	[]	["board-io-security.sh"]
config:CONFIG_FB_TFT_TINYLCD	config	["linux-aw2511@92c27523bfa57dc21acd843897c8949d549702c7:CONFIG_FB_TFT_TINYLCD"]	mainline	["CONFIG_FB_TFT_TINYLCD=n"]	["CONFIG_FB_TFT_TINYLCD=n"]	[]	[]	["display-hdmi.sh"]
config:CONFIG_FB_TFT_TLS8204	config	["linux-aw2511@92c27523bfa57dc21acd843897c8949d549702c7:CONFIG_FB_TFT_TLS8204"]	mainline	["CONFIG_FB_TFT_TLS8204=n"]	["CONFIG_FB_TFT_TLS8204=n"]	[]	[]	["board-io-security.sh"]
config:CONFIG_FB_TFT_UC1611	config	["linux-aw2511@92c27523bfa57dc21acd843897c8949d549702c7:CONFIG_FB_TFT_UC1611"]	mainline	["CONFIG_FB_TFT_UC1611=n"]	["CONFIG_FB_TFT_UC1611=n"]	[]	[]	["board-io-security.sh"]
config:CONFIG_FB_TFT_UC1701	config	["linux-aw2511@92c27523bfa57dc21acd843897c8949d549702c7:CONFIG_FB_TFT_UC1701"]	mainline	["CONFIG_FB_TFT_UC1701=n"]	["CONFIG_FB_TFT_UC1701=n"]	[]	[]	["board-io-security.sh"]
config:CONFIG_FB_TFT_UPD161704	config	["linux-aw2511@92c27523bfa57dc21acd843897c8949d549702c7:CONFIG_FB_TFT_UPD161704"]	mainline	["CONFIG_FB_TFT_UPD161704=n"]	["CONFIG_FB_TFT_UPD161704=n"]	[]	[]	["board-io-security.sh"]
config:CONFIG_FIB_RULES	config	["linux-aw2511@92c27523bfa57dc21acd843897c8949d549702c7:CONFIG_FIB_RULES"]	mainline	["CONFIG_FIB_RULES=n"]	["CONFIG_FIB_RULES=n"]	[]	[]	["board-io-security.sh"]
config:CONFIG_FLASH	config	["linux-aw2511@92c27523bfa57dc21acd843897c8949d549702c7:CONFIG_FLASH"]	mainline	["CONFIG_FLASH=n"]	["CONFIG_FLASH=n"]	[]	[]	["board-io-security.sh"]
config:CONFIG_FRAMEBUFFER_CONSOLE_DEFERRED_TAKEOVER	config	["linux-aw2511@92c27523bfa57dc21acd843897c8949d549702c7:CONFIG_FRAMEBUFFER_CONSOLE_DEFERRED_TAKEOVER"]	mainline	["CONFIG_FRAMEBUFFER_CONSOLE_DEFERRED_TAKEOVER=n"]	["CONFIG_FRAMEBUFFER_CONSOLE_DEFERRED_TAKEOVER=n"]	[]	[]	["board-io-security.sh"]
config:CONFIG_FRAMEBUFFER_CONSOLE_ROTATION	config	["linux-aw2511@92c27523bfa57dc21acd843897c8949d549702c7:CONFIG_FRAMEBUFFER_CONSOLE_ROTATION"]	mainline	["CONFIG_FRAMEBUFFER_CONSOLE_ROTATION=n"]	["CONFIG_FRAMEBUFFER_CONSOLE_ROTATION=n"]	[]	[]	["board-io-security.sh"]
config:CONFIG_FSCACHE	config	["linux-aw2511@92c27523bfa57dc21acd843897c8949d549702c7:CONFIG_FSCACHE"]	mainline	["CONFIG_FSCACHE=n"]	["CONFIG_FSCACHE=n"]	[]	[]	["board-io-security.sh"]
config:CONFIG_FS_ENCRYPTION	config	["linux-aw2511@92c27523bfa57dc21acd843897c8949d549702c7:CONFIG_FS_ENCRYPTION"]	mainline	["CONFIG_FS_ENCRYPTION=n"]	["CONFIG_FS_ENCRYPTION=n"]	[]	[]	["board-io-security.sh"]
config:CONFIG_FS_ENCRYPTION_ALGS	config	["linux-aw2511@92c27523bfa57dc21acd843897c8949d549702c7:CONFIG_FS_ENCRYPTION_ALGS"]	mainline	["CONFIG_FS_ENCRYPTION_ALGS=n"]	["CONFIG_FS_ENCRYPTION_ALGS=n"]	[]	[]	["board-io-security.sh"]
config:CONFIG_FTRACE	config	["linux-aw2511@92c27523bfa57dc21acd843897c8949d549702c7:CONFIG_FTRACE"]	mainline	["CONFIG_FTRACE=n"]	["CONFIG_FTRACE=n"]	[]	[]	["board-io-security.sh"]
config:CONFIG_FTRACE_MCOUNT_RECORD	config	["linux-aw2511@92c27523bfa57dc21acd843897c8949d549702c7:CONFIG_FTRACE_MCOUNT_RECORD"]	mainline	["CONFIG_FTRACE_MCOUNT_RECORD=n"]	["CONFIG_FTRACE_MCOUNT_RECORD=n"]	[]	[]	["board-io-security.sh"]
config:CONFIG_FTRACE_MCOUNT_USE_PATCHABLE_FUNCTION_ENTRY	config	["linux-aw2511@92c27523bfa57dc21acd843897c8949d549702c7:CONFIG_FTRACE_MCOUNT_USE_PATCHABLE_FUNCTION_ENTRY"]	mainline	["CONFIG_FTRACE_MCOUNT_USE_PATCHABLE_FUNCTION_ENTRY=n"]	["CONFIG_FTRACE_MCOUNT_USE_PATCHABLE_FUNCTION_ENTRY=n"]	[]	[]	["board-io-security.sh"]
config:CONFIG_FUNCTION_ALIGNMENT_8B	config	["linux-aw2511@92c27523bfa57dc21acd843897c8949d549702c7:CONFIG_FUNCTION_ALIGNMENT_8B"]	mainline	["CONFIG_FUNCTION_ALIGNMENT_8B=n"]	["CONFIG_FUNCTION_ALIGNMENT_8B=n"]	[]	[]	["board-io-security.sh"]
config:CONFIG_FUNCTION_GRAPH_TRACER	config	["linux-aw2511@92c27523bfa57dc21acd843897c8949d549702c7:CONFIG_FUNCTION_GRAPH_TRACER"]	mainline	["CONFIG_FUNCTION_GRAPH_TRACER=n"]	["CONFIG_FUNCTION_GRAPH_TRACER=n"]	[]	[]	["board-io-security.sh"]
config:CONFIG_FUNCTION_TRACER	config	["linux-aw2511@92c27523bfa57dc21acd843897c8949d549702c7:CONFIG_FUNCTION_TRACER"]	mainline	["CONFIG_FUNCTION_TRACER=n"]	["CONFIG_FUNCTION_TRACER=n"]	[]	[]	["board-io-security.sh"]
config:CONFIG_GENERIC_PTDUMP	config	["linux-aw2511@92c27523bfa57dc21acd843897c8949d549702c7:CONFIG_GENERIC_PTDUMP"]	mainline	["CONFIG_GENERIC_PTDUMP=n"]	["CONFIG_GENERIC_PTDUMP=n"]	[]	[]	["board-io-security.sh"]
config:CONFIG_GENERIC_TIME_VSYSCALL	config	["linux-aw2511@92c27523bfa57dc21acd843897c8949d549702c7:CONFIG_GENERIC_TIME_VSYSCALL"]	mainline	["CONFIG_GENERIC_TIME_VSYSCALL=n"]	["CONFIG_GENERIC_TIME_VSYSCALL=n"]	[]	[]	["board-io-security.sh"]
config:CONFIG_GENERIC_TRACER	config	["linux-aw2511@92c27523bfa57dc21acd843897c8949d549702c7:CONFIG_GENERIC_TRACER"]	mainline	["CONFIG_GENERIC_TRACER=n"]	["CONFIG_GENERIC_TRACER=n"]	[]	[]	["board-io-security.sh"]
config:CONFIG_GENERIC_VDSO_TIME_NS	config	["linux-aw2511@92c27523bfa57dc21acd843897c8949d549702c7:CONFIG_GENERIC_VDSO_TIME_NS"]	mainline	["CONFIG_GENERIC_VDSO_TIME_NS=n"]	["CONFIG_GENERIC_VDSO_TIME_NS=n"]	[]	[]	["board-io-security.sh"]
config:CONFIG_GENEVE	config	["linux-aw2511@92c27523bfa57dc21acd843897c8949d549702c7:CONFIG_GENEVE"]	mainline	["CONFIG_GENEVE=n"]	["CONFIG_GENEVE=n"]	[]	[]	["board-io-security.sh"]
config:CONFIG_GPIO_CDEV_V1	config	["linux-aw2511@92c27523bfa57dc21acd843897c8949d549702c7:CONFIG_GPIO_CDEV_V1"]	mainline	["CONFIG_GPIO_CDEV_V1=n"]	["CONFIG_GPIO_CDEV_V1=n"]	[]	[]	["board-io-security.sh"]
config:CONFIG_GRACE_PERIOD	config	["linux-aw2511@92c27523bfa57dc21acd843897c8949d549702c7:CONFIG_GRACE_PERIOD"]	mainline	[]	["CONFIG_GRACE_PERIOD=y"]	[]	[]	[]
config:CONFIG_HAVE_ARCH_KCSAN	config	["linux-aw2511@92c27523bfa57dc21acd843897c8949d549702c7:CONFIG_HAVE_ARCH_KCSAN"]	mainline	["CONFIG_HAVE_ARCH_KCSAN=n"]	["CONFIG_HAVE_ARCH_KCSAN=n"]	[]	[]	["board-io-security.sh"]
config:CONFIG_HAVE_ARCH_STACKLEAK	config	["linux-aw2511@92c27523bfa57dc21acd843897c8949d549702c7:CONFIG_HAVE_ARCH_STACKLEAK"]	mainline	["CONFIG_HAVE_ARCH_STACKLEAK=n"]	["CONFIG_HAVE_ARCH_STACKLEAK=n"]	[]	[]	["board-io-security.sh"]
config:CONFIG_HAVE_DYNAMIC_FTRACE_WITH_CALL_OPS	config	["linux-aw2511@92c27523bfa57dc21acd843897c8949d549702c7:CONFIG_HAVE_DYNAMIC_FTRACE_WITH_CALL_OPS"]	mainline	["CONFIG_HAVE_DYNAMIC_FTRACE_WITH_CALL_OPS=n"]	["CONFIG_HAVE_DYNAMIC_FTRACE_WITH_CALL_OPS=n"]	[]	[]	["board-io-security.sh"]
config:CONFIG_HAVE_DYNAMIC_FTRACE_WITH_DIRECT_CALLS	config	["linux-aw2511@92c27523bfa57dc21acd843897c8949d549702c7:CONFIG_HAVE_DYNAMIC_FTRACE_WITH_DIRECT_CALLS"]	mainline	["CONFIG_HAVE_DYNAMIC_FTRACE_WITH_DIRECT_CALLS=n"]	["CONFIG_HAVE_DYNAMIC_FTRACE_WITH_DIRECT_CALLS=n"]	[]	[]	["media-camera.sh"]
config:CONFIG_HAVE_FAST_GUP	config	["linux-aw2511@92c27523bfa57dc21acd843897c8949d549702c7:CONFIG_HAVE_FAST_GUP"]	mainline	["CONFIG_HAVE_FAST_GUP=n"]	["CONFIG_HAVE_FAST_GUP=n"]	[]	[]	["board-io-security.sh"]
config:CONFIG_HAVE_FTRACE_MCOUNT_RECORD	config	["linux-aw2511@92c27523bfa57dc21acd843897c8949d549702c7:CONFIG_HAVE_FTRACE_MCOUNT_RECORD"]	mainline	["CONFIG_HAVE_FTRACE_MCOUNT_RECORD=n"]	["CONFIG_HAVE_FTRACE_MCOUNT_RECORD=n"]	[]	[]	["board-io-security.sh"]
config:CONFIG_HAVE_FUNCTION_GRAPH_RETVAL	config	["linux-aw2511@92c27523bfa57dc21acd843897c8949d549702c7:CONFIG_HAVE_FUNCTION_GRAPH_RETVAL"]	mainline	["CONFIG_HAVE_FUNCTION_GRAPH_RETVAL=n"]	["CONFIG_HAVE_FUNCTION_GRAPH_RETVAL=n"]	[]	[]	["board-io-security.sh"]
config:CONFIG_HAVE_KVM	config	["linux-aw2511@92c27523bfa57dc21acd843897c8949d549702c7:CONFIG_HAVE_KVM"]	mainline	["CONFIG_HAVE_KVM=n"]	["CONFIG_HAVE_KVM=n"]	[]	[]	["board-io-security.sh"]
config:CONFIG_HAVE_KVM_EVENTFD	config	["linux-aw2511@92c27523bfa57dc21acd843897c8949d549702c7:CONFIG_HAVE_KVM_EVENTFD"]	mainline	["CONFIG_HAVE_KVM_EVENTFD=n"]	["CONFIG_HAVE_KVM_EVENTFD=n"]	[]	[]	["board-io-security.sh"]
config:CONFIG_HAVE_KVM_IRQFD	config	["linux-aw2511@92c27523bfa57dc21acd843897c8949d549702c7:CONFIG_HAVE_KVM_IRQFD"]	mainline	["CONFIG_HAVE_KVM_IRQFD=n"]	["CONFIG_HAVE_KVM_IRQFD=n"]	[]	[]	["board-io-security.sh"]
config:CONFIG_HWMON_VID	config	["linux-aw2511@92c27523bfa57dc21acd843897c8949d549702c7:CONFIG_HWMON_VID"]	mainline	["CONFIG_HWMON_VID=n"]	["CONFIG_HWMON_VID=n"]	[]	[]	["board-io-security.sh"]
config:CONFIG_HW_CONSOLE	config	["linux-aw2511@92c27523bfa57dc21acd843897c8949d549702c7:CONFIG_HW_CONSOLE"]	mainline	["CONFIG_HW_CONSOLE=n"]	["CONFIG_HW_CONSOLE=n"]	[]	[]	["board-io-security.sh"]
config:CONFIG_I2C_ALGOBIT	config	["linux-aw2511@92c27523bfa57dc21acd843897c8949d549702c7:CONFIG_I2C_ALGOBIT"]	mainline	[]	["CONFIG_I2C_ALGOBIT=m"]	[]	[]	[]
config:CONFIG_I2C_COMPAT	config	["linux-aw2511@92c27523bfa57dc21acd843897c8949d549702c7:CONFIG_I2C_COMPAT"]	mainline	["CONFIG_I2C_COMPAT=n"]	["CONFIG_I2C_COMPAT=n"]	[]	[]	["board-io-security.sh"]
config:CONFIG_I2C_GPIO	config	["linux-aw2511@92c27523bfa57dc21acd843897c8949d549702c7:CONFIG_I2C_GPIO"]	mainline	[]	["CONFIG_I2C_GPIO=m"]	[]	[]	[]
config:CONFIG_I2C_GPIO_FAULT_INJECTOR	config	["linux-aw2511@92c27523bfa57dc21acd843897c8949d549702c7:CONFIG_I2C_GPIO_FAULT_INJECTOR"]	mainline	["CONFIG_I2C_GPIO_FAULT_INJECTOR=n"]	["CONFIG_I2C_GPIO_FAULT_INJECTOR=n"]	[]	[]	["board-io-security.sh"]
config:CONFIG_IFB	config	["linux-aw2511@92c27523bfa57dc21acd843897c8949d549702c7:CONFIG_IFB"]	mainline	["CONFIG_IFB=n"]	["CONFIG_IFB=n"]	[]	[]	["board-io-security.sh"]
config:CONFIG_IGC	config	["linux-aw2511@92c27523bfa57dc21acd843897c8949d549702c7:CONFIG_IGC"]	mainline	["CONFIG_IGC=n"]	["CONFIG_IGC=n"]	[]	[]	["board-io-security.sh"]
config:CONFIG_INET_ESP	config	["linux-aw2511@92c27523bfa57dc21acd843897c8949d549702c7:CONFIG_INET_ESP"]	mainline	["CONFIG_INET_ESP=n"]	["CONFIG_INET_ESP=n"]	[]	[]	["board-io-security.sh"]
config:CONFIG_INET_MPTCP_DIAG	config	["linux-aw2511@92c27523bfa57dc21acd843897c8949d549702c7:CONFIG_INET_MPTCP_DIAG"]	mainline	["CONFIG_INET_MPTCP_DIAG=n"]	["CONFIG_INET_MPTCP_DIAG=n"]	[]	[]	["media-camera.sh"]
config:CONFIG_INET_RAW_DIAG	config	["linux-aw2511@92c27523bfa57dc21acd843897c8949d549702c7:CONFIG_INET_RAW_DIAG"]	mainline	["CONFIG_INET_RAW_DIAG=n"]	["CONFIG_INET_RAW_DIAG=n"]	[]	[]	["media-camera.sh"]
config:CONFIG_INET_TUNNEL	config	["linux-aw2511@92c27523bfa57dc21acd843897c8949d549702c7:CONFIG_INET_TUNNEL"]	mainline	[]	["CONFIG_INET_TUNNEL=m"]	[]	[]	[]
config:CONFIG_INET_UDP_DIAG	config	["linux-aw2511@92c27523bfa57dc21acd843897c8949d549702c7:CONFIG_INET_UDP_DIAG"]	mainline	["CONFIG_INET_UDP_DIAG=n"]	["CONFIG_INET_UDP_DIAG=n"]	[]	[]	["media-camera.sh"]
config:CONFIG_INLINE_READ_LOCK	config	["linux-aw2511@92c27523bfa57dc21acd843897c8949d549702c7:CONFIG_INLINE_READ_LOCK"]	mainline	["CONFIG_INLINE_READ_LOCK=n"]	["CONFIG_INLINE_READ_LOCK=n"]	[]	[]	["board-io-security.sh"]
config:CONFIG_INLINE_READ_LOCK_BH	config	["linux-aw2511@92c27523bfa57dc21acd843897c8949d549702c7:CONFIG_INLINE_READ_LOCK_BH"]	mainline	["CONFIG_INLINE_READ_LOCK_BH=n"]	["CONFIG_INLINE_READ_LOCK_BH=n"]	[]	[]	["board-io-security.sh"]
config:CONFIG_INLINE_READ_LOCK_IRQ	config	["linux-aw2511@92c27523bfa57dc21acd843897c8949d549702c7:CONFIG_INLINE_READ_LOCK_IRQ"]	mainline	["CONFIG_INLINE_READ_LOCK_IRQ=n"]	["CONFIG_INLINE_READ_LOCK_IRQ=n"]	[]	[]	["board-io-security.sh"]
config:CONFIG_INLINE_READ_LOCK_IRQSAVE	config	["linux-aw2511@92c27523bfa57dc21acd843897c8949d549702c7:CONFIG_INLINE_READ_LOCK_IRQSAVE"]	mainline	["CONFIG_INLINE_READ_LOCK_IRQSAVE=n"]	["CONFIG_INLINE_READ_LOCK_IRQSAVE=n"]	[]	[]	["board-io-security.sh"]
config:CONFIG_INLINE_READ_UNLOCK	config	["linux-aw2511@92c27523bfa57dc21acd843897c8949d549702c7:CONFIG_INLINE_READ_UNLOCK"]	mainline	["CONFIG_INLINE_READ_UNLOCK=n"]	["CONFIG_INLINE_READ_UNLOCK=n"]	[]	[]	["board-io-security.sh"]
config:CONFIG_INLINE_READ_UNLOCK_BH	config	["linux-aw2511@92c27523bfa57dc21acd843897c8949d549702c7:CONFIG_INLINE_READ_UNLOCK_BH"]	mainline	["CONFIG_INLINE_READ_UNLOCK_BH=n"]	["CONFIG_INLINE_READ_UNLOCK_BH=n"]	[]	[]	["board-io-security.sh"]
config:CONFIG_INLINE_READ_UNLOCK_IRQ	config	["linux-aw2511@92c27523bfa57dc21acd843897c8949d549702c7:CONFIG_INLINE_READ_UNLOCK_IRQ"]	mainline	["CONFIG_INLINE_READ_UNLOCK_IRQ=n"]	["CONFIG_INLINE_READ_UNLOCK_IRQ=n"]	[]	[]	["board-io-security.sh"]
config:CONFIG_INLINE_READ_UNLOCK_IRQRESTORE	config	["linux-aw2511@92c27523bfa57dc21acd843897c8949d549702c7:CONFIG_INLINE_READ_UNLOCK_IRQRESTORE"]	mainline	["CONFIG_INLINE_READ_UNLOCK_IRQRESTORE=n"]	["CONFIG_INLINE_READ_UNLOCK_IRQRESTORE=n"]	[]	[]	["board-io-security.sh"]
config:CONFIG_INLINE_SPIN_LOCK	config	["linux-aw2511@92c27523bfa57dc21acd843897c8949d549702c7:CONFIG_INLINE_SPIN_LOCK"]	mainline	["CONFIG_INLINE_SPIN_LOCK=n"]	["CONFIG_INLINE_SPIN_LOCK=n"]	[]	[]	["board-io-security.sh"]
config:CONFIG_INLINE_SPIN_LOCK_BH	config	["linux-aw2511@92c27523bfa57dc21acd843897c8949d549702c7:CONFIG_INLINE_SPIN_LOCK_BH"]	mainline	["CONFIG_INLINE_SPIN_LOCK_BH=n"]	["CONFIG_INLINE_SPIN_LOCK_BH=n"]	[]	[]	["board-io-security.sh"]
config:CONFIG_INLINE_SPIN_LOCK_IRQ	config	["linux-aw2511@92c27523bfa57dc21acd843897c8949d549702c7:CONFIG_INLINE_SPIN_LOCK_IRQ"]	mainline	["CONFIG_INLINE_SPIN_LOCK_IRQ=n"]	["CONFIG_INLINE_SPIN_LOCK_IRQ=n"]	[]	[]	["board-io-security.sh"]
config:CONFIG_INLINE_SPIN_LOCK_IRQSAVE	config	["linux-aw2511@92c27523bfa57dc21acd843897c8949d549702c7:CONFIG_INLINE_SPIN_LOCK_IRQSAVE"]	mainline	["CONFIG_INLINE_SPIN_LOCK_IRQSAVE=n"]	["CONFIG_INLINE_SPIN_LOCK_IRQSAVE=n"]	[]	[]	["board-io-security.sh"]
config:CONFIG_INLINE_SPIN_TRYLOCK	config	["linux-aw2511@92c27523bfa57dc21acd843897c8949d549702c7:CONFIG_INLINE_SPIN_TRYLOCK"]	mainline	["CONFIG_INLINE_SPIN_TRYLOCK=n"]	["CONFIG_INLINE_SPIN_TRYLOCK=n"]	[]	[]	["board-io-security.sh"]
config:CONFIG_INLINE_SPIN_TRYLOCK_BH	config	["linux-aw2511@92c27523bfa57dc21acd843897c8949d549702c7:CONFIG_INLINE_SPIN_TRYLOCK_BH"]	mainline	["CONFIG_INLINE_SPIN_TRYLOCK_BH=n"]	["CONFIG_INLINE_SPIN_TRYLOCK_BH=n"]	[]	[]	["board-io-security.sh"]
config:CONFIG_INLINE_SPIN_UNLOCK_BH	config	["linux-aw2511@92c27523bfa57dc21acd843897c8949d549702c7:CONFIG_INLINE_SPIN_UNLOCK_BH"]	mainline	["CONFIG_INLINE_SPIN_UNLOCK_BH=n"]	["CONFIG_INLINE_SPIN_UNLOCK_BH=n"]	[]	[]	["board-io-security.sh"]
config:CONFIG_INLINE_SPIN_UNLOCK_IRQ	config	["linux-aw2511@92c27523bfa57dc21acd843897c8949d549702c7:CONFIG_INLINE_SPIN_UNLOCK_IRQ"]	mainline	["CONFIG_INLINE_SPIN_UNLOCK_IRQ=n"]	["CONFIG_INLINE_SPIN_UNLOCK_IRQ=n"]	[]	[]	["board-io-security.sh"]
config:CONFIG_INLINE_SPIN_UNLOCK_IRQRESTORE	config	["linux-aw2511@92c27523bfa57dc21acd843897c8949d549702c7:CONFIG_INLINE_SPIN_UNLOCK_IRQRESTORE"]	mainline	["CONFIG_INLINE_SPIN_UNLOCK_IRQRESTORE=n"]	["CONFIG_INLINE_SPIN_UNLOCK_IRQRESTORE=n"]	[]	[]	["board-io-security.sh"]
config:CONFIG_INLINE_WRITE_LOCK	config	["linux-aw2511@92c27523bfa57dc21acd843897c8949d549702c7:CONFIG_INLINE_WRITE_LOCK"]	mainline	["CONFIG_INLINE_WRITE_LOCK=n"]	["CONFIG_INLINE_WRITE_LOCK=n"]	[]	[]	["board-io-security.sh"]
config:CONFIG_INLINE_WRITE_LOCK_BH	config	["linux-aw2511@92c27523bfa57dc21acd843897c8949d549702c7:CONFIG_INLINE_WRITE_LOCK_BH"]	mainline	["CONFIG_INLINE_WRITE_LOCK_BH=n"]	["CONFIG_INLINE_WRITE_LOCK_BH=n"]	[]	[]	["board-io-security.sh"]
config:CONFIG_INLINE_WRITE_LOCK_IRQ	config	["linux-aw2511@92c27523bfa57dc21acd843897c8949d549702c7:CONFIG_INLINE_WRITE_LOCK_IRQ"]	mainline	["CONFIG_INLINE_WRITE_LOCK_IRQ=n"]	["CONFIG_INLINE_WRITE_LOCK_IRQ=n"]	[]	[]	["board-io-security.sh"]
config:CONFIG_INLINE_WRITE_LOCK_IRQSAVE	config	["linux-aw2511@92c27523bfa57dc21acd843897c8949d549702c7:CONFIG_INLINE_WRITE_LOCK_IRQSAVE"]	mainline	["CONFIG_INLINE_WRITE_LOCK_IRQSAVE=n"]	["CONFIG_INLINE_WRITE_LOCK_IRQSAVE=n"]	[]	[]	["board-io-security.sh"]
config:CONFIG_INLINE_WRITE_UNLOCK	config	["linux-aw2511@92c27523bfa57dc21acd843897c8949d549702c7:CONFIG_INLINE_WRITE_UNLOCK"]	mainline	["CONFIG_INLINE_WRITE_UNLOCK=n"]	["CONFIG_INLINE_WRITE_UNLOCK=n"]	[]	[]	["board-io-security.sh"]
config:CONFIG_INLINE_WRITE_UNLOCK_BH	config	["linux-aw2511@92c27523bfa57dc21acd843897c8949d549702c7:CONFIG_INLINE_WRITE_UNLOCK_BH"]	mainline	["CONFIG_INLINE_WRITE_UNLOCK_BH=n"]	["CONFIG_INLINE_WRITE_UNLOCK_BH=n"]	[]	[]	["board-io-security.sh"]
config:CONFIG_INLINE_WRITE_UNLOCK_IRQ	config	["linux-aw2511@92c27523bfa57dc21acd843897c8949d549702c7:CONFIG_INLINE_WRITE_UNLOCK_IRQ"]	mainline	["CONFIG_INLINE_WRITE_UNLOCK_IRQ=n"]	["CONFIG_INLINE_WRITE_UNLOCK_IRQ=n"]	[]	[]	["board-io-security.sh"]
config:CONFIG_INLINE_WRITE_UNLOCK_IRQRESTORE	config	["linux-aw2511@92c27523bfa57dc21acd843897c8949d549702c7:CONFIG_INLINE_WRITE_UNLOCK_IRQRESTORE"]	mainline	["CONFIG_INLINE_WRITE_UNLOCK_IRQRESTORE=n"]	["CONFIG_INLINE_WRITE_UNLOCK_IRQRESTORE=n"]	[]	[]	["board-io-security.sh"]
config:CONFIG_INPUT_JOYSTICK	config	["linux-aw2511@92c27523bfa57dc21acd843897c8949d549702c7:CONFIG_INPUT_JOYSTICK"]	mainline	["CONFIG_INPUT_JOYSTICK=n"]	["CONFIG_INPUT_JOYSTICK=n"]	[]	[]	["npu.sh"]
config:CONFIG_INPUT_TABLET	config	["linux-aw2511@92c27523bfa57dc21acd843897c8949d549702c7:CONFIG_INPUT_TABLET"]	mainline	["CONFIG_INPUT_TABLET=n"]	["CONFIG_INPUT_TABLET=n"]	[]	[]	["npu.sh"]
config:CONFIG_INPUT_UINPUT	config	["linux-aw2511@92c27523bfa57dc21acd843897c8949d549702c7:CONFIG_INPUT_UINPUT"]	mainline	["CONFIG_INPUT_UINPUT=n"]	["CONFIG_INPUT_UINPUT=n"]	[]	[]	["npu.sh"]
config:CONFIG_IPV6_MULTIPLE_TABLES	config	["linux-aw2511@92c27523bfa57dc21acd843897c8949d549702c7:CONFIG_IPV6_MULTIPLE_TABLES"]	mainline	["CONFIG_IPV6_MULTIPLE_TABLES=n"]	["CONFIG_IPV6_MULTIPLE_TABLES=n"]	[]	[]	["board-io-security.sh"]
config:CONFIG_IPV6_SIT	config	["linux-aw2511@92c27523bfa57dc21acd843897c8949d549702c7:CONFIG_IPV6_SIT"]	mainline	[]	["CONFIG_IPV6_SIT=m"]	[]	[]	[]
config:CONFIG_IPVLAN	config	["linux-aw2511@92c27523bfa57dc21acd843897c8949d549702c7:CONFIG_IPVLAN"]	mainline	["CONFIG_IPVLAN=n"]	["CONFIG_IPVLAN=n"]	[]	[]	["board-io-security.sh"]
config:CONFIG_IPVLAN_L3S	config	["linux-aw2511@92c27523bfa57dc21acd843897c8949d549702c7:CONFIG_IPVLAN_L3S"]	mainline	["CONFIG_IPVLAN_L3S=n"]	["CONFIG_IPVLAN_L3S=n"]	[]	[]	["board-io-security.sh"]
config:CONFIG_IP_ADVANCED_ROUTER	config	["linux-aw2511@92c27523bfa57dc21acd843897c8949d549702c7:CONFIG_IP_ADVANCED_ROUTER"]	mainline	["CONFIG_IP_ADVANCED_ROUTER=n"]	["CONFIG_IP_ADVANCED_ROUTER=n"]	[]	[]	["board-io-security.sh"]
config:CONFIG_IP_MULTIPLE_TABLES	config	["linux-aw2511@92c27523bfa57dc21acd843897c8949d549702c7:CONFIG_IP_MULTIPLE_TABLES"]	mainline	["CONFIG_IP_MULTIPLE_TABLES=n"]	["CONFIG_IP_MULTIPLE_TABLES=n"]	[]	[]	["board-io-security.sh"]
config:CONFIG_IP_NF_FILTER	config	["linux-aw2511@92c27523bfa57dc21acd843897c8949d549702c7:CONFIG_IP_NF_FILTER"]	mainline	["CONFIG_IP_NF_FILTER=n"]	["CONFIG_IP_NF_FILTER=n"]	[]	[]	["board-io-security.sh"]
config:CONFIG_IP_NF_MANGLE	config	["linux-aw2511@92c27523bfa57dc21acd843897c8949d549702c7:CONFIG_IP_NF_MANGLE"]	mainline	["CONFIG_IP_NF_MANGLE=n"]	["CONFIG_IP_NF_MANGLE=n"]	[]	[]	["board-io-security.sh"]
config:CONFIG_IP_NF_NAT	config	["linux-aw2511@92c27523bfa57dc21acd843897c8949d549702c7:CONFIG_IP_NF_NAT"]	mainline	["CONFIG_IP_NF_NAT=n"]	["CONFIG_IP_NF_NAT=n"]	[]	[]	["board-io-security.sh"]
config:CONFIG_IP_NF_RAW	config	["linux-aw2511@92c27523bfa57dc21acd843897c8949d549702c7:CONFIG_IP_NF_RAW"]	mainline	["CONFIG_IP_NF_RAW=n"]	["CONFIG_IP_NF_RAW=n"]	[]	[]	["board-io-security.sh"]
config:CONFIG_IP_NF_SECURITY	config	["linux-aw2511@92c27523bfa57dc21acd843897c8949d549702c7:CONFIG_IP_NF_SECURITY"]	mainline	["CONFIG_IP_NF_SECURITY=n"]	["CONFIG_IP_NF_SECURITY=n"]	[]	[]	["board-io-security.sh"]
config:CONFIG_IP_NF_TARGET_MASQUERADE	config	["linux-aw2511@92c27523bfa57dc21acd843897c8949d549702c7:CONFIG_IP_NF_TARGET_MASQUERADE"]	mainline	["CONFIG_IP_NF_TARGET_MASQUERADE=n"]	["CONFIG_IP_NF_TARGET_MASQUERADE=n"]	[]	[]	["board-io-security.sh"]
config:CONFIG_IP_NF_TARGET_REDIRECT	config	["linux-aw2511@92c27523bfa57dc21acd843897c8949d549702c7:CONFIG_IP_NF_TARGET_REDIRECT"]	mainline	["CONFIG_IP_NF_TARGET_REDIRECT=n"]	["CONFIG_IP_NF_TARGET_REDIRECT=n"]	[]	[]	["board-io-security.sh"]
config:CONFIG_IP_VS_IPV6	config	["linux-aw2511@92c27523bfa57dc21acd843897c8949d549702c7:CONFIG_IP_VS_IPV6"]	mainline	["CONFIG_IP_VS_IPV6=n"]	["CONFIG_IP_VS_IPV6=n"]	[]	[]	["k3s-cilium.sh"]
config:CONFIG_IP_VS_NFCT	config	["linux-aw2511@92c27523bfa57dc21acd843897c8949d549702c7:CONFIG_IP_VS_NFCT"]	mainline	["CONFIG_IP_VS_NFCT=n"]	["CONFIG_IP_VS_NFCT=n"]	[]	[]	["k3s-cilium.sh"]
config:CONFIG_IP_VS_PROTO_AH	config	["linux-aw2511@92c27523bfa57dc21acd843897c8949d549702c7:CONFIG_IP_VS_PROTO_AH"]	mainline	["CONFIG_IP_VS_PROTO_AH=n"]	["CONFIG_IP_VS_PROTO_AH=n"]	[]	[]	["k3s-cilium.sh"]
config:CONFIG_IP_VS_PROTO_AH_ESP	config	["linux-aw2511@92c27523bfa57dc21acd843897c8949d549702c7:CONFIG_IP_VS_PROTO_AH_ESP"]	mainline	["CONFIG_IP_VS_PROTO_AH_ESP=n"]	["CONFIG_IP_VS_PROTO_AH_ESP=n"]	[]	[]	["k3s-cilium.sh"]
config:CONFIG_IP_VS_PROTO_ESP	config	["linux-aw2511@92c27523bfa57dc21acd843897c8949d549702c7:CONFIG_IP_VS_PROTO_ESP"]	mainline	["CONFIG_IP_VS_PROTO_ESP=n"]	["CONFIG_IP_VS_PROTO_ESP=n"]	[]	[]	["k3s-cilium.sh"]
config:CONFIG_IP_VS_PROTO_SCTP	config	["linux-aw2511@92c27523bfa57dc21acd843897c8949d549702c7:CONFIG_IP_VS_PROTO_SCTP"]	mainline	["CONFIG_IP_VS_PROTO_SCTP=n"]	["CONFIG_IP_VS_PROTO_SCTP=n"]	[]	[]	["k3s-cilium.sh"]
config:CONFIG_IP_VS_PROTO_TCP	config	["linux-aw2511@92c27523bfa57dc21acd843897c8949d549702c7:CONFIG_IP_VS_PROTO_TCP"]	mainline	["CONFIG_IP_VS_PROTO_TCP=n"]	["CONFIG_IP_VS_PROTO_TCP=n"]	[]	[]	["k3s-cilium.sh"]
config:CONFIG_IP_VS_PROTO_UDP	config	["linux-aw2511@92c27523bfa57dc21acd843897c8949d549702c7:CONFIG_IP_VS_PROTO_UDP"]	mainline	["CONFIG_IP_VS_PROTO_UDP=n"]	["CONFIG_IP_VS_PROTO_UDP=n"]	[]	[]	["k3s-cilium.sh"]
config:CONFIG_IP_VS_RR	config	["linux-aw2511@92c27523bfa57dc21acd843897c8949d549702c7:CONFIG_IP_VS_RR"]	mainline	["CONFIG_IP_VS_RR=n"]	["CONFIG_IP_VS_RR=n"]	[]	[]	["k3s-cilium.sh"]
config:CONFIG_IR_GPIO_TX	config	["linux-aw2511@92c27523bfa57dc21acd843897c8949d549702c7:CONFIG_IR_GPIO_TX"]	mainline	["CONFIG_IR_GPIO_TX=n"]	["CONFIG_IR_GPIO_TX=n"]	[]	[]	["board-io-security.sh"]
config:CONFIG_IR_IMON_DECODER	config	["linux-aw2511@92c27523bfa57dc21acd843897c8949d549702c7:CONFIG_IR_IMON_DECODER"]	mainline	["CONFIG_IR_IMON_DECODER=n"]	["CONFIG_IR_IMON_DECODER=n"]	[]	[]	["board-io-security.sh"]
config:CONFIG_IR_JVC_DECODER	config	["linux-aw2511@92c27523bfa57dc21acd843897c8949d549702c7:CONFIG_IR_JVC_DECODER"]	mainline	["CONFIG_IR_JVC_DECODER=n"]	["CONFIG_IR_JVC_DECODER=n"]	[]	[]	["board-io-security.sh"]
config:CONFIG_IR_MCE_KBD_DECODER	config	["linux-aw2511@92c27523bfa57dc21acd843897c8949d549702c7:CONFIG_IR_MCE_KBD_DECODER"]	mainline	["CONFIG_IR_MCE_KBD_DECODER=n"]	["CONFIG_IR_MCE_KBD_DECODER=n"]	[]	[]	["board-io-security.sh"]
config:CONFIG_IR_NEC_DECODER	config	["linux-aw2511@92c27523bfa57dc21acd843897c8949d549702c7:CONFIG_IR_NEC_DECODER"]	mainline	["CONFIG_IR_NEC_DECODER=n"]	["CONFIG_IR_NEC_DECODER=n"]	[]	[]	["board-io-security.sh"]
config:CONFIG_IR_PWM_TX	config	["linux-aw2511@92c27523bfa57dc21acd843897c8949d549702c7:CONFIG_IR_PWM_TX"]	mainline	["CONFIG_IR_PWM_TX=n"]	["CONFIG_IR_PWM_TX=n"]	[]	[]	["board-io-security.sh"]
config:CONFIG_IR_RC5_DECODER	config	["linux-aw2511@92c27523bfa57dc21acd843897c8949d549702c7:CONFIG_IR_RC5_DECODER"]	mainline	["CONFIG_IR_RC5_DECODER=n"]	["CONFIG_IR_RC5_DECODER=n"]	[]	[]	["board-io-security.sh"]
config:CONFIG_IR_RC6_DECODER	config	["linux-aw2511@92c27523bfa57dc21acd843897c8949d549702c7:CONFIG_IR_RC6_DECODER"]	mainline	["CONFIG_IR_RC6_DECODER=n"]	["CONFIG_IR_RC6_DECODER=n"]	[]	[]	["board-io-security.sh"]
config:CONFIG_IR_RCMM_DECODER	config	["linux-aw2511@92c27523bfa57dc21acd843897c8949d549702c7:CONFIG_IR_RCMM_DECODER"]	mainline	["CONFIG_IR_RCMM_DECODER=n"]	["CONFIG_IR_RCMM_DECODER=n"]	[]	[]	["board-io-security.sh"]
config:CONFIG_IR_SANYO_DECODER	config	["linux-aw2511@92c27523bfa57dc21acd843897c8949d549702c7:CONFIG_IR_SANYO_DECODER"]	mainline	["CONFIG_IR_SANYO_DECODER=n"]	["CONFIG_IR_SANYO_DECODER=n"]	[]	[]	["board-io-security.sh"]
config:CONFIG_IR_SHARP_DECODER	config	["linux-aw2511@92c27523bfa57dc21acd843897c8949d549702c7:CONFIG_IR_SHARP_DECODER"]	mainline	["CONFIG_IR_SHARP_DECODER=n"]	["CONFIG_IR_SHARP_DECODER=n"]	[]	[]	["board-io-security.sh"]
config:CONFIG_IR_SONY_DECODER	config	["linux-aw2511@92c27523bfa57dc21acd843897c8949d549702c7:CONFIG_IR_SONY_DECODER"]	mainline	["CONFIG_IR_SONY_DECODER=n"]	["CONFIG_IR_SONY_DECODER=n"]	[]	[]	["board-io-security.sh"]
config:CONFIG_IR_SPI	config	["linux-aw2511@92c27523bfa57dc21acd843897c8949d549702c7:CONFIG_IR_SPI"]	mainline	["CONFIG_IR_SPI=n"]	["CONFIG_IR_SPI=n"]	[]	[]	["board-io-security.sh"]
config:CONFIG_IR_XMP_DECODER	config	["linux-aw2511@92c27523bfa57dc21acd843897c8949d549702c7:CONFIG_IR_XMP_DECODER"]	mainline	["CONFIG_IR_XMP_DECODER=n"]	["CONFIG_IR_XMP_DECODER=n"]	[]	[]	["board-io-security.sh"]
config:CONFIG_ISCSI_BOOT_SYSFS	config	["linux-aw2511@92c27523bfa57dc21acd843897c8949d549702c7:CONFIG_ISCSI_BOOT_SYSFS"]	mainline	["CONFIG_ISCSI_BOOT_SYSFS=n"]	["CONFIG_ISCSI_BOOT_SYSFS=n"]	[]	[]	["ufs.sh"]
config:CONFIG_ISCSI_TCP	config	["linux-aw2511@92c27523bfa57dc21acd843897c8949d549702c7:CONFIG_ISCSI_TCP"]	mainline	["CONFIG_ISCSI_TCP=n"]	["CONFIG_ISCSI_TCP=n"]	[]	[]	["ufs.sh"]
config:CONFIG_IWLWIFI_DEVICE_TRACING	config	["linux-aw2511@92c27523bfa57dc21acd843897c8949d549702c7:CONFIG_IWLWIFI_DEVICE_TRACING"]	mainline	["CONFIG_IWLWIFI_DEVICE_TRACING=n"]	["CONFIG_IWLWIFI_DEVICE_TRACING=n"]	[]	[]	["wifi-bluetooth.sh"]
config:CONFIG_JOYSTICK_XPAD	config	["linux-aw2511@92c27523bfa57dc21acd843897c8949d549702c7:CONFIG_JOYSTICK_XPAD"]	mainline	["CONFIG_JOYSTICK_XPAD=n"]	["CONFIG_JOYSTICK_XPAD=n"]	[]	[]	["board-io-security.sh"]
config:CONFIG_JOYSTICK_XPAD_FF	config	["linux-aw2511@92c27523bfa57dc21acd843897c8949d549702c7:CONFIG_JOYSTICK_XPAD_FF"]	mainline	["CONFIG_JOYSTICK_XPAD_FF=n"]	["CONFIG_JOYSTICK_XPAD_FF=n"]	[]	[]	["board-io-security.sh"]
config:CONFIG_JOYSTICK_XPAD_LEDS	config	["linux-aw2511@92c27523bfa57dc21acd843897c8949d549702c7:CONFIG_JOYSTICK_XPAD_LEDS"]	mainline	["CONFIG_JOYSTICK_XPAD_LEDS=n"]	["CONFIG_JOYSTICK_XPAD_LEDS=n"]	[]	[]	["board-io-security.sh"]
config:CONFIG_KALLSYMS_BASE_RELATIVE	config	["linux-aw2511@92c27523bfa57dc21acd843897c8949d549702c7:CONFIG_KALLSYMS_BASE_RELATIVE"]	mainline	["CONFIG_KALLSYMS_BASE_RELATIVE=n"]	["CONFIG_KALLSYMS_BASE_RELATIVE=n"]	[]	[]	["board-io-security.sh"]
config:CONFIG_KASAN	config	["linux-aw2511@92c27523bfa57dc21acd843897c8949d549702c7:CONFIG_KASAN"]	mainline	["CONFIG_KASAN=n"]	["CONFIG_KASAN=n"]	[]	[]	["board-io-security.sh"]
config:CONFIG_KASAN_HW_TAGS	config	["linux-aw2511@92c27523bfa57dc21acd843897c8949d549702c7:CONFIG_KASAN_HW_TAGS"]	mainline	["CONFIG_KASAN_HW_TAGS=n"]	["CONFIG_KASAN_HW_TAGS=n"]	[]	[]	["board-io-security.sh"]
config:CONFIG_KASAN_VMALLOC	config	["linux-aw2511@92c27523bfa57dc21acd843897c8949d549702c7:CONFIG_KASAN_VMALLOC"]	mainline	["CONFIG_KASAN_VMALLOC=n"]	["CONFIG_KASAN_VMALLOC=n"]	[]	[]	["board-io-security.sh"]
config:CONFIG_KEY_DH_OPERATIONS	config	["linux-aw2511@92c27523bfa57dc21acd843897c8949d549702c7:CONFIG_KEY_DH_OPERATIONS"]	mainline	["CONFIG_KEY_DH_OPERATIONS=n"]	["CONFIG_KEY_DH_OPERATIONS=n"]	[]	[]	["board-io-security.sh"]
config:CONFIG_KPROBES	config	["linux-aw2511@92c27523bfa57dc21acd843897c8949d549702c7:CONFIG_KPROBES"]	mainline	["CONFIG_KPROBES=n"]	["CONFIG_KPROBES=n"]	[]	[]	["board-io-security.sh"]
config:CONFIG_KPROBE_EVENTS	config	["linux-aw2511@92c27523bfa57dc21acd843897c8949d549702c7:CONFIG_KPROBE_EVENTS"]	mainline	["CONFIG_KPROBE_EVENTS=n"]	["CONFIG_KPROBE_EVENTS=n"]	[]	[]	["board-io-security.sh"]
config:CONFIG_KRETPROBES	config	["linux-aw2511@92c27523bfa57dc21acd843897c8949d549702c7:CONFIG_KRETPROBES"]	mainline	["CONFIG_KRETPROBES=n"]	["CONFIG_KRETPROBES=n"]	[]	[]	["board-io-security.sh"]
config:CONFIG_KVM_XFER_TO_GUEST_WORK	config	["linux-aw2511@92c27523bfa57dc21acd843897c8949d549702c7:CONFIG_KVM_XFER_TO_GUEST_WORK"]	mainline	["CONFIG_KVM_XFER_TO_GUEST_WORK=n"]	["CONFIG_KVM_XFER_TO_GUEST_WORK=n"]	[]	[]	["board-io-security.sh"]
config:CONFIG_LEDS_PWM	config	["linux-aw2511@92c27523bfa57dc21acd843897c8949d549702c7:CONFIG_LEDS_PWM"]	mainline	[]	["CONFIG_LEDS_PWM=y"]	[]	[]	[]
config:CONFIG_LEDS_PWM_MULTICOLOR	config	["linux-aw2511@92c27523bfa57dc21acd843897c8949d549702c7:CONFIG_LEDS_PWM_MULTICOLOR"]	mainline	["CONFIG_LEDS_PWM_MULTICOLOR=n"]	["CONFIG_LEDS_PWM_MULTICOLOR=n"]	[]	[]	["board-io-security.sh"]
config:CONFIG_LEDS_TRIGGER_ACTIVITY	config	["linux-aw2511@92c27523bfa57dc21acd843897c8949d549702c7:CONFIG_LEDS_TRIGGER_ACTIVITY"]	mainline	["CONFIG_LEDS_TRIGGER_ACTIVITY=n"]	["CONFIG_LEDS_TRIGGER_ACTIVITY=n"]	[]	[]	["board-io-security.sh"]
config:CONFIG_LEDS_TRIGGER_AUDIO	config	["linux-aw2511@92c27523bfa57dc21acd843897c8949d549702c7:CONFIG_LEDS_TRIGGER_AUDIO"]	mainline	["CONFIG_LEDS_TRIGGER_AUDIO=n"]	["CONFIG_LEDS_TRIGGER_AUDIO=n"]	[]	[]	["audio.sh"]
config:CONFIG_LEDS_TRIGGER_BACKLIGHT	config	["linux-aw2511@92c27523bfa57dc21acd843897c8949d549702c7:CONFIG_LEDS_TRIGGER_BACKLIGHT"]	mainline	["CONFIG_LEDS_TRIGGER_BACKLIGHT=n"]	["CONFIG_LEDS_TRIGGER_BACKLIGHT=n"]	[]	[]	["board-io-security.sh"]
config:CONFIG_LEDS_TRIGGER_CAMERA	config	["linux-aw2511@92c27523bfa57dc21acd843897c8949d549702c7:CONFIG_LEDS_TRIGGER_CAMERA"]	mainline	["CONFIG_LEDS_TRIGGER_CAMERA=n"]	["CONFIG_LEDS_TRIGGER_CAMERA=n"]	[]	[]	["board-io-security.sh"]
config:CONFIG_LEDS_TRIGGER_DEFAULT_ON	config	["linux-aw2511@92c27523bfa57dc21acd843897c8949d549702c7:CONFIG_LEDS_TRIGGER_DEFAULT_ON"]	mainline	[]	["CONFIG_LEDS_TRIGGER_DEFAULT_ON=y"]	[]	[]	[]
config:CONFIG_LEDS_TRIGGER_HEARTBEAT	config	["linux-aw2511@92c27523bfa57dc21acd843897c8949d549702c7:CONFIG_LEDS_TRIGGER_HEARTBEAT"]	mainline	[]	["CONFIG_LEDS_TRIGGER_HEARTBEAT=y"]	[]	[]	[]
config:CONFIG_LEDS_TRIGGER_MTD	config	["linux-aw2511@92c27523bfa57dc21acd843897c8949d549702c7:CONFIG_LEDS_TRIGGER_MTD"]	mainline	["CONFIG_LEDS_TRIGGER_MTD=n"]	["CONFIG_LEDS_TRIGGER_MTD=n"]	[]	[]	["board-io-security.sh"]
config:CONFIG_LEDS_TRIGGER_NETDEV	config	["linux-aw2511@92c27523bfa57dc21acd843897c8949d549702c7:CONFIG_LEDS_TRIGGER_NETDEV"]	mainline	["CONFIG_LEDS_TRIGGER_NETDEV=n"]	["CONFIG_LEDS_TRIGGER_NETDEV=n"]	[]	[]	["board-io-security.sh"]
config:CONFIG_LEDS_TRIGGER_ONESHOT	config	["linux-aw2511@92c27523bfa57dc21acd843897c8949d549702c7:CONFIG_LEDS_TRIGGER_ONESHOT"]	mainline	["CONFIG_LEDS_TRIGGER_ONESHOT=n"]	["CONFIG_LEDS_TRIGGER_ONESHOT=n"]	[]	[]	["board-io-security.sh"]
config:CONFIG_LEDS_TRIGGER_PATTERN	config	["linux-aw2511@92c27523bfa57dc21acd843897c8949d549702c7:CONFIG_LEDS_TRIGGER_PATTERN"]	mainline	["CONFIG_LEDS_TRIGGER_PATTERN=n"]	["CONFIG_LEDS_TRIGGER_PATTERN=n"]	[]	[]	["board-io-security.sh"]
config:CONFIG_LEDS_TRIGGER_TIMER	config	["linux-aw2511@92c27523bfa57dc21acd843897c8949d549702c7:CONFIG_LEDS_TRIGGER_TIMER"]	mainline	[]	["CONFIG_LEDS_TRIGGER_TIMER=y"]	[]	[]	[]
config:CONFIG_LEDS_TRIGGER_TRANSIENT	config	["linux-aw2511@92c27523bfa57dc21acd843897c8949d549702c7:CONFIG_LEDS_TRIGGER_TRANSIENT"]	mainline	["CONFIG_LEDS_TRIGGER_TRANSIENT=n"]	["CONFIG_LEDS_TRIGGER_TRANSIENT=n"]	[]	[]	["board-io-security.sh"]
config:CONFIG_LIBCRC32C	config	["linux-aw2511@92c27523bfa57dc21acd843897c8949d549702c7:CONFIG_LIBCRC32C"]	mainline	["CONFIG_LIBCRC32C=n"]	["CONFIG_LIBCRC32C=n"]	[]	[]	["board-io-security.sh"]
config:CONFIG_LIRC	config	["linux-aw2511@92c27523bfa57dc21acd843897c8949d549702c7:CONFIG_LIRC"]	mainline	["CONFIG_LIRC=n"]	["CONFIG_LIRC=n"]	[]	[]	["board-io-security.sh"]
config:CONFIG_LOCKD	config	["linux-aw2511@92c27523bfa57dc21acd843897c8949d549702c7:CONFIG_LOCKD"]	mainline	[]	["CONFIG_LOCKD=y"]	[]	[]	[]
config:CONFIG_LZ4HC_COMPRESS	config	["linux-aw2511@92c27523bfa57dc21acd843897c8949d549702c7:CONFIG_LZ4HC_COMPRESS"]	mainline	["CONFIG_LZ4HC_COMPRESS=n"]	["CONFIG_LZ4HC_COMPRESS=n"]	[]	[]	["board-io-security.sh"]
config:CONFIG_LZ4_COMPRESS	config	["linux-aw2511@92c27523bfa57dc21acd843897c8949d549702c7:CONFIG_LZ4_COMPRESS"]	mainline	[]	["CONFIG_LZ4_COMPRESS=y"]	[]	[]	[]
config:CONFIG_LZ4_DECOMPRESS	config	["linux-aw2511@92c27523bfa57dc21acd843897c8949d549702c7:CONFIG_LZ4_DECOMPRESS"]	mainline	[]	["CONFIG_LZ4_DECOMPRESS=y"]	[]	[]	[]
config:CONFIG_LZO_COMPRESS	config	["linux-aw2511@92c27523bfa57dc21acd843897c8949d549702c7:CONFIG_LZO_COMPRESS"]	mainline	[]	["CONFIG_LZO_COMPRESS=y"]	[]	[]	[]
config:CONFIG_LZO_DECOMPRESS	config	["linux-aw2511@92c27523bfa57dc21acd843897c8949d549702c7:CONFIG_LZO_DECOMPRESS"]	mainline	[]	["CONFIG_LZO_DECOMPRESS=y"]	[]	[]	[]
config:CONFIG_MAXIO_PHY	config	["linux-aw2511@92c27523bfa57dc21acd843897c8949d549702c7:CONFIG_MAXIO_PHY"]	mainline	[]	["CONFIG_MAXIO_PHY=m"]	[]	[]	[]
config:CONFIG_MDIO_BUS	config	["linux-aw2511@92c27523bfa57dc21acd843897c8949d549702c7:CONFIG_MDIO_BUS"]	mainline	["CONFIG_MDIO_BUS=n"]	["CONFIG_MDIO_BUS=n"]	[]	[]	["board-io-security.sh"]
config:CONFIG_MDIO_DEVICE	config	["linux-aw2511@92c27523bfa57dc21acd843897c8949d549702c7:CONFIG_MDIO_DEVICE"]	mainline	["CONFIG_MDIO_DEVICE=n"]	["CONFIG_MDIO_DEVICE=n"]	[]	[]	["board-io-security.sh"]
config:CONFIG_MDIO_DEVRES	config	["linux-aw2511@92c27523bfa57dc21acd843897c8949d549702c7:CONFIG_MDIO_DEVRES"]	mainline	["CONFIG_MDIO_DEVRES=n"]	["CONFIG_MDIO_DEVRES=n"]	[]	[]	["board-io-security.sh"]
config:CONFIG_MEDIA_CEC_RC	config	["linux-aw2511@92c27523bfa57dc21acd843897c8949d549702c7:CONFIG_MEDIA_CEC_RC"]	mainline	["CONFIG_MEDIA_CEC_RC=n"]	["CONFIG_MEDIA_CEC_RC=n"]	[]	[]	["media-camera.sh"]
config:CONFIG_MEDIA_RADIO_SUPPORT	config	["linux-aw2511@92c27523bfa57dc21acd843897c8949d549702c7:CONFIG_MEDIA_RADIO_SUPPORT"]	mainline	["CONFIG_MEDIA_RADIO_SUPPORT=n"]	["CONFIG_MEDIA_RADIO_SUPPORT=n"]	[]	[]	["media-camera.sh"]
config:CONFIG_MEDIA_SUPPORT	config	["linux-aw2511@92c27523bfa57dc21acd843897c8949d549702c7:CONFIG_MEDIA_SUPPORT"]	mainline	[]	["CONFIG_MEDIA_SUPPORT=m"]	[]	[]	[]
config:CONFIG_MEDIA_TEST_SUPPORT	config	["linux-aw2511@92c27523bfa57dc21acd843897c8949d549702c7:CONFIG_MEDIA_TEST_SUPPORT"]	mainline	["CONFIG_MEDIA_TEST_SUPPORT=n"]	["CONFIG_MEDIA_TEST_SUPPORT=n"]	[]	[]	["media-camera.sh"]
config:CONFIG_MEDIA_TUNER	config	["linux-aw2511@92c27523bfa57dc21acd843897c8949d549702c7:CONFIG_MEDIA_TUNER"]	mainline	[]	["CONFIG_MEDIA_TUNER=m"]	[]	[]	[]
config:CONFIG_MEDIA_TUNER_E4000	config	["linux-aw2511@92c27523bfa57dc21acd843897c8949d549702c7:CONFIG_MEDIA_TUNER_E4000"]	mainline	["CONFIG_MEDIA_TUNER_E4000=n"]	["CONFIG_MEDIA_TUNER_E4000=n"]	[]	[]	["media-camera.sh"]
config:CONFIG_MEDIA_TUNER_FC0011	config	["linux-aw2511@92c27523bfa57dc21acd843897c8949d549702c7:CONFIG_MEDIA_TUNER_FC0011"]	mainline	["CONFIG_MEDIA_TUNER_FC0011=n"]	["CONFIG_MEDIA_TUNER_FC0011=n"]	[]	[]	["media-camera.sh"]
config:CONFIG_MEDIA_TUNER_FC0012	config	["linux-aw2511@92c27523bfa57dc21acd843897c8949d549702c7:CONFIG_MEDIA_TUNER_FC0012"]	mainline	["CONFIG_MEDIA_TUNER_FC0012=n"]	["CONFIG_MEDIA_TUNER_FC0012=n"]	[]	[]	["media-camera.sh"]
config:CONFIG_MEDIA_TUNER_FC0013	config	["linux-aw2511@92c27523bfa57dc21acd843897c8949d549702c7:CONFIG_MEDIA_TUNER_FC0013"]	mainline	["CONFIG_MEDIA_TUNER_FC0013=n"]	["CONFIG_MEDIA_TUNER_FC0013=n"]	[]	[]	["media-camera.sh"]
config:CONFIG_MEDIA_TUNER_FC2580	config	["linux-aw2511@92c27523bfa57dc21acd843897c8949d549702c7:CONFIG_MEDIA_TUNER_FC2580"]	mainline	["CONFIG_MEDIA_TUNER_FC2580=n"]	["CONFIG_MEDIA_TUNER_FC2580=n"]	[]	[]	["media-camera.sh"]
config:CONFIG_MEDIA_TUNER_IT913X	config	["linux-aw2511@92c27523bfa57dc21acd843897c8949d549702c7:CONFIG_MEDIA_TUNER_IT913X"]	mainline	["CONFIG_MEDIA_TUNER_IT913X=n"]	["CONFIG_MEDIA_TUNER_IT913X=n"]	[]	[]	["media-camera.sh"]
config:CONFIG_MEDIA_TUNER_M88RS6000T	config	["linux-aw2511@92c27523bfa57dc21acd843897c8949d549702c7:CONFIG_MEDIA_TUNER_M88RS6000T"]	mainline	["CONFIG_MEDIA_TUNER_M88RS6000T=n"]	["CONFIG_MEDIA_TUNER_M88RS6000T=n"]	[]	[]	["media-camera.sh"]
config:CONFIG_MEDIA_TUNER_MAX2165	config	["linux-aw2511@92c27523bfa57dc21acd843897c8949d549702c7:CONFIG_MEDIA_TUNER_MAX2165"]	mainline	["CONFIG_MEDIA_TUNER_MAX2165=n"]	["CONFIG_MEDIA_TUNER_MAX2165=n"]	[]	[]	["media-camera.sh"]
config:CONFIG_MEDIA_TUNER_MSI001	config	["linux-aw2511@92c27523bfa57dc21acd843897c8949d549702c7:CONFIG_MEDIA_TUNER_MSI001"]	mainline	["CONFIG_MEDIA_TUNER_MSI001=n"]	["CONFIG_MEDIA_TUNER_MSI001=n"]	[]	[]	["media-camera.sh"]
config:CONFIG_MEDIA_TUNER_MT2060	config	["linux-aw2511@92c27523bfa57dc21acd843897c8949d549702c7:CONFIG_MEDIA_TUNER_MT2060"]	mainline	["CONFIG_MEDIA_TUNER_MT2060=n"]	["CONFIG_MEDIA_TUNER_MT2060=n"]	[]	[]	["media-camera.sh"]
config:CONFIG_MEDIA_TUNER_MT2063	config	["linux-aw2511@92c27523bfa57dc21acd843897c8949d549702c7:CONFIG_MEDIA_TUNER_MT2063"]	mainline	["CONFIG_MEDIA_TUNER_MT2063=n"]	["CONFIG_MEDIA_TUNER_MT2063=n"]	[]	[]	["media-camera.sh"]
config:CONFIG_MEDIA_TUNER_MT2131	config	["linux-aw2511@92c27523bfa57dc21acd843897c8949d549702c7:CONFIG_MEDIA_TUNER_MT2131"]	mainline	["CONFIG_MEDIA_TUNER_MT2131=n"]	["CONFIG_MEDIA_TUNER_MT2131=n"]	[]	[]	["media-camera.sh"]
config:CONFIG_MEDIA_TUNER_MT2266	config	["linux-aw2511@92c27523bfa57dc21acd843897c8949d549702c7:CONFIG_MEDIA_TUNER_MT2266"]	mainline	["CONFIG_MEDIA_TUNER_MT2266=n"]	["CONFIG_MEDIA_TUNER_MT2266=n"]	[]	[]	["media-camera.sh"]
config:CONFIG_MEDIA_TUNER_MXL301RF	config	["linux-aw2511@92c27523bfa57dc21acd843897c8949d549702c7:CONFIG_MEDIA_TUNER_MXL301RF"]	mainline	["CONFIG_MEDIA_TUNER_MXL301RF=n"]	["CONFIG_MEDIA_TUNER_MXL301RF=n"]	[]	[]	["media-camera.sh"]
config:CONFIG_MEDIA_TUNER_MXL5005S	config	["linux-aw2511@92c27523bfa57dc21acd843897c8949d549702c7:CONFIG_MEDIA_TUNER_MXL5005S"]	mainline	["CONFIG_MEDIA_TUNER_MXL5005S=n"]	["CONFIG_MEDIA_TUNER_MXL5005S=n"]	[]	[]	["media-camera.sh"]
config:CONFIG_MEDIA_TUNER_MXL5007T	config	["linux-aw2511@92c27523bfa57dc21acd843897c8949d549702c7:CONFIG_MEDIA_TUNER_MXL5007T"]	mainline	["CONFIG_MEDIA_TUNER_MXL5007T=n"]	["CONFIG_MEDIA_TUNER_MXL5007T=n"]	[]	[]	["media-camera.sh"]
config:CONFIG_MEDIA_TUNER_QM1D1B0004	config	["linux-aw2511@92c27523bfa57dc21acd843897c8949d549702c7:CONFIG_MEDIA_TUNER_QM1D1B0004"]	mainline	["CONFIG_MEDIA_TUNER_QM1D1B0004=n"]	["CONFIG_MEDIA_TUNER_QM1D1B0004=n"]	[]	[]	["media-camera.sh"]
config:CONFIG_MEDIA_TUNER_QM1D1C0042	config	["linux-aw2511@92c27523bfa57dc21acd843897c8949d549702c7:CONFIG_MEDIA_TUNER_QM1D1C0042"]	mainline	["CONFIG_MEDIA_TUNER_QM1D1C0042=n"]	["CONFIG_MEDIA_TUNER_QM1D1C0042=n"]	[]	[]	["media-camera.sh"]
config:CONFIG_MEDIA_TUNER_QT1010	config	["linux-aw2511@92c27523bfa57dc21acd843897c8949d549702c7:CONFIG_MEDIA_TUNER_QT1010"]	mainline	["CONFIG_MEDIA_TUNER_QT1010=n"]	["CONFIG_MEDIA_TUNER_QT1010=n"]	[]	[]	["media-camera.sh"]
config:CONFIG_MEDIA_TUNER_R820T	config	["linux-aw2511@92c27523bfa57dc21acd843897c8949d549702c7:CONFIG_MEDIA_TUNER_R820T"]	mainline	["CONFIG_MEDIA_TUNER_R820T=n"]	["CONFIG_MEDIA_TUNER_R820T=n"]	[]	[]	["media-camera.sh"]
config:CONFIG_MEDIA_TUNER_SI2157	config	["linux-aw2511@92c27523bfa57dc21acd843897c8949d549702c7:CONFIG_MEDIA_TUNER_SI2157"]	mainline	["CONFIG_MEDIA_TUNER_SI2157=n"]	["CONFIG_MEDIA_TUNER_SI2157=n"]	[]	[]	["media-camera.sh"]
config:CONFIG_MEDIA_TUNER_TDA18212	config	["linux-aw2511@92c27523bfa57dc21acd843897c8949d549702c7:CONFIG_MEDIA_TUNER_TDA18212"]	mainline	["CONFIG_MEDIA_TUNER_TDA18212=n"]	["CONFIG_MEDIA_TUNER_TDA18212=n"]	[]	[]	["media-camera.sh"]
config:CONFIG_MEDIA_TUNER_TDA18218	config	["linux-aw2511@92c27523bfa57dc21acd843897c8949d549702c7:CONFIG_MEDIA_TUNER_TDA18218"]	mainline	["CONFIG_MEDIA_TUNER_TDA18218=n"]	["CONFIG_MEDIA_TUNER_TDA18218=n"]	[]	[]	["media-camera.sh"]
config:CONFIG_MEDIA_TUNER_TDA18250	config	["linux-aw2511@92c27523bfa57dc21acd843897c8949d549702c7:CONFIG_MEDIA_TUNER_TDA18250"]	mainline	["CONFIG_MEDIA_TUNER_TDA18250=n"]	["CONFIG_MEDIA_TUNER_TDA18250=n"]	[]	[]	["media-camera.sh"]
config:CONFIG_MEDIA_TUNER_TEA5761	config	["linux-aw2511@92c27523bfa57dc21acd843897c8949d549702c7:CONFIG_MEDIA_TUNER_TEA5761"]	mainline	["CONFIG_MEDIA_TUNER_TEA5761=n"]	["CONFIG_MEDIA_TUNER_TEA5761=n"]	[]	[]	["media-camera.sh"]
config:CONFIG_MEDIA_TUNER_TEA5767	config	["linux-aw2511@92c27523bfa57dc21acd843897c8949d549702c7:CONFIG_MEDIA_TUNER_TEA5767"]	mainline	["CONFIG_MEDIA_TUNER_TEA5767=n"]	["CONFIG_MEDIA_TUNER_TEA5767=n"]	[]	[]	["media-camera.sh"]
config:CONFIG_MEDIA_TUNER_TUA9001	config	["linux-aw2511@92c27523bfa57dc21acd843897c8949d549702c7:CONFIG_MEDIA_TUNER_TUA9001"]	mainline	["CONFIG_MEDIA_TUNER_TUA9001=n"]	["CONFIG_MEDIA_TUNER_TUA9001=n"]	[]	[]	["media-camera.sh"]
config:CONFIG_MEMCG_KMEM	config	["linux-aw2511@92c27523bfa57dc21acd843897c8949d549702c7:CONFIG_MEMCG_KMEM"]	mainline	["CONFIG_MEMCG_KMEM=n"]	["CONFIG_MEMCG_KMEM=n"]	[]	[]	["board-io-security.sh"]
config:CONFIG_MICROSEMI_PHY	config	["linux-aw2511@92c27523bfa57dc21acd843897c8949d549702c7:CONFIG_MICROSEMI_PHY"]	mainline	[]	["CONFIG_MICROSEMI_PHY=y"]	[]	[]	[]
config:CONFIG_MII	config	["linux-aw2511@92c27523bfa57dc21acd843897c8949d549702c7:CONFIG_MII"]	mainline	[]	["CONFIG_MII=m"]	[]	[]	[]
config:CONFIG_MODULE_COMPRESS_XZ	config	["linux-aw2511@92c27523bfa57dc21acd843897c8949d549702c7:CONFIG_MODULE_COMPRESS_XZ"]	mainline	["CONFIG_MODULE_COMPRESS_XZ=n"]	["CONFIG_MODULE_COMPRESS_XZ=n"]	[]	[]	["board-io-security.sh"]
config:CONFIG_MODULE_DECOMPRESS	config	["linux-aw2511@92c27523bfa57dc21acd843897c8949d549702c7:CONFIG_MODULE_DECOMPRESS"]	mainline	["CONFIG_MODULE_DECOMPRESS=n"]	["CONFIG_MODULE_DECOMPRESS=n"]	[]	[]	["board-io-security.sh"]
config:CONFIG_MPTCP	config	["linux-aw2511@92c27523bfa57dc21acd843897c8949d549702c7:CONFIG_MPTCP"]	mainline	["CONFIG_MPTCP=n"]	["CONFIG_MPTCP=n"]	[]	[]	["board-io-security.sh"]
config:CONFIG_MPTCP_IPV6	config	["linux-aw2511@92c27523bfa57dc21acd843897c8949d549702c7:CONFIG_MPTCP_IPV6"]	mainline	["CONFIG_MPTCP_IPV6=n"]	["CONFIG_MPTCP_IPV6=n"]	[]	[]	["board-io-security.sh"]
config:CONFIG_MSDOS_FS	config	["linux-aw2511@92c27523bfa57dc21acd843897c8949d549702c7:CONFIG_MSDOS_FS"]	mainline	["CONFIG_MSDOS_FS=n"]	["CONFIG_MSDOS_FS=n"]	[]	[]	["board-io-security.sh"]
config:CONFIG_MTD_OF_PARTS	config	["linux-aw2511@92c27523bfa57dc21acd843897c8949d549702c7:CONFIG_MTD_OF_PARTS"]	mainline	[]	["CONFIG_MTD_OF_PARTS=y"]	[]	[]	[]
config:CONFIG_NETCONSOLE	config	["linux-aw2511@92c27523bfa57dc21acd843897c8949d549702c7:CONFIG_NETCONSOLE"]	mainline	["CONFIG_NETCONSOLE=n"]	["CONFIG_NETCONSOLE=n"]	[]	[]	["display-hdmi.sh"]
config:CONFIG_NETFILTER_CONNCOUNT	config	["linux-aw2511@92c27523bfa57dc21acd843897c8949d549702c7:CONFIG_NETFILTER_CONNCOUNT"]	mainline	["CONFIG_NETFILTER_CONNCOUNT=n"]	["CONFIG_NETFILTER_CONNCOUNT=n"]	[]	[]	["k3s-cilium.sh"]
config:CONFIG_NETFILTER_NETLINK	config	["linux-aw2511@92c27523bfa57dc21acd843897c8949d549702c7:CONFIG_NETFILTER_NETLINK"]	mainline	["CONFIG_NETFILTER_NETLINK=n"]	["CONFIG_NETFILTER_NETLINK=n"]	[]	[]	["k3s-cilium.sh"]
config:CONFIG_NETFILTER_NETLINK_OSF	config	["linux-aw2511@92c27523bfa57dc21acd843897c8949d549702c7:CONFIG_NETFILTER_NETLINK_OSF"]	mainline	["CONFIG_NETFILTER_NETLINK_OSF=n"]	["CONFIG_NETFILTER_NETLINK_OSF=n"]	[]	[]	["k3s-cilium.sh"]
config:CONFIG_NETFILTER_XT_MATCH_BPF	config	["linux-aw2511@92c27523bfa57dc21acd843897c8949d549702c7:CONFIG_NETFILTER_XT_MATCH_BPF"]	mainline	["CONFIG_NETFILTER_XT_MATCH_BPF=n"]	["CONFIG_NETFILTER_XT_MATCH_BPF=n"]	[]	[]	["k3s-cilium.sh"]
config:CONFIG_NETFILTER_XT_MATCH_CGROUP	config	["linux-aw2511@92c27523bfa57dc21acd843897c8949d549702c7:CONFIG_NETFILTER_XT_MATCH_CGROUP"]	mainline	["CONFIG_NETFILTER_XT_MATCH_CGROUP=n"]	["CONFIG_NETFILTER_XT_MATCH_CGROUP=n"]	[]	[]	["k3s-cilium.sh"]
config:CONFIG_NETFILTER_XT_MATCH_COMMENT	config	["linux-aw2511@92c27523bfa57dc21acd843897c8949d549702c7:CONFIG_NETFILTER_XT_MATCH_COMMENT"]	mainline	["CONFIG_NETFILTER_XT_MATCH_COMMENT=n"]	["CONFIG_NETFILTER_XT_MATCH_COMMENT=n"]	[]	[]	["k3s-cilium.sh"]
config:CONFIG_NETFILTER_XT_MATCH_IPCOMP	config	["linux-aw2511@92c27523bfa57dc21acd843897c8949d549702c7:CONFIG_NETFILTER_XT_MATCH_IPCOMP"]	mainline	["CONFIG_NETFILTER_XT_MATCH_IPCOMP=n"]	["CONFIG_NETFILTER_XT_MATCH_IPCOMP=n"]	[]	[]	["k3s-cilium.sh"]
config:CONFIG_NETFILTER_XT_MATCH_MULTIPORT	config	["linux-aw2511@92c27523bfa57dc21acd843897c8949d549702c7:CONFIG_NETFILTER_XT_MATCH_MULTIPORT"]	mainline	["CONFIG_NETFILTER_XT_MATCH_MULTIPORT=n"]	["CONFIG_NETFILTER_XT_MATCH_MULTIPORT=n"]	[]	[]	["k3s-cilium.sh"]
config:CONFIG_NETFILTER_XT_MATCH_PHYSDEV	config	["linux-aw2511@92c27523bfa57dc21acd843897c8949d549702c7:CONFIG_NETFILTER_XT_MATCH_PHYSDEV"]	mainline	["CONFIG_NETFILTER_XT_MATCH_PHYSDEV=n"]	["CONFIG_NETFILTER_XT_MATCH_PHYSDEV=n"]	[]	[]	["k3s-cilium.sh"]
config:CONFIG_NETFILTER_XT_NAT	config	["linux-aw2511@92c27523bfa57dc21acd843897c8949d549702c7:CONFIG_NETFILTER_XT_NAT"]	mainline	["CONFIG_NETFILTER_XT_NAT=n"]	["CONFIG_NETFILTER_XT_NAT=n"]	[]	[]	["k3s-cilium.sh"]
config:CONFIG_NETFILTER_XT_TARGET_CHECKSUM	config	["linux-aw2511@92c27523bfa57dc21acd843897c8949d549702c7:CONFIG_NETFILTER_XT_TARGET_CHECKSUM"]	mainline	["CONFIG_NETFILTER_XT_TARGET_CHECKSUM=n"]	["CONFIG_NETFILTER_XT_TARGET_CHECKSUM=n"]	[]	[]	["k3s-cilium.sh"]
config:CONFIG_NETFILTER_XT_TARGET_CT	config	["linux-aw2511@92c27523bfa57dc21acd843897c8949d549702c7:CONFIG_NETFILTER_XT_TARGET_CT"]	mainline	["CONFIG_NETFILTER_XT_TARGET_CT=n"]	["CONFIG_NETFILTER_XT_TARGET_CT=n"]	[]	[]	["k3s-cilium.sh"]
config:CONFIG_NETFILTER_XT_TARGET_DSCP	config	["linux-aw2511@92c27523bfa57dc21acd843897c8949d549702c7:CONFIG_NETFILTER_XT_TARGET_DSCP"]	mainline	["CONFIG_NETFILTER_XT_TARGET_DSCP=n"]	["CONFIG_NETFILTER_XT_TARGET_DSCP=n"]	[]	[]	["k3s-cilium.sh"]
config:CONFIG_NETFILTER_XT_TARGET_MASQUERADE	config	["linux-aw2511@92c27523bfa57dc21acd843897c8949d549702c7:CONFIG_NETFILTER_XT_TARGET_MASQUERADE"]	mainline	["CONFIG_NETFILTER_XT_TARGET_MASQUERADE=n"]	["CONFIG_NETFILTER_XT_TARGET_MASQUERADE=n"]	[]	[]	["k3s-cilium.sh"]
config:CONFIG_NETFILTER_XT_TARGET_REDIRECT	config	["linux-aw2511@92c27523bfa57dc21acd843897c8949d549702c7:CONFIG_NETFILTER_XT_TARGET_REDIRECT"]	mainline	["CONFIG_NETFILTER_XT_TARGET_REDIRECT=n"]	["CONFIG_NETFILTER_XT_TARGET_REDIRECT=n"]	[]	[]	["k3s-cilium.sh"]
config:CONFIG_NETFILTER_XT_TARGET_TCPOPTSTRIP	config	["linux-aw2511@92c27523bfa57dc21acd843897c8949d549702c7:CONFIG_NETFILTER_XT_TARGET_TCPOPTSTRIP"]	mainline	["CONFIG_NETFILTER_XT_TARGET_TCPOPTSTRIP=n"]	["CONFIG_NETFILTER_XT_TARGET_TCPOPTSTRIP=n"]	[]	[]	["k3s-cilium.sh"]
config:CONFIG_NETFILTER_XT_TARGET_TPROXY	config	["linux-aw2511@92c27523bfa57dc21acd843897c8949d549702c7:CONFIG_NETFILTER_XT_TARGET_TPROXY"]	mainline	["CONFIG_NETFILTER_XT_TARGET_TPROXY=n"]	["CONFIG_NETFILTER_XT_TARGET_TPROXY=n"]	[]	[]	["k3s-cilium.sh"]
config:CONFIG_NETFILTER_XT_TARGET_TRACE	config	["linux-aw2511@92c27523bfa57dc21acd843897c8949d549702c7:CONFIG_NETFILTER_XT_TARGET_TRACE"]	mainline	["CONFIG_NETFILTER_XT_TARGET_TRACE=n"]	["CONFIG_NETFILTER_XT_TARGET_TRACE=n"]	[]	[]	["k3s-cilium.sh"]
config:CONFIG_NETPOLL	config	["linux-aw2511@92c27523bfa57dc21acd843897c8949d549702c7:CONFIG_NETPOLL"]	mainline	["CONFIG_NETPOLL=n"]	["CONFIG_NETPOLL=n"]	[]	[]	["board-io-security.sh"]
config:CONFIG_NETWORK_SECMARK	config	["linux-aw2511@92c27523bfa57dc21acd843897c8949d549702c7:CONFIG_NETWORK_SECMARK"]	mainline	["CONFIG_NETWORK_SECMARK=n"]	["CONFIG_NETWORK_SECMARK=n"]	[]	[]	["board-io-security.sh"]
config:CONFIG_NET_CLS_CGROUP	config	["linux-aw2511@92c27523bfa57dc21acd843897c8949d549702c7:CONFIG_NET_CLS_CGROUP"]	mainline	["CONFIG_NET_CLS_CGROUP=n"]	["CONFIG_NET_CLS_CGROUP=n"]	[]	[]	["k3s-cilium.sh"]
config:CONFIG_NET_IP_TUNNEL	config	["linux-aw2511@92c27523bfa57dc21acd843897c8949d549702c7:CONFIG_NET_IP_TUNNEL"]	mainline	[]	["CONFIG_NET_IP_TUNNEL=m"]	[]	[]	[]
config:CONFIG_NET_L3_MASTER_DEV	config	["linux-aw2511@92c27523bfa57dc21acd843897c8949d549702c7:CONFIG_NET_L3_MASTER_DEV"]	mainline	["CONFIG_NET_L3_MASTER_DEV=n"]	["CONFIG_NET_L3_MASTER_DEV=n"]	[]	[]	["board-io-security.sh"]
config:CONFIG_NET_POLL_CONTROLLER	config	["linux-aw2511@92c27523bfa57dc21acd843897c8949d549702c7:CONFIG_NET_POLL_CONTROLLER"]	mainline	["CONFIG_NET_POLL_CONTROLLER=n"]	["CONFIG_NET_POLL_CONTROLLER=n"]	[]	[]	["board-io-security.sh"]
config:CONFIG_NET_REDIRECT	config	["linux-aw2511@92c27523bfa57dc21acd843897c8949d549702c7:CONFIG_NET_REDIRECT"]	mainline	["CONFIG_NET_REDIRECT=n"]	["CONFIG_NET_REDIRECT=n"]	[]	[]	["board-io-security.sh"]
config:CONFIG_NET_TEAM	config	["linux-aw2511@92c27523bfa57dc21acd843897c8949d549702c7:CONFIG_NET_TEAM"]	mainline	["CONFIG_NET_TEAM=n"]	["CONFIG_NET_TEAM=n"]	[]	[]	["board-io-security.sh"]
config:CONFIG_NET_UDP_TUNNEL	config	["linux-aw2511@92c27523bfa57dc21acd843897c8949d549702c7:CONFIG_NET_UDP_TUNNEL"]	mainline	["CONFIG_NET_UDP_TUNNEL=n"]	["CONFIG_NET_UDP_TUNNEL=n"]	[]	[]	["board-io-security.sh"]
config:CONFIG_NET_VENDOR_3COM	config	["linux-aw2511@92c27523bfa57dc21acd843897c8949d549702c7:CONFIG_NET_VENDOR_3COM"]	mainline	["CONFIG_NET_VENDOR_3COM=n"]	["CONFIG_NET_VENDOR_3COM=n"]	[]	[]	["board-io-security.sh"]
config:CONFIG_NET_VENDOR_8390	config	["linux-aw2511@92c27523bfa57dc21acd843897c8949d549702c7:CONFIG_NET_VENDOR_8390"]	mainline	["CONFIG_NET_VENDOR_8390=n"]	["CONFIG_NET_VENDOR_8390=n"]	[]	[]	["board-io-security.sh"]
config:CONFIG_NET_VENDOR_ADAPTEC	config	["linux-aw2511@92c27523bfa57dc21acd843897c8949d549702c7:CONFIG_NET_VENDOR_ADAPTEC"]	mainline	["CONFIG_NET_VENDOR_ADAPTEC=n"]	["CONFIG_NET_VENDOR_ADAPTEC=n"]	[]	[]	["board-io-security.sh"]
config:CONFIG_NET_VENDOR_ADI	config	["linux-aw2511@92c27523bfa57dc21acd843897c8949d549702c7:CONFIG_NET_VENDOR_ADI"]	mainline	["CONFIG_NET_VENDOR_ADI=n"]	["CONFIG_NET_VENDOR_ADI=n"]	[]	[]	["board-io-security.sh"]
config:CONFIG_NET_VENDOR_AGERE	config	["linux-aw2511@92c27523bfa57dc21acd843897c8949d549702c7:CONFIG_NET_VENDOR_AGERE"]	mainline	["CONFIG_NET_VENDOR_AGERE=n"]	["CONFIG_NET_VENDOR_AGERE=n"]	[]	[]	["board-io-security.sh"]
config:CONFIG_NET_VENDOR_ALACRITECH	config	["linux-aw2511@92c27523bfa57dc21acd843897c8949d549702c7:CONFIG_NET_VENDOR_ALACRITECH"]	mainline	["CONFIG_NET_VENDOR_ALACRITECH=n"]	["CONFIG_NET_VENDOR_ALACRITECH=n"]	[]	[]	["board-io-security.sh"]
config:CONFIG_NET_VENDOR_ALLWINNER	config	["linux-aw2511@92c27523bfa57dc21acd843897c8949d549702c7:CONFIG_NET_VENDOR_ALLWINNER"]	mainline	["CONFIG_NET_VENDOR_ALLWINNER=n"]	["CONFIG_NET_VENDOR_ALLWINNER=n"]	[]	[]	["board-io-security.sh"]
config:CONFIG_NET_VENDOR_ALTEON	config	["linux-aw2511@92c27523bfa57dc21acd843897c8949d549702c7:CONFIG_NET_VENDOR_ALTEON"]	mainline	["CONFIG_NET_VENDOR_ALTEON=n"]	["CONFIG_NET_VENDOR_ALTEON=n"]	[]	[]	["board-io-security.sh"]
config:CONFIG_NET_VENDOR_AQUANTIA	config	["linux-aw2511@92c27523bfa57dc21acd843897c8949d549702c7:CONFIG_NET_VENDOR_AQUANTIA"]	mainline	["CONFIG_NET_VENDOR_AQUANTIA=n"]	["CONFIG_NET_VENDOR_AQUANTIA=n"]	[]	[]	["board-io-security.sh"]
config:CONFIG_NET_VENDOR_ARC	config	["linux-aw2511@92c27523bfa57dc21acd843897c8949d549702c7:CONFIG_NET_VENDOR_ARC"]	mainline	["CONFIG_NET_VENDOR_ARC=n"]	["CONFIG_NET_VENDOR_ARC=n"]	[]	[]	["board-io-security.sh"]
config:CONFIG_NET_VENDOR_ASIX	config	["linux-aw2511@92c27523bfa57dc21acd843897c8949d549702c7:CONFIG_NET_VENDOR_ASIX"]	mainline	["CONFIG_NET_VENDOR_ASIX=n"]	["CONFIG_NET_VENDOR_ASIX=n"]	[]	[]	["board-io-security.sh"]
config:CONFIG_NET_VENDOR_BROCADE	config	["linux-aw2511@92c27523bfa57dc21acd843897c8949d549702c7:CONFIG_NET_VENDOR_BROCADE"]	mainline	["CONFIG_NET_VENDOR_BROCADE=n"]	["CONFIG_NET_VENDOR_BROCADE=n"]	[]	[]	["board-io-security.sh"]
config:CONFIG_NET_VENDOR_CHELSIO	config	["linux-aw2511@92c27523bfa57dc21acd843897c8949d549702c7:CONFIG_NET_VENDOR_CHELSIO"]	mainline	["CONFIG_NET_VENDOR_CHELSIO=n"]	["CONFIG_NET_VENDOR_CHELSIO=n"]	[]	[]	["board-io-security.sh"]
config:CONFIG_NET_VENDOR_CISCO	config	["linux-aw2511@92c27523bfa57dc21acd843897c8949d549702c7:CONFIG_NET_VENDOR_CISCO"]	mainline	["CONFIG_NET_VENDOR_CISCO=n"]	["CONFIG_NET_VENDOR_CISCO=n"]	[]	[]	["board-io-security.sh"]
config:CONFIG_NET_VENDOR_CORTINA	config	["linux-aw2511@92c27523bfa57dc21acd843897c8949d549702c7:CONFIG_NET_VENDOR_CORTINA"]	mainline	["CONFIG_NET_VENDOR_CORTINA=n"]	["CONFIG_NET_VENDOR_CORTINA=n"]	[]	[]	["board-io-security.sh"]
config:CONFIG_NET_VENDOR_DAVICOM	config	["linux-aw2511@92c27523bfa57dc21acd843897c8949d549702c7:CONFIG_NET_VENDOR_DAVICOM"]	mainline	["CONFIG_NET_VENDOR_DAVICOM=n"]	["CONFIG_NET_VENDOR_DAVICOM=n"]	[]	[]	["board-io-security.sh"]
config:CONFIG_NET_VENDOR_DEC	config	["linux-aw2511@92c27523bfa57dc21acd843897c8949d549702c7:CONFIG_NET_VENDOR_DEC"]	mainline	["CONFIG_NET_VENDOR_DEC=n"]	["CONFIG_NET_VENDOR_DEC=n"]	[]	[]	["board-io-security.sh"]
config:CONFIG_NET_VENDOR_DLINK	config	["linux-aw2511@92c27523bfa57dc21acd843897c8949d549702c7:CONFIG_NET_VENDOR_DLINK"]	mainline	["CONFIG_NET_VENDOR_DLINK=n"]	["CONFIG_NET_VENDOR_DLINK=n"]	[]	[]	["board-io-security.sh"]
config:CONFIG_NET_VENDOR_EMULEX	config	["linux-aw2511@92c27523bfa57dc21acd843897c8949d549702c7:CONFIG_NET_VENDOR_EMULEX"]	mainline	["CONFIG_NET_VENDOR_EMULEX=n"]	["CONFIG_NET_VENDOR_EMULEX=n"]	[]	[]	["board-io-security.sh"]
config:CONFIG_NET_VENDOR_ENGLEDER	config	["linux-aw2511@92c27523bfa57dc21acd843897c8949d549702c7:CONFIG_NET_VENDOR_ENGLEDER"]	mainline	["CONFIG_NET_VENDOR_ENGLEDER=n"]	["CONFIG_NET_VENDOR_ENGLEDER=n"]	[]	[]	["board-io-security.sh"]
config:CONFIG_NET_VENDOR_EZCHIP	config	["linux-aw2511@92c27523bfa57dc21acd843897c8949d549702c7:CONFIG_NET_VENDOR_EZCHIP"]	mainline	["CONFIG_NET_VENDOR_EZCHIP=n"]	["CONFIG_NET_VENDOR_EZCHIP=n"]	[]	[]	["board-io-security.sh"]
config:CONFIG_NET_VENDOR_FUNGIBLE	config	["linux-aw2511@92c27523bfa57dc21acd843897c8949d549702c7:CONFIG_NET_VENDOR_FUNGIBLE"]	mainline	["CONFIG_NET_VENDOR_FUNGIBLE=n"]	["CONFIG_NET_VENDOR_FUNGIBLE=n"]	[]	[]	["board-io-security.sh"]
config:CONFIG_NET_VENDOR_GOOGLE	config	["linux-aw2511@92c27523bfa57dc21acd843897c8949d549702c7:CONFIG_NET_VENDOR_GOOGLE"]	mainline	["CONFIG_NET_VENDOR_GOOGLE=n"]	["CONFIG_NET_VENDOR_GOOGLE=n"]	[]	[]	["board-io-security.sh"]
config:CONFIG_NET_VENDOR_HUAWEI	config	["linux-aw2511@92c27523bfa57dc21acd843897c8949d549702c7:CONFIG_NET_VENDOR_HUAWEI"]	mainline	["CONFIG_NET_VENDOR_HUAWEI=n"]	["CONFIG_NET_VENDOR_HUAWEI=n"]	[]	[]	["board-io-security.sh"]
config:CONFIG_NET_VENDOR_LITEX	config	["linux-aw2511@92c27523bfa57dc21acd843897c8949d549702c7:CONFIG_NET_VENDOR_LITEX"]	mainline	["CONFIG_NET_VENDOR_LITEX=n"]	["CONFIG_NET_VENDOR_LITEX=n"]	[]	[]	["board-io-security.sh"]
config:CONFIG_NET_VENDOR_MICREL	config	["linux-aw2511@92c27523bfa57dc21acd843897c8949d549702c7:CONFIG_NET_VENDOR_MICREL"]	mainline	["CONFIG_NET_VENDOR_MICREL=n"]	["CONFIG_NET_VENDOR_MICREL=n"]	[]	[]	["board-io-security.sh"]
config:CONFIG_NET_VENDOR_MICROCHIP	config	["linux-aw2511@92c27523bfa57dc21acd843897c8949d549702c7:CONFIG_NET_VENDOR_MICROCHIP"]	mainline	["CONFIG_NET_VENDOR_MICROCHIP=n"]	["CONFIG_NET_VENDOR_MICROCHIP=n"]	[]	[]	["board-io-security.sh"]
config:CONFIG_NET_VENDOR_MICROSOFT	config	["linux-aw2511@92c27523bfa57dc21acd843897c8949d549702c7:CONFIG_NET_VENDOR_MICROSOFT"]	mainline	["CONFIG_NET_VENDOR_MICROSOFT=n"]	["CONFIG_NET_VENDOR_MICROSOFT=n"]	[]	[]	["board-io-security.sh"]
config:CONFIG_NET_VENDOR_MYRI	config	["linux-aw2511@92c27523bfa57dc21acd843897c8949d549702c7:CONFIG_NET_VENDOR_MYRI"]	mainline	["CONFIG_NET_VENDOR_MYRI=n"]	["CONFIG_NET_VENDOR_MYRI=n"]	[]	[]	["board-io-security.sh"]
config:CONFIG_NET_VENDOR_NATSEMI	config	["linux-aw2511@92c27523bfa57dc21acd843897c8949d549702c7:CONFIG_NET_VENDOR_NATSEMI"]	mainline	["CONFIG_NET_VENDOR_NATSEMI=n"]	["CONFIG_NET_VENDOR_NATSEMI=n"]	[]	[]	["board-io-security.sh"]
config:CONFIG_NET_VENDOR_NETERION	config	["linux-aw2511@92c27523bfa57dc21acd843897c8949d549702c7:CONFIG_NET_VENDOR_NETERION"]	mainline	["CONFIG_NET_VENDOR_NETERION=n"]	["CONFIG_NET_VENDOR_NETERION=n"]	[]	[]	["board-io-security.sh"]
config:CONFIG_NET_VENDOR_NETRONOME	config	["linux-aw2511@92c27523bfa57dc21acd843897c8949d549702c7:CONFIG_NET_VENDOR_NETRONOME"]	mainline	["CONFIG_NET_VENDOR_NETRONOME=n"]	["CONFIG_NET_VENDOR_NETRONOME=n"]	[]	[]	["board-io-security.sh"]
config:CONFIG_NET_VENDOR_NI	config	["linux-aw2511@92c27523bfa57dc21acd843897c8949d549702c7:CONFIG_NET_VENDOR_NI"]	mainline	["CONFIG_NET_VENDOR_NI=n"]	["CONFIG_NET_VENDOR_NI=n"]	[]	[]	["board-io-security.sh"]
config:CONFIG_NET_VENDOR_NVIDIA	config	["linux-aw2511@92c27523bfa57dc21acd843897c8949d549702c7:CONFIG_NET_VENDOR_NVIDIA"]	mainline	["CONFIG_NET_VENDOR_NVIDIA=n"]	["CONFIG_NET_VENDOR_NVIDIA=n"]	[]	[]	["board-io-security.sh"]
config:CONFIG_NET_VENDOR_OKI	config	["linux-aw2511@92c27523bfa57dc21acd843897c8949d549702c7:CONFIG_NET_VENDOR_OKI"]	mainline	["CONFIG_NET_VENDOR_OKI=n"]	["CONFIG_NET_VENDOR_OKI=n"]	[]	[]	["board-io-security.sh"]
config:CONFIG_NET_VENDOR_PACKET_ENGINES	config	["linux-aw2511@92c27523bfa57dc21acd843897c8949d549702c7:CONFIG_NET_VENDOR_PACKET_ENGINES"]	mainline	["CONFIG_NET_VENDOR_PACKET_ENGINES=n"]	["CONFIG_NET_VENDOR_PACKET_ENGINES=n"]	[]	[]	["board-io-security.sh"]
config:CONFIG_NET_VENDOR_QLOGIC	config	["linux-aw2511@92c27523bfa57dc21acd843897c8949d549702c7:CONFIG_NET_VENDOR_QLOGIC"]	mainline	["CONFIG_NET_VENDOR_QLOGIC=n"]	["CONFIG_NET_VENDOR_QLOGIC=n"]	[]	[]	["board-io-security.sh"]
config:CONFIG_NET_VENDOR_RDC	config	["linux-aw2511@92c27523bfa57dc21acd843897c8949d549702c7:CONFIG_NET_VENDOR_RDC"]	mainline	["CONFIG_NET_VENDOR_RDC=n"]	["CONFIG_NET_VENDOR_RDC=n"]	[]	[]	["board-io-security.sh"]
config:CONFIG_NET_VENDOR_ROCKER	config	["linux-aw2511@92c27523bfa57dc21acd843897c8949d549702c7:CONFIG_NET_VENDOR_ROCKER"]	mainline	["CONFIG_NET_VENDOR_ROCKER=n"]	["CONFIG_NET_VENDOR_ROCKER=n"]	[]	[]	["board-io-security.sh"]
config:CONFIG_NET_VENDOR_SAMSUNG	config	["linux-aw2511@92c27523bfa57dc21acd843897c8949d549702c7:CONFIG_NET_VENDOR_SAMSUNG"]	mainline	["CONFIG_NET_VENDOR_SAMSUNG=n"]	["CONFIG_NET_VENDOR_SAMSUNG=n"]	[]	[]	["board-io-security.sh"]
config:CONFIG_NET_VENDOR_SEEQ	config	["linux-aw2511@92c27523bfa57dc21acd843897c8949d549702c7:CONFIG_NET_VENDOR_SEEQ"]	mainline	["CONFIG_NET_VENDOR_SEEQ=n"]	["CONFIG_NET_VENDOR_SEEQ=n"]	[]	[]	["board-io-security.sh"]
config:CONFIG_NET_VENDOR_SILAN	config	["linux-aw2511@92c27523bfa57dc21acd843897c8949d549702c7:CONFIG_NET_VENDOR_SILAN"]	mainline	["CONFIG_NET_VENDOR_SILAN=n"]	["CONFIG_NET_VENDOR_SILAN=n"]	[]	[]	["board-io-security.sh"]
config:CONFIG_NET_VENDOR_SIS	config	["linux-aw2511@92c27523bfa57dc21acd843897c8949d549702c7:CONFIG_NET_VENDOR_SIS"]	mainline	["CONFIG_NET_VENDOR_SIS=n"]	["CONFIG_NET_VENDOR_SIS=n"]	[]	[]	["board-io-security.sh"]
config:CONFIG_NET_VENDOR_SOLARFLARE	config	["linux-aw2511@92c27523bfa57dc21acd843897c8949d549702c7:CONFIG_NET_VENDOR_SOLARFLARE"]	mainline	["CONFIG_NET_VENDOR_SOLARFLARE=n"]	["CONFIG_NET_VENDOR_SOLARFLARE=n"]	[]	[]	["board-io-security.sh"]
config:CONFIG_NET_VENDOR_SUN	config	["linux-aw2511@92c27523bfa57dc21acd843897c8949d549702c7:CONFIG_NET_VENDOR_SUN"]	mainline	["CONFIG_NET_VENDOR_SUN=n"]	["CONFIG_NET_VENDOR_SUN=n"]	[]	[]	["board-io-security.sh"]
config:CONFIG_NET_VENDOR_SYNOPSYS	config	["linux-aw2511@92c27523bfa57dc21acd843897c8949d549702c7:CONFIG_NET_VENDOR_SYNOPSYS"]	mainline	["CONFIG_NET_VENDOR_SYNOPSYS=n"]	["CONFIG_NET_VENDOR_SYNOPSYS=n"]	[]	[]	["board-io-security.sh"]
config:CONFIG_NET_VENDOR_TEHUTI	config	["linux-aw2511@92c27523bfa57dc21acd843897c8949d549702c7:CONFIG_NET_VENDOR_TEHUTI"]	mainline	["CONFIG_NET_VENDOR_TEHUTI=n"]	["CONFIG_NET_VENDOR_TEHUTI=n"]	[]	[]	["board-io-security.sh"]
config:CONFIG_NET_VENDOR_VERTEXCOM	config	["linux-aw2511@92c27523bfa57dc21acd843897c8949d549702c7:CONFIG_NET_VENDOR_VERTEXCOM"]	mainline	["CONFIG_NET_VENDOR_VERTEXCOM=n"]	["CONFIG_NET_VENDOR_VERTEXCOM=n"]	[]	[]	["board-io-security.sh"]
config:CONFIG_NET_VENDOR_VIA	config	["linux-aw2511@92c27523bfa57dc21acd843897c8949d549702c7:CONFIG_NET_VENDOR_VIA"]	mainline	["CONFIG_NET_VENDOR_VIA=n"]	["CONFIG_NET_VENDOR_VIA=n"]	[]	[]	["board-io-security.sh"]
config:CONFIG_NET_VENDOR_WANGXUN	config	["linux-aw2511@92c27523bfa57dc21acd843897c8949d549702c7:CONFIG_NET_VENDOR_WANGXUN"]	mainline	["CONFIG_NET_VENDOR_WANGXUN=n"]	["CONFIG_NET_VENDOR_WANGXUN=n"]	[]	[]	["board-io-security.sh"]
config:CONFIG_NET_VENDOR_WIZNET	config	["linux-aw2511@92c27523bfa57dc21acd843897c8949d549702c7:CONFIG_NET_VENDOR_WIZNET"]	mainline	["CONFIG_NET_VENDOR_WIZNET=n"]	["CONFIG_NET_VENDOR_WIZNET=n"]	[]	[]	["board-io-security.sh"]
config:CONFIG_NET_VRF	config	["linux-aw2511@92c27523bfa57dc21acd843897c8949d549702c7:CONFIG_NET_VRF"]	mainline	["CONFIG_NET_VRF=n"]	["CONFIG_NET_VRF=n"]	[]	[]	["board-io-security.sh"]
config:CONFIG_NFSD	config	["linux-aw2511@92c27523bfa57dc21acd843897c8949d549702c7:CONFIG_NFSD"]	mainline	["CONFIG_NFSD=n"]	["CONFIG_NFSD=n"]	[]	[]	["board-io-security.sh"]
config:CONFIG_NFSD_V3_ACL	config	["linux-aw2511@92c27523bfa57dc21acd843897c8949d549702c7:CONFIG_NFSD_V3_ACL"]	mainline	["CONFIG_NFSD_V3_ACL=n"]	["CONFIG_NFSD_V3_ACL=n"]	[]	[]	["board-io-security.sh"]
config:CONFIG_NFSD_V4	config	["linux-aw2511@92c27523bfa57dc21acd843897c8949d549702c7:CONFIG_NFSD_V4"]	mainline	["CONFIG_NFSD_V4=n"]	["CONFIG_NFSD_V4=n"]	[]	[]	["board-io-security.sh"]
config:CONFIG_NFS_ACL_SUPPORT	config	["linux-aw2511@92c27523bfa57dc21acd843897c8949d549702c7:CONFIG_NFS_ACL_SUPPORT"]	mainline	["CONFIG_NFS_ACL_SUPPORT=n"]	["CONFIG_NFS_ACL_SUPPORT=n"]	[]	[]	["board-io-security.sh"]
config:CONFIG_NFS_FS	config	["linux-aw2511@92c27523bfa57dc21acd843897c8949d549702c7:CONFIG_NFS_FS"]	mainline	[]	["CONFIG_NFS_FS=y"]	[]	[]	[]
config:CONFIG_NFS_V2	config	["linux-aw2511@92c27523bfa57dc21acd843897c8949d549702c7:CONFIG_NFS_V2"]	mainline	["CONFIG_NFS_V2=n"]	["CONFIG_NFS_V2=n"]	[]	[]	["board-io-security.sh"]
config:CONFIG_NFS_V3	config	["linux-aw2511@92c27523bfa57dc21acd843897c8949d549702c7:CONFIG_NFS_V3"]	mainline	[]	["CONFIG_NFS_V3=y"]	[]	[]	[]
config:CONFIG_NFT_BRIDGE_META	config	["linux-aw2511@92c27523bfa57dc21acd843897c8949d549702c7:CONFIG_NFT_BRIDGE_META"]	mainline	["CONFIG_NFT_BRIDGE_META=n"]	["CONFIG_NFT_BRIDGE_META=n"]	[]	[]	["board-io-security.sh"]
config:CONFIG_NFT_BRIDGE_REJECT	config	["linux-aw2511@92c27523bfa57dc21acd843897c8949d549702c7:CONFIG_NFT_BRIDGE_REJECT"]	mainline	["CONFIG_NFT_BRIDGE_REJECT=n"]	["CONFIG_NFT_BRIDGE_REJECT=n"]	[]	[]	["board-io-security.sh"]
config:CONFIG_NFT_COMPAT	config	["linux-aw2511@92c27523bfa57dc21acd843897c8949d549702c7:CONFIG_NFT_COMPAT"]	mainline	["CONFIG_NFT_COMPAT=n"]	["CONFIG_NFT_COMPAT=n"]	[]	[]	["board-io-security.sh"]
config:CONFIG_NFT_CONNLIMIT	config	["linux-aw2511@92c27523bfa57dc21acd843897c8949d549702c7:CONFIG_NFT_CONNLIMIT"]	mainline	["CONFIG_NFT_CONNLIMIT=n"]	["CONFIG_NFT_CONNLIMIT=n"]	[]	[]	["board-io-security.sh"]
config:CONFIG_NFT_CT	config	["linux-aw2511@92c27523bfa57dc21acd843897c8949d549702c7:CONFIG_NFT_CT"]	mainline	["CONFIG_NFT_CT=n"]	["CONFIG_NFT_CT=n"]	[]	[]	["board-io-security.sh"]
config:CONFIG_NFT_DUP_IPV6	config	["linux-aw2511@92c27523bfa57dc21acd843897c8949d549702c7:CONFIG_NFT_DUP_IPV6"]	mainline	["CONFIG_NFT_DUP_IPV6=n"]	["CONFIG_NFT_DUP_IPV6=n"]	[]	[]	["board-io-security.sh"]
config:CONFIG_NFT_DUP_NETDEV	config	["linux-aw2511@92c27523bfa57dc21acd843897c8949d549702c7:CONFIG_NFT_DUP_NETDEV"]	mainline	["CONFIG_NFT_DUP_NETDEV=n"]	["CONFIG_NFT_DUP_NETDEV=n"]	[]	[]	["board-io-security.sh"]
config:CONFIG_NFT_FIB	config	["linux-aw2511@92c27523bfa57dc21acd843897c8949d549702c7:CONFIG_NFT_FIB"]	mainline	["CONFIG_NFT_FIB=n"]	["CONFIG_NFT_FIB=n"]	[]	[]	["board-io-security.sh"]
config:CONFIG_NFT_FIB_IPV6	config	["linux-aw2511@92c27523bfa57dc21acd843897c8949d549702c7:CONFIG_NFT_FIB_IPV6"]	mainline	["CONFIG_NFT_FIB_IPV6=n"]	["CONFIG_NFT_FIB_IPV6=n"]	[]	[]	["board-io-security.sh"]
config:CONFIG_NFT_FLOW_OFFLOAD	config	["linux-aw2511@92c27523bfa57dc21acd843897c8949d549702c7:CONFIG_NFT_FLOW_OFFLOAD"]	mainline	["CONFIG_NFT_FLOW_OFFLOAD=n"]	["CONFIG_NFT_FLOW_OFFLOAD=n"]	[]	[]	["board-io-security.sh"]
config:CONFIG_NFT_FWD_NETDEV	config	["linux-aw2511@92c27523bfa57dc21acd843897c8949d549702c7:CONFIG_NFT_FWD_NETDEV"]	mainline	["CONFIG_NFT_FWD_NETDEV=n"]	["CONFIG_NFT_FWD_NETDEV=n"]	[]	[]	["board-io-security.sh"]
config:CONFIG_NFT_HASH	config	["linux-aw2511@92c27523bfa57dc21acd843897c8949d549702c7:CONFIG_NFT_HASH"]	mainline	["CONFIG_NFT_HASH=n"]	["CONFIG_NFT_HASH=n"]	[]	[]	["board-io-security.sh"]
config:CONFIG_NFT_LIMIT	config	["linux-aw2511@92c27523bfa57dc21acd843897c8949d549702c7:CONFIG_NFT_LIMIT"]	mainline	["CONFIG_NFT_LIMIT=n"]	["CONFIG_NFT_LIMIT=n"]	[]	[]	["board-io-security.sh"]
config:CONFIG_NFT_LOG	config	["linux-aw2511@92c27523bfa57dc21acd843897c8949d549702c7:CONFIG_NFT_LOG"]	mainline	["CONFIG_NFT_LOG=n"]	["CONFIG_NFT_LOG=n"]	[]	[]	["board-io-security.sh"]
config:CONFIG_NFT_MASQ	config	["linux-aw2511@92c27523bfa57dc21acd843897c8949d549702c7:CONFIG_NFT_MASQ"]	mainline	["CONFIG_NFT_MASQ=n"]	["CONFIG_NFT_MASQ=n"]	[]	[]	["board-io-security.sh"]
config:CONFIG_NFT_NAT	config	["linux-aw2511@92c27523bfa57dc21acd843897c8949d549702c7:CONFIG_NFT_NAT"]	mainline	["CONFIG_NFT_NAT=n"]	["CONFIG_NFT_NAT=n"]	[]	[]	["board-io-security.sh"]
config:CONFIG_NFT_NUMGEN	config	["linux-aw2511@92c27523bfa57dc21acd843897c8949d549702c7:CONFIG_NFT_NUMGEN"]	mainline	["CONFIG_NFT_NUMGEN=n"]	["CONFIG_NFT_NUMGEN=n"]	[]	[]	["board-io-security.sh"]
config:CONFIG_NFT_OSF	config	["linux-aw2511@92c27523bfa57dc21acd843897c8949d549702c7:CONFIG_NFT_OSF"]	mainline	["CONFIG_NFT_OSF=n"]	["CONFIG_NFT_OSF=n"]	[]	[]	["board-io-security.sh"]
config:CONFIG_NFT_QUOTA	config	["linux-aw2511@92c27523bfa57dc21acd843897c8949d549702c7:CONFIG_NFT_QUOTA"]	mainline	["CONFIG_NFT_QUOTA=n"]	["CONFIG_NFT_QUOTA=n"]	[]	[]	["board-io-security.sh"]
config:CONFIG_NFT_REDIR	config	["linux-aw2511@92c27523bfa57dc21acd843897c8949d549702c7:CONFIG_NFT_REDIR"]	mainline	["CONFIG_NFT_REDIR=n"]	["CONFIG_NFT_REDIR=n"]	[]	[]	["board-io-security.sh"]
config:CONFIG_NFT_REJECT	config	["linux-aw2511@92c27523bfa57dc21acd843897c8949d549702c7:CONFIG_NFT_REJECT"]	mainline	["CONFIG_NFT_REJECT=n"]	["CONFIG_NFT_REJECT=n"]	[]	[]	["board-io-security.sh"]
config:CONFIG_NFT_REJECT_INET	config	["linux-aw2511@92c27523bfa57dc21acd843897c8949d549702c7:CONFIG_NFT_REJECT_INET"]	mainline	["CONFIG_NFT_REJECT_INET=n"]	["CONFIG_NFT_REJECT_INET=n"]	[]	[]	["board-io-security.sh"]
config:CONFIG_NFT_REJECT_IPV4	config	["linux-aw2511@92c27523bfa57dc21acd843897c8949d549702c7:CONFIG_NFT_REJECT_IPV4"]	mainline	["CONFIG_NFT_REJECT_IPV4=n"]	["CONFIG_NFT_REJECT_IPV4=n"]	[]	[]	["board-io-security.sh"]
config:CONFIG_NFT_REJECT_IPV6	config	["linux-aw2511@92c27523bfa57dc21acd843897c8949d549702c7:CONFIG_NFT_REJECT_IPV6"]	mainline	["CONFIG_NFT_REJECT_IPV6=n"]	["CONFIG_NFT_REJECT_IPV6=n"]	[]	[]	["board-io-security.sh"]
config:CONFIG_NFT_SOCKET	config	["linux-aw2511@92c27523bfa57dc21acd843897c8949d549702c7:CONFIG_NFT_SOCKET"]	mainline	["CONFIG_NFT_SOCKET=n"]	["CONFIG_NFT_SOCKET=n"]	[]	[]	["board-io-security.sh"]
config:CONFIG_NFT_TPROXY	config	["linux-aw2511@92c27523bfa57dc21acd843897c8949d549702c7:CONFIG_NFT_TPROXY"]	mainline	["CONFIG_NFT_TPROXY=n"]	["CONFIG_NFT_TPROXY=n"]	[]	[]	["board-io-security.sh"]
config:CONFIG_NFT_TUNNEL	config	["linux-aw2511@92c27523bfa57dc21acd843897c8949d549702c7:CONFIG_NFT_TUNNEL"]	mainline	["CONFIG_NFT_TUNNEL=n"]	["CONFIG_NFT_TUNNEL=n"]	[]	[]	["board-io-security.sh"]
config:CONFIG_NFT_XFRM	config	["linux-aw2511@92c27523bfa57dc21acd843897c8949d549702c7:CONFIG_NFT_XFRM"]	mainline	["CONFIG_NFT_XFRM=n"]	["CONFIG_NFT_XFRM=n"]	[]	[]	["board-io-security.sh"]
config:CONFIG_NF_CONNTRACK_FTP	config	["linux-aw2511@92c27523bfa57dc21acd843897c8949d549702c7:CONFIG_NF_CONNTRACK_FTP"]	mainline	["CONFIG_NF_CONNTRACK_FTP=n"]	["CONFIG_NF_CONNTRACK_FTP=n"]	[]	[]	["board-io-security.sh"]
config:CONFIG_NF_CONNTRACK_PROCFS	config	["linux-aw2511@92c27523bfa57dc21acd843897c8949d549702c7:CONFIG_NF_CONNTRACK_PROCFS"]	mainline	["CONFIG_NF_CONNTRACK_PROCFS=n"]	["CONFIG_NF_CONNTRACK_PROCFS=n"]	[]	[]	["board-io-security.sh"]
config:CONFIG_NF_CONNTRACK_TFTP	config	["linux-aw2511@92c27523bfa57dc21acd843897c8949d549702c7:CONFIG_NF_CONNTRACK_TFTP"]	mainline	["CONFIG_NF_CONNTRACK_TFTP=n"]	["CONFIG_NF_CONNTRACK_TFTP=n"]	[]	[]	["board-io-security.sh"]
config:CONFIG_NF_CT_NETLINK	config	["linux-aw2511@92c27523bfa57dc21acd843897c8949d549702c7:CONFIG_NF_CT_NETLINK"]	mainline	["CONFIG_NF_CT_NETLINK=n"]	["CONFIG_NF_CT_NETLINK=n"]	[]	[]	["board-io-security.sh"]
config:CONFIG_NF_CT_PROTO_DCCP	config	["linux-aw2511@92c27523bfa57dc21acd843897c8949d549702c7:CONFIG_NF_CT_PROTO_DCCP"]	mainline	["CONFIG_NF_CT_PROTO_DCCP=n"]	["CONFIG_NF_CT_PROTO_DCCP=n"]	[]	[]	["board-io-security.sh"]
config:CONFIG_NF_CT_PROTO_UDPLITE	config	["linux-aw2511@92c27523bfa57dc21acd843897c8949d549702c7:CONFIG_NF_CT_PROTO_UDPLITE"]	mainline	["CONFIG_NF_CT_PROTO_UDPLITE=n"]	["CONFIG_NF_CT_PROTO_UDPLITE=n"]	[]	[]	["board-io-security.sh"]
config:CONFIG_NF_DUP_IPV6	config	["linux-aw2511@92c27523bfa57dc21acd843897c8949d549702c7:CONFIG_NF_DUP_IPV6"]	mainline	["CONFIG_NF_DUP_IPV6=n"]	["CONFIG_NF_DUP_IPV6=n"]	[]	[]	["board-io-security.sh"]
config:CONFIG_NF_DUP_NETDEV	config	["linux-aw2511@92c27523bfa57dc21acd843897c8949d549702c7:CONFIG_NF_DUP_NETDEV"]	mainline	["CONFIG_NF_DUP_NETDEV=n"]	["CONFIG_NF_DUP_NETDEV=n"]	[]	[]	["board-io-security.sh"]
config:CONFIG_NF_FLOW_TABLE	config	["linux-aw2511@92c27523bfa57dc21acd843897c8949d549702c7:CONFIG_NF_FLOW_TABLE"]	mainline	["CONFIG_NF_FLOW_TABLE=n"]	["CONFIG_NF_FLOW_TABLE=n"]	[]	[]	["board-io-security.sh"]
config:CONFIG_NF_FLOW_TABLE_INET	config	["linux-aw2511@92c27523bfa57dc21acd843897c8949d549702c7:CONFIG_NF_FLOW_TABLE_INET"]	mainline	["CONFIG_NF_FLOW_TABLE_INET=n"]	["CONFIG_NF_FLOW_TABLE_INET=n"]	[]	[]	["board-io-security.sh"]
config:CONFIG_NF_LOG_ARP	config	["linux-aw2511@92c27523bfa57dc21acd843897c8949d549702c7:CONFIG_NF_LOG_ARP"]	mainline	["CONFIG_NF_LOG_ARP=n"]	["CONFIG_NF_LOG_ARP=n"]	[]	[]	["board-io-security.sh"]
config:CONFIG_NF_NAT	config	["linux-aw2511@92c27523bfa57dc21acd843897c8949d549702c7:CONFIG_NF_NAT"]	mainline	["CONFIG_NF_NAT=n"]	["CONFIG_NF_NAT=n"]	[]	[]	["board-io-security.sh"]
config:CONFIG_NF_NAT_FTP	config	["linux-aw2511@92c27523bfa57dc21acd843897c8949d549702c7:CONFIG_NF_NAT_FTP"]	mainline	["CONFIG_NF_NAT_FTP=n"]	["CONFIG_NF_NAT_FTP=n"]	[]	[]	["board-io-security.sh"]
config:CONFIG_NF_NAT_MASQUERADE	config	["linux-aw2511@92c27523bfa57dc21acd843897c8949d549702c7:CONFIG_NF_NAT_MASQUERADE"]	mainline	["CONFIG_NF_NAT_MASQUERADE=n"]	["CONFIG_NF_NAT_MASQUERADE=n"]	[]	[]	["board-io-security.sh"]
config:CONFIG_NF_NAT_REDIRECT	config	["linux-aw2511@92c27523bfa57dc21acd843897c8949d549702c7:CONFIG_NF_NAT_REDIRECT"]	mainline	["CONFIG_NF_NAT_REDIRECT=n"]	["CONFIG_NF_NAT_REDIRECT=n"]	[]	[]	["board-io-security.sh"]
config:CONFIG_NF_NAT_TFTP	config	["linux-aw2511@92c27523bfa57dc21acd843897c8949d549702c7:CONFIG_NF_NAT_TFTP"]	mainline	["CONFIG_NF_NAT_TFTP=n"]	["CONFIG_NF_NAT_TFTP=n"]	[]	[]	["board-io-security.sh"]
config:CONFIG_NF_REJECT_IPV4	config	["linux-aw2511@92c27523bfa57dc21acd843897c8949d549702c7:CONFIG_NF_REJECT_IPV4"]	mainline	["CONFIG_NF_REJECT_IPV4=n"]	["CONFIG_NF_REJECT_IPV4=n"]	[]	[]	["board-io-security.sh"]
config:CONFIG_NF_REJECT_IPV6	config	["linux-aw2511@92c27523bfa57dc21acd843897c8949d549702c7:CONFIG_NF_REJECT_IPV6"]	mainline	["CONFIG_NF_REJECT_IPV6=n"]	["CONFIG_NF_REJECT_IPV6=n"]	[]	[]	["board-io-security.sh"]
config:CONFIG_NF_SOCKET_IPV4	config	["linux-aw2511@92c27523bfa57dc21acd843897c8949d549702c7:CONFIG_NF_SOCKET_IPV4"]	mainline	["CONFIG_NF_SOCKET_IPV4=n"]	["CONFIG_NF_SOCKET_IPV4=n"]	[]	[]	["board-io-security.sh"]
config:CONFIG_NF_SOCKET_IPV6	config	["linux-aw2511@92c27523bfa57dc21acd843897c8949d549702c7:CONFIG_NF_SOCKET_IPV6"]	mainline	["CONFIG_NF_SOCKET_IPV6=n"]	["CONFIG_NF_SOCKET_IPV6=n"]	[]	[]	["board-io-security.sh"]
config:CONFIG_NF_TABLES	config	["linux-aw2511@92c27523bfa57dc21acd843897c8949d549702c7:CONFIG_NF_TABLES"]	mainline	["CONFIG_NF_TABLES=n"]	["CONFIG_NF_TABLES=n"]	[]	[]	["board-io-security.sh"]
config:CONFIG_NF_TABLES_BRIDGE	config	["linux-aw2511@92c27523bfa57dc21acd843897c8949d549702c7:CONFIG_NF_TABLES_BRIDGE"]	mainline	["CONFIG_NF_TABLES_BRIDGE=n"]	["CONFIG_NF_TABLES_BRIDGE=n"]	[]	[]	["board-io-security.sh"]
config:CONFIG_NF_TABLES_INET	config	["linux-aw2511@92c27523bfa57dc21acd843897c8949d549702c7:CONFIG_NF_TABLES_INET"]	mainline	["CONFIG_NF_TABLES_INET=n"]	["CONFIG_NF_TABLES_INET=n"]	[]	[]	["board-io-security.sh"]
config:CONFIG_NF_TABLES_IPV4	config	["linux-aw2511@92c27523bfa57dc21acd843897c8949d549702c7:CONFIG_NF_TABLES_IPV4"]	mainline	["CONFIG_NF_TABLES_IPV4=n"]	["CONFIG_NF_TABLES_IPV4=n"]	[]	[]	["board-io-security.sh"]
config:CONFIG_NF_TABLES_IPV6	config	["linux-aw2511@92c27523bfa57dc21acd843897c8949d549702c7:CONFIG_NF_TABLES_IPV6"]	mainline	["CONFIG_NF_TABLES_IPV6=n"]	["CONFIG_NF_TABLES_IPV6=n"]	[]	[]	["board-io-security.sh"]
config:CONFIG_NF_TABLES_NETDEV	config	["linux-aw2511@92c27523bfa57dc21acd843897c8949d549702c7:CONFIG_NF_TABLES_NETDEV"]	mainline	["CONFIG_NF_TABLES_NETDEV=n"]	["CONFIG_NF_TABLES_NETDEV=n"]	[]	[]	["board-io-security.sh"]
config:CONFIG_NF_TPROXY_IPV4	config	["linux-aw2511@92c27523bfa57dc21acd843897c8949d549702c7:CONFIG_NF_TPROXY_IPV4"]	mainline	["CONFIG_NF_TPROXY_IPV4=n"]	["CONFIG_NF_TPROXY_IPV4=n"]	[]	[]	["board-io-security.sh"]
config:CONFIG_NF_TPROXY_IPV6	config	["linux-aw2511@92c27523bfa57dc21acd843897c8949d549702c7:CONFIG_NF_TPROXY_IPV6"]	mainline	["CONFIG_NF_TPROXY_IPV6=n"]	["CONFIG_NF_TPROXY_IPV6=n"]	[]	[]	["board-io-security.sh"]
config:CONFIG_NLMON	config	["linux-aw2511@92c27523bfa57dc21acd843897c8949d549702c7:CONFIG_NLMON"]	mainline	["CONFIG_NLMON=n"]	["CONFIG_NLMON=n"]	[]	[]	["board-io-security.sh"]
config:CONFIG_NLS_ASCII	config	["linux-aw2511@92c27523bfa57dc21acd843897c8949d549702c7:CONFIG_NLS_ASCII"]	mainline	["CONFIG_NLS_ASCII=n"]	["CONFIG_NLS_ASCII=n"]	[]	[]	["board-io-security.sh"]
config:CONFIG_NLS_UCS2_UTILS	config	["linux-aw2511@92c27523bfa57dc21acd843897c8949d549702c7:CONFIG_NLS_UCS2_UTILS"]	mainline	["CONFIG_NLS_UCS2_UTILS=n"]	["CONFIG_NLS_UCS2_UTILS=n"]	[]	[]	["board-io-security.sh"]
config:CONFIG_NLS_UTF8	config	["linux-aw2511@92c27523bfa57dc21acd843897c8949d549702c7:CONFIG_NLS_UTF8"]	mainline	["CONFIG_NLS_UTF8=n"]	["CONFIG_NLS_UTF8=n"]	[]	[]	["board-io-security.sh"]
config:CONFIG_NNA_VIP2	config	["linux-aw2511@92c27523bfa57dc21acd843897c8949d549702c7:CONFIG_NNA_VIP2"]	ported-bsp	["CONFIG_NNA_VIP2=n"]	["CONFIG_NNA_VIP2=n"]	[]	[]	["npu.sh"]
config:CONFIG_NOP_TRACER	config	["linux-aw2511@92c27523bfa57dc21acd843897c8949d549702c7:CONFIG_NOP_TRACER"]	mainline	["CONFIG_NOP_TRACER=n"]	["CONFIG_NOP_TRACER=n"]	[]	[]	["board-io-security.sh"]
config:CONFIG_NO_HZ	config	["linux-aw2511@92c27523bfa57dc21acd843897c8949d549702c7:CONFIG_NO_HZ"]	mainline	["CONFIG_NO_HZ=n"]	["CONFIG_NO_HZ=n"]	[]	[]	["board-io-security.sh"]
config:CONFIG_NVMEM_AW_SID	config	["linux-aw2511@92c27523bfa57dc21acd843897c8949d549702c7:CONFIG_NVMEM_AW_SID"]	mainline	["CONFIG_NVMEM_AW_SID=n"]	["CONFIG_NVMEM_AW_SID=n"]	[]	[]	["pcie-nvme.sh"]
config:CONFIG_NVME_CORE	config	["linux-aw2511@92c27523bfa57dc21acd843897c8949d549702c7:CONFIG_NVME_CORE"]	mainline	[]	["CONFIG_NVME_CORE=m"]	[]	[]	[]
config:CONFIG_NVME_FABRICS	config	["linux-aw2511@92c27523bfa57dc21acd843897c8949d549702c7:CONFIG_NVME_FABRICS"]	mainline	["CONFIG_NVME_FABRICS=n"]	["CONFIG_NVME_FABRICS=n"]	[]	[]	["pcie-nvme.sh"]
config:CONFIG_NVME_TARGET	config	["linux-aw2511@92c27523bfa57dc21acd843897c8949d549702c7:CONFIG_NVME_TARGET"]	mainline	["CONFIG_NVME_TARGET=n"]	["CONFIG_NVME_TARGET=n"]	[]	[]	["pcie-nvme.sh"]
config:CONFIG_NVME_TARGET_LOOP	config	["linux-aw2511@92c27523bfa57dc21acd843897c8949d549702c7:CONFIG_NVME_TARGET_LOOP"]	mainline	["CONFIG_NVME_TARGET_LOOP=n"]	["CONFIG_NVME_TARGET_LOOP=n"]	[]	[]	["pcie-nvme.sh"]
config:CONFIG_NVME_TARGET_PASSTHRU	config	["linux-aw2511@92c27523bfa57dc21acd843897c8949d549702c7:CONFIG_NVME_TARGET_PASSTHRU"]	mainline	["CONFIG_NVME_TARGET_PASSTHRU=n"]	["CONFIG_NVME_TARGET_PASSTHRU=n"]	[]	[]	["pcie-nvme.sh"]
config:CONFIG_NVME_TCP	config	["linux-aw2511@92c27523bfa57dc21acd843897c8949d549702c7:CONFIG_NVME_TCP"]	mainline	["CONFIG_NVME_TCP=n"]	["CONFIG_NVME_TCP=n"]	[]	[]	["pcie-nvme.sh"]
config:CONFIG_PACKET_DIAG	config	["linux-aw2511@92c27523bfa57dc21acd843897c8949d549702c7:CONFIG_PACKET_DIAG"]	mainline	["CONFIG_PACKET_DIAG=n"]	["CONFIG_PACKET_DIAG=n"]	[]	[]	["media-camera.sh"]
config:CONFIG_PANEL_DSI_GENERAL	config	["linux-aw2511@92c27523bfa57dc21acd843897c8949d549702c7:CONFIG_PANEL_DSI_GENERAL"]	mainline	["CONFIG_PANEL_DSI_GENERAL=n"]	["CONFIG_PANEL_DSI_GENERAL=n"]	[]	[]	["display-hdmi.sh"]
config:CONFIG_PANEL_EDP_GENERAL	config	["linux-aw2511@92c27523bfa57dc21acd843897c8949d549702c7:CONFIG_PANEL_EDP_GENERAL"]	mainline	["CONFIG_PANEL_EDP_GENERAL=n"]	["CONFIG_PANEL_EDP_GENERAL=n"]	[]	[]	["display-hdmi.sh"]
config:CONFIG_PANEL_LVDS_GENERAL	config	["linux-aw2511@92c27523bfa57dc21acd843897c8949d549702c7:CONFIG_PANEL_LVDS_GENERAL"]	mainline	["CONFIG_PANEL_LVDS_GENERAL=n"]	["CONFIG_PANEL_LVDS_GENERAL=n"]	[]	[]	["display-hdmi.sh"]
config:CONFIG_PANIC_ON_OOPS	config	["linux-aw2511@92c27523bfa57dc21acd843897c8949d549702c7:CONFIG_PANIC_ON_OOPS"]	mainline	["CONFIG_PANIC_ON_OOPS=n"]	["CONFIG_PANIC_ON_OOPS=n"]	[]	[]	["board-io-security.sh"]
config:CONFIG_PARTITION_PERCPU	config	["linux-aw2511@92c27523bfa57dc21acd843897c8949d549702c7:CONFIG_PARTITION_PERCPU"]	mainline	["CONFIG_PARTITION_PERCPU=n"]	["CONFIG_PARTITION_PERCPU=n"]	[]	[]	["board-io-security.sh"]
config:CONFIG_PCIE_BUS_DEFAULT	config	["linux-aw2511@92c27523bfa57dc21acd843897c8949d549702c7:CONFIG_PCIE_BUS_DEFAULT"]	mainline	["CONFIG_PCIE_BUS_DEFAULT=n"]	["CONFIG_PCIE_BUS_DEFAULT=n"]	[]	[]	["pcie-nvme.sh"]
config:CONFIG_PCS_XPCS	config	["linux-aw2511@92c27523bfa57dc21acd843897c8949d549702c7:CONFIG_PCS_XPCS"]	mainline	[]	["CONFIG_PCS_XPCS=m"]	[]	[]	[]
config:CONFIG_PHYLINK	config	["linux-aw2511@92c27523bfa57dc21acd843897c8949d549702c7:CONFIG_PHYLINK"]	mainline	[]	["CONFIG_PHYLINK=m"]	[]	[]	[]
config:CONFIG_PHY_SUNXI_PLAT	config	["linux-aw2511@92c27523bfa57dc21acd843897c8949d549702c7:CONFIG_PHY_SUNXI_PLAT"]	mainline	["CONFIG_PHY_SUNXI_PLAT=n"]	["CONFIG_PHY_SUNXI_PLAT=n"]	[]	[]	["board-io-security.sh"]
config:CONFIG_PM_USERSPACE_AUTOSLEEP	config	["linux-aw2511@92c27523bfa57dc21acd843897c8949d549702c7:CONFIG_PM_USERSPACE_AUTOSLEEP"]	mainline	["CONFIG_PM_USERSPACE_AUTOSLEEP=n"]	["CONFIG_PM_USERSPACE_AUTOSLEEP=n"]	[]	[]	["board-io-security.sh"]
config:CONFIG_PM_WAKELOCKS	config	["linux-aw2511@92c27523bfa57dc21acd843897c8949d549702c7:CONFIG_PM_WAKELOCKS"]	mainline	["CONFIG_PM_WAKELOCKS=n"]	["CONFIG_PM_WAKELOCKS=n"]	[]	[]	["board-io-security.sh"]
config:CONFIG_PM_WAKELOCKS_GC	config	["linux-aw2511@92c27523bfa57dc21acd843897c8949d549702c7:CONFIG_PM_WAKELOCKS_GC"]	mainline	["CONFIG_PM_WAKELOCKS_GC=n"]	["CONFIG_PM_WAKELOCKS_GC=n"]	[]	[]	["board-io-security.sh"]
config:CONFIG_POWERCAP	config	["linux-aw2511@92c27523bfa57dc21acd843897c8949d549702c7:CONFIG_POWERCAP"]	mainline	["CONFIG_POWERCAP=n"]	["CONFIG_POWERCAP=n"]	[]	[]	["board-io-security.sh"]
config:CONFIG_PPP	config	["linux-aw2511@92c27523bfa57dc21acd843897c8949d549702c7:CONFIG_PPP"]	mainline	["CONFIG_PPP=n"]	["CONFIG_PPP=n"]	[]	[]	["board-io-security.sh"]
config:CONFIG_PPPOE	config	["linux-aw2511@92c27523bfa57dc21acd843897c8949d549702c7:CONFIG_PPPOE"]	mainline	["CONFIG_PPPOE=n"]	["CONFIG_PPPOE=n"]	[]	[]	["board-io-security.sh"]
config:CONFIG_PPPOE_HASH_BITS_4	config	["linux-aw2511@92c27523bfa57dc21acd843897c8949d549702c7:CONFIG_PPPOE_HASH_BITS_4"]	mainline	["CONFIG_PPPOE_HASH_BITS_4=n"]	["CONFIG_PPPOE_HASH_BITS_4=n"]	[]	[]	["board-io-security.sh"]
config:CONFIG_PPP_ASYNC	config	["linux-aw2511@92c27523bfa57dc21acd843897c8949d549702c7:CONFIG_PPP_ASYNC"]	mainline	["CONFIG_PPP_ASYNC=n"]	["CONFIG_PPP_ASYNC=n"]	[]	[]	["board-io-security.sh"]
config:CONFIG_PPP_BSDCOMP	config	["linux-aw2511@92c27523bfa57dc21acd843897c8949d549702c7:CONFIG_PPP_BSDCOMP"]	mainline	["CONFIG_PPP_BSDCOMP=n"]	["CONFIG_PPP_BSDCOMP=n"]	[]	[]	["board-io-security.sh"]
config:CONFIG_PPP_DEFLATE	config	["linux-aw2511@92c27523bfa57dc21acd843897c8949d549702c7:CONFIG_PPP_DEFLATE"]	mainline	["CONFIG_PPP_DEFLATE=n"]	["CONFIG_PPP_DEFLATE=n"]	[]	[]	["board-io-security.sh"]
config:CONFIG_PPP_MPPE	config	["linux-aw2511@92c27523bfa57dc21acd843897c8949d549702c7:CONFIG_PPP_MPPE"]	mainline	["CONFIG_PPP_MPPE=n"]	["CONFIG_PPP_MPPE=n"]	[]	[]	["board-io-security.sh"]
config:CONFIG_PPP_SYNC_TTY	config	["linux-aw2511@92c27523bfa57dc21acd843897c8949d549702c7:CONFIG_PPP_SYNC_TTY"]	mainline	["CONFIG_PPP_SYNC_TTY=n"]	["CONFIG_PPP_SYNC_TTY=n"]	[]	[]	["board-io-security.sh"]
config:CONFIG_PPS_CLIENT_GPIO	config	["linux-aw2511@92c27523bfa57dc21acd843897c8949d549702c7:CONFIG_PPS_CLIENT_GPIO"]	mainline	["CONFIG_PPS_CLIENT_GPIO=n"]	["CONFIG_PPS_CLIENT_GPIO=n"]	[]	[]	["board-io-security.sh"]
config:CONFIG_PREEMPT_VOLUNTARY	config	["linux-aw2511@92c27523bfa57dc21acd843897c8949d549702c7:CONFIG_PREEMPT_VOLUNTARY"]	mainline	["CONFIG_PREEMPT_VOLUNTARY=n"]	["CONFIG_PREEMPT_VOLUNTARY=n"]	[]	[]	["board-io-security.sh"]
config:CONFIG_PREEMPT_VOLUNTARY_BUILD	config	["linux-aw2511@92c27523bfa57dc21acd843897c8949d549702c7:CONFIG_PREEMPT_VOLUNTARY_BUILD"]	mainline	["CONFIG_PREEMPT_VOLUNTARY_BUILD=n"]	["CONFIG_PREEMPT_VOLUNTARY_BUILD=n"]	[]	[]	["board-io-security.sh"]
config:CONFIG_PRINTK_CALLER	config	["linux-aw2511@92c27523bfa57dc21acd843897c8949d549702c7:CONFIG_PRINTK_CALLER"]	mainline	["CONFIG_PRINTK_CALLER=n"]	["CONFIG_PRINTK_CALLER=n"]	[]	[]	["board-io-security.sh"]
config:CONFIG_PROBE_EVENTS	config	["linux-aw2511@92c27523bfa57dc21acd843897c8949d549702c7:CONFIG_PROBE_EVENTS"]	mainline	["CONFIG_PROBE_EVENTS=n"]	["CONFIG_PROBE_EVENTS=n"]	[]	[]	["board-io-security.sh"]
config:CONFIG_PROC_MEM_ALWAYS_FORCE	config	["linux-aw2511@92c27523bfa57dc21acd843897c8949d549702c7:CONFIG_PROC_MEM_ALWAYS_FORCE"]	mainline	["CONFIG_PROC_MEM_ALWAYS_FORCE=n"]	["CONFIG_PROC_MEM_ALWAYS_FORCE=n"]	[]	[]	["board-io-security.sh"]
config:CONFIG_PROC_PID_CPUSET	config	["linux-aw2511@92c27523bfa57dc21acd843897c8949d549702c7:CONFIG_PROC_PID_CPUSET"]	mainline	["CONFIG_PROC_PID_CPUSET=n"]	["CONFIG_PROC_PID_CPUSET=n"]	[]	[]	["board-io-security.sh"]
config:CONFIG_PSI	config	["linux-aw2511@92c27523bfa57dc21acd843897c8949d549702c7:CONFIG_PSI"]	mainline	["CONFIG_PSI=n"]	["CONFIG_PSI=n"]	[]	[]	["board-io-security.sh"]
config:CONFIG_PSI_DEFAULT_DISABLED	config	["linux-aw2511@92c27523bfa57dc21acd843897c8949d549702c7:CONFIG_PSI_DEFAULT_DISABLED"]	mainline	["CONFIG_PSI_DEFAULT_DISABLED=n"]	["CONFIG_PSI_DEFAULT_DISABLED=n"]	[]	[]	["media-camera.sh"]
config:CONFIG_PWM_GPIO	config	["linux-aw2511@92c27523bfa57dc21acd843897c8949d549702c7:CONFIG_PWM_GPIO"]	mainline	["CONFIG_PWM_GPIO=n"]	["CONFIG_PWM_GPIO=n"]	[]	[]	["board-io-security.sh"]
config:CONFIG_PWM_SYSFS	config	["linux-aw2511@92c27523bfa57dc21acd843897c8949d549702c7:CONFIG_PWM_SYSFS"]	mainline	["CONFIG_PWM_SYSFS=n"]	["CONFIG_PWM_SYSFS=n"]	[]	[]	["board-io-security.sh"]
config:CONFIG_RADIO_ADAPTERS	config	["linux-aw2511@92c27523bfa57dc21acd843897c8949d549702c7:CONFIG_RADIO_ADAPTERS"]	mainline	["CONFIG_RADIO_ADAPTERS=n"]	["CONFIG_RADIO_ADAPTERS=n"]	[]	[]	["board-io-security.sh"]
config:CONFIG_RC_CORE	config	["linux-aw2511@92c27523bfa57dc21acd843897c8949d549702c7:CONFIG_RC_CORE"]	mainline	[]	["CONFIG_RC_CORE=m"]	[]	[]	[]
config:CONFIG_REALTEK_AUTOPM	config	["linux-aw2511@92c27523bfa57dc21acd843897c8949d549702c7:CONFIG_REALTEK_AUTOPM"]	mainline	["CONFIG_REALTEK_AUTOPM=n"]	["CONFIG_REALTEK_AUTOPM=n"]	[]	[]	["board-io-security.sh"]
config:CONFIG_REALTEK_PHY	config	["linux-aw2511@92c27523bfa57dc21acd843897c8949d549702c7:CONFIG_REALTEK_PHY"]	mainline	[]	["CONFIG_REALTEK_PHY=y"]	[]	[]	[]
config:CONFIG_REGMAP_SPI	config	["linux-aw2511@92c27523bfa57dc21acd843897c8949d549702c7:CONFIG_REGMAP_SPI"]	mainline	[]	["CONFIG_REGMAP_SPI=y"]	[]	[]	[]
config:CONFIG_REGULATOR_RASPBERRYPI_TOUCHSCREEN_ATTINY	config	["linux-aw2511@92c27523bfa57dc21acd843897c8949d549702c7:CONFIG_REGULATOR_RASPBERRYPI_TOUCHSCREEN_ATTINY"]	mainline	["CONFIG_REGULATOR_RASPBERRYPI_TOUCHSCREEN_ATTINY=n"]	["CONFIG_REGULATOR_RASPBERRYPI_TOUCHSCREEN_ATTINY=n"]	[]	[]	["clock-power-performance.sh"]
config:CONFIG_REGULATOR_VIRTUAL_CONSUMER	config	["linux-aw2511@92c27523bfa57dc21acd843897c8949d549702c7:CONFIG_REGULATOR_VIRTUAL_CONSUMER"]	mainline	["CONFIG_REGULATOR_VIRTUAL_CONSUMER=n"]	["CONFIG_REGULATOR_VIRTUAL_CONSUMER=n"]	[]	[]	["clock-power-performance.sh"]
config:CONFIG_RFKILL	config	["linux-aw2511@92c27523bfa57dc21acd843897c8949d549702c7:CONFIG_RFKILL"]	mainline	[]	["CONFIG_RFKILL=m"]	[]	[]	[]
config:CONFIG_RFKILL_GPIO	config	["linux-aw2511@92c27523bfa57dc21acd843897c8949d549702c7:CONFIG_RFKILL_GPIO"]	mainline	[]	["CONFIG_RFKILL_GPIO=m"]	[]	[]	[]
config:CONFIG_RING_BUFFER	config	["linux-aw2511@92c27523bfa57dc21acd843897c8949d549702c7:CONFIG_RING_BUFFER"]	mainline	["CONFIG_RING_BUFFER=n"]	["CONFIG_RING_BUFFER=n"]	[]	[]	["board-io-security.sh"]
config:CONFIG_RODATA_FULL_DEFAULT_ENABLED	config	["linux-aw2511@92c27523bfa57dc21acd843897c8949d549702c7:CONFIG_RODATA_FULL_DEFAULT_ENABLED"]	mainline	["CONFIG_RODATA_FULL_DEFAULT_ENABLED=n"]	["CONFIG_RODATA_FULL_DEFAULT_ENABLED=n"]	[]	[]	["board-io-security.sh"]
config:CONFIG_RPCSEC_GSS_KRB5	config	["linux-aw2511@92c27523bfa57dc21acd843897c8949d549702c7:CONFIG_RPCSEC_GSS_KRB5"]	mainline	[]	["CONFIG_RPCSEC_GSS_KRB5=y"]	[]	[]	[]
config:CONFIG_RTC_DRV_EFI	config	["linux-aw2511@92c27523bfa57dc21acd843897c8949d549702c7:CONFIG_RTC_DRV_EFI"]	mainline	[]	["CONFIG_RTC_DRV_EFI=y"]	[]	[]	[]
config:CONFIG_RTL8723BS	config	["linux-aw2511@92c27523bfa57dc21acd843897c8949d549702c7:CONFIG_RTL8723BS"]	mainline	["CONFIG_RTL8723BS=n"]	["CONFIG_RTL8723BS=n"]	[]	[]	["board-io-security.sh"]
config:CONFIG_RTW89	config	["linux-aw2511@92c27523bfa57dc21acd843897c8949d549702c7:CONFIG_RTW89"]	mainline	["CONFIG_RTW89=n"]	["CONFIG_RTW89=n"]	[]	[]	["board-io-security.sh"]
config:CONFIG_RTW89_8851B	config	["linux-aw2511@92c27523bfa57dc21acd843897c8949d549702c7:CONFIG_RTW89_8851B"]	mainline	["CONFIG_RTW89_8851B=n"]	["CONFIG_RTW89_8851B=n"]	[]	[]	["board-io-security.sh"]
config:CONFIG_RTW89_8851BE	config	["linux-aw2511@92c27523bfa57dc21acd843897c8949d549702c7:CONFIG_RTW89_8851BE"]	mainline	["CONFIG_RTW89_8851BE=n"]	["CONFIG_RTW89_8851BE=n"]	[]	[]	["board-io-security.sh"]
config:CONFIG_RTW89_8852A	config	["linux-aw2511@92c27523bfa57dc21acd843897c8949d549702c7:CONFIG_RTW89_8852A"]	mainline	["CONFIG_RTW89_8852A=n"]	["CONFIG_RTW89_8852A=n"]	[]	[]	["board-io-security.sh"]
config:CONFIG_RTW89_8852AE	config	["linux-aw2511@92c27523bfa57dc21acd843897c8949d549702c7:CONFIG_RTW89_8852AE"]	mainline	["CONFIG_RTW89_8852AE=n"]	["CONFIG_RTW89_8852AE=n"]	[]	[]	["board-io-security.sh"]
config:CONFIG_RTW89_8852B	config	["linux-aw2511@92c27523bfa57dc21acd843897c8949d549702c7:CONFIG_RTW89_8852B"]	mainline	["CONFIG_RTW89_8852B=n"]	["CONFIG_RTW89_8852B=n"]	[]	[]	["board-io-security.sh"]
config:CONFIG_RTW89_8852BE	config	["linux-aw2511@92c27523bfa57dc21acd843897c8949d549702c7:CONFIG_RTW89_8852BE"]	mainline	["CONFIG_RTW89_8852BE=n"]	["CONFIG_RTW89_8852BE=n"]	[]	[]	["board-io-security.sh"]
config:CONFIG_RTW89_8852C	config	["linux-aw2511@92c27523bfa57dc21acd843897c8949d549702c7:CONFIG_RTW89_8852C"]	mainline	["CONFIG_RTW89_8852C=n"]	["CONFIG_RTW89_8852C=n"]	[]	[]	["board-io-security.sh"]
config:CONFIG_RTW89_8852CE	config	["linux-aw2511@92c27523bfa57dc21acd843897c8949d549702c7:CONFIG_RTW89_8852CE"]	mainline	["CONFIG_RTW89_8852CE=n"]	["CONFIG_RTW89_8852CE=n"]	[]	[]	["board-io-security.sh"]
config:CONFIG_RTW89_CORE	config	["linux-aw2511@92c27523bfa57dc21acd843897c8949d549702c7:CONFIG_RTW89_CORE"]	mainline	["CONFIG_RTW89_CORE=n"]	["CONFIG_RTW89_CORE=n"]	[]	[]	["board-io-security.sh"]
config:CONFIG_RTW89_PCI	config	["linux-aw2511@92c27523bfa57dc21acd843897c8949d549702c7:CONFIG_RTW89_PCI"]	mainline	["CONFIG_RTW89_PCI=n"]	["CONFIG_RTW89_PCI=n"]	[]	[]	["board-io-security.sh"]
config:CONFIG_RT_GROUP_SCHED	config	["linux-aw2511@92c27523bfa57dc21acd843897c8949d549702c7:CONFIG_RT_GROUP_SCHED"]	mainline	["CONFIG_RT_GROUP_SCHED=n"]	["CONFIG_RT_GROUP_SCHED=n"]	[]	[]	["board-io-security.sh"]
config:CONFIG_SATA_AHCI	config	["linux-aw2511@92c27523bfa57dc21acd843897c8949d549702c7:CONFIG_SATA_AHCI"]	mainline	[]	["CONFIG_SATA_AHCI=y"]	[]	[]	[]
config:CONFIG_SCHED_DEBUG	config	["linux-aw2511@92c27523bfa57dc21acd843897c8949d549702c7:CONFIG_SCHED_DEBUG"]	mainline	["CONFIG_SCHED_DEBUG=n"]	["CONFIG_SCHED_DEBUG=n"]	[]	[]	["board-io-security.sh"]
config:CONFIG_SCHED_THERMAL_PRESSURE	config	["linux-aw2511@92c27523bfa57dc21acd843897c8949d549702c7:CONFIG_SCHED_THERMAL_PRESSURE"]	mainline	["CONFIG_SCHED_THERMAL_PRESSURE=n"]	["CONFIG_SCHED_THERMAL_PRESSURE=n"]	[]	[]	["clock-power-performance.sh"]
config:CONFIG_SCSI_ISCSI_ATTRS	config	["linux-aw2511@92c27523bfa57dc21acd843897c8949d549702c7:CONFIG_SCSI_ISCSI_ATTRS"]	mainline	["CONFIG_SCSI_ISCSI_ATTRS=n"]	["CONFIG_SCSI_ISCSI_ATTRS=n"]	[]	[]	["ufs.sh"]
config:CONFIG_SCSI_PROC_FS	config	["linux-aw2511@92c27523bfa57dc21acd843897c8949d549702c7:CONFIG_SCSI_PROC_FS"]	mainline	["CONFIG_SCSI_PROC_FS=n"]	["CONFIG_SCSI_PROC_FS=n"]	[]	[]	["ufs.sh"]
config:CONFIG_SECURITY_APPARMOR	config	["linux-aw2511@92c27523bfa57dc21acd843897c8949d549702c7:CONFIG_SECURITY_APPARMOR"]	mainline	["CONFIG_SECURITY_APPARMOR=n"]	["CONFIG_SECURITY_APPARMOR=n"]	[]	[]	["board-io-security.sh"]
config:CONFIG_SECURITY_APPARMOR_EXPORT_BINARY	config	["linux-aw2511@92c27523bfa57dc21acd843897c8949d549702c7:CONFIG_SECURITY_APPARMOR_EXPORT_BINARY"]	mainline	["CONFIG_SECURITY_APPARMOR_EXPORT_BINARY=n"]	["CONFIG_SECURITY_APPARMOR_EXPORT_BINARY=n"]	[]	[]	["board-io-security.sh"]
config:CONFIG_SECURITY_APPARMOR_HASH	config	["linux-aw2511@92c27523bfa57dc21acd843897c8949d549702c7:CONFIG_SECURITY_APPARMOR_HASH"]	mainline	["CONFIG_SECURITY_APPARMOR_HASH=n"]	["CONFIG_SECURITY_APPARMOR_HASH=n"]	[]	[]	["board-io-security.sh"]
config:CONFIG_SECURITY_APPARMOR_HASH_DEFAULT	config	["linux-aw2511@92c27523bfa57dc21acd843897c8949d549702c7:CONFIG_SECURITY_APPARMOR_HASH_DEFAULT"]	mainline	["CONFIG_SECURITY_APPARMOR_HASH_DEFAULT=n"]	["CONFIG_SECURITY_APPARMOR_HASH_DEFAULT=n"]	[]	[]	["board-io-security.sh"]
config:CONFIG_SECURITY_APPARMOR_INTROSPECT_POLICY	config	["linux-aw2511@92c27523bfa57dc21acd843897c8949d549702c7:CONFIG_SECURITY_APPARMOR_INTROSPECT_POLICY"]	mainline	["CONFIG_SECURITY_APPARMOR_INTROSPECT_POLICY=n"]	["CONFIG_SECURITY_APPARMOR_INTROSPECT_POLICY=n"]	[]	[]	["board-io-security.sh"]
config:CONFIG_SECURITY_APPARMOR_PARANOID_LOAD	config	["linux-aw2511@92c27523bfa57dc21acd843897c8949d549702c7:CONFIG_SECURITY_APPARMOR_PARANOID_LOAD"]	mainline	["CONFIG_SECURITY_APPARMOR_PARANOID_LOAD=n"]	["CONFIG_SECURITY_APPARMOR_PARANOID_LOAD=n"]	[]	[]	["board-io-security.sh"]
config:CONFIG_SECURITY_DMESG_RESTRICT	config	["linux-aw2511@92c27523bfa57dc21acd843897c8949d549702c7:CONFIG_SECURITY_DMESG_RESTRICT"]	mainline	["CONFIG_SECURITY_DMESG_RESTRICT=n"]	["CONFIG_SECURITY_DMESG_RESTRICT=n"]	[]	[]	["board-io-security.sh"]
config:CONFIG_SECURITY_NETWORK	config	["linux-aw2511@92c27523bfa57dc21acd843897c8949d549702c7:CONFIG_SECURITY_NETWORK"]	mainline	["CONFIG_SECURITY_NETWORK=n"]	["CONFIG_SECURITY_NETWORK=n"]	[]	[]	["board-io-security.sh"]
config:CONFIG_SECURITY_PATH	config	["linux-aw2511@92c27523bfa57dc21acd843897c8949d549702c7:CONFIG_SECURITY_PATH"]	mainline	["CONFIG_SECURITY_PATH=n"]	["CONFIG_SECURITY_PATH=n"]	[]	[]	["board-io-security.sh"]
config:CONFIG_SECURITY_SELINUX	config	["linux-aw2511@92c27523bfa57dc21acd843897c8949d549702c7:CONFIG_SECURITY_SELINUX"]	mainline	["CONFIG_SECURITY_SELINUX=n"]	["CONFIG_SECURITY_SELINUX=n"]	[]	[]	["board-io-security.sh"]
config:CONFIG_SECURITY_SELINUX_AVC_STATS	config	["linux-aw2511@92c27523bfa57dc21acd843897c8949d549702c7:CONFIG_SECURITY_SELINUX_AVC_STATS"]	mainline	["CONFIG_SECURITY_SELINUX_AVC_STATS=n"]	["CONFIG_SECURITY_SELINUX_AVC_STATS=n"]	[]	[]	["board-io-security.sh"]
config:CONFIG_SECURITY_SELINUX_DEVELOP	config	["linux-aw2511@92c27523bfa57dc21acd843897c8949d549702c7:CONFIG_SECURITY_SELINUX_DEVELOP"]	mainline	["CONFIG_SECURITY_SELINUX_DEVELOP=n"]	["CONFIG_SECURITY_SELINUX_DEVELOP=n"]	[]	[]	["board-io-security.sh"]
config:CONFIG_SENSORS_ADM9240	config	["linux-aw2511@92c27523bfa57dc21acd843897c8949d549702c7:CONFIG_SENSORS_ADM9240"]	mainline	["CONFIG_SENSORS_ADM9240=n"]	["CONFIG_SENSORS_ADM9240=n"]	[]	[]	["board-io-security.sh"]
config:CONFIG_SENSORS_DRIVETEMP	config	["linux-aw2511@92c27523bfa57dc21acd843897c8949d549702c7:CONFIG_SENSORS_DRIVETEMP"]	mainline	["CONFIG_SENSORS_DRIVETEMP=n"]	["CONFIG_SENSORS_DRIVETEMP=n"]	[]	[]	["board-io-security.sh"]
config:CONFIG_SENSORS_LM63	config	["linux-aw2511@92c27523bfa57dc21acd843897c8949d549702c7:CONFIG_SENSORS_LM63"]	mainline	["CONFIG_SENSORS_LM63=n"]	["CONFIG_SENSORS_LM63=n"]	[]	[]	["board-io-security.sh"]
config:CONFIG_SENSORS_LM70	config	["linux-aw2511@92c27523bfa57dc21acd843897c8949d549702c7:CONFIG_SENSORS_LM70"]	mainline	["CONFIG_SENSORS_LM70=n"]	["CONFIG_SENSORS_LM70=n"]	[]	[]	["board-io-security.sh"]
config:CONFIG_SENSORS_LM73	config	["linux-aw2511@92c27523bfa57dc21acd843897c8949d549702c7:CONFIG_SENSORS_LM73"]	mainline	["CONFIG_SENSORS_LM73=n"]	["CONFIG_SENSORS_LM73=n"]	[]	[]	["board-io-security.sh"]
config:CONFIG_SENSORS_LM77	config	["linux-aw2511@92c27523bfa57dc21acd843897c8949d549702c7:CONFIG_SENSORS_LM77"]	mainline	["CONFIG_SENSORS_LM77=n"]	["CONFIG_SENSORS_LM77=n"]	[]	[]	["board-io-security.sh"]
config:CONFIG_SENSORS_LM78	config	["linux-aw2511@92c27523bfa57dc21acd843897c8949d549702c7:CONFIG_SENSORS_LM78"]	mainline	["CONFIG_SENSORS_LM78=n"]	["CONFIG_SENSORS_LM78=n"]	[]	[]	["board-io-security.sh"]
config:CONFIG_SENSORS_LM80	config	["linux-aw2511@92c27523bfa57dc21acd843897c8949d549702c7:CONFIG_SENSORS_LM80"]	mainline	["CONFIG_SENSORS_LM80=n"]	["CONFIG_SENSORS_LM80=n"]	[]	[]	["board-io-security.sh"]
config:CONFIG_SENSORS_LM83	config	["linux-aw2511@92c27523bfa57dc21acd843897c8949d549702c7:CONFIG_SENSORS_LM83"]	mainline	["CONFIG_SENSORS_LM83=n"]	["CONFIG_SENSORS_LM83=n"]	[]	[]	["board-io-security.sh"]
config:CONFIG_SENSORS_LM85	config	["linux-aw2511@92c27523bfa57dc21acd843897c8949d549702c7:CONFIG_SENSORS_LM85"]	mainline	["CONFIG_SENSORS_LM85=n"]	["CONFIG_SENSORS_LM85=n"]	[]	[]	["board-io-security.sh"]
config:CONFIG_SENSORS_LM87	config	["linux-aw2511@92c27523bfa57dc21acd843897c8949d549702c7:CONFIG_SENSORS_LM87"]	mainline	["CONFIG_SENSORS_LM87=n"]	["CONFIG_SENSORS_LM87=n"]	[]	[]	["board-io-security.sh"]
config:CONFIG_SENSORS_LM92	config	["linux-aw2511@92c27523bfa57dc21acd843897c8949d549702c7:CONFIG_SENSORS_LM92"]	mainline	["CONFIG_SENSORS_LM92=n"]	["CONFIG_SENSORS_LM92=n"]	[]	[]	["board-io-security.sh"]
config:CONFIG_SENSORS_LM93	config	["linux-aw2511@92c27523bfa57dc21acd843897c8949d549702c7:CONFIG_SENSORS_LM93"]	mainline	["CONFIG_SENSORS_LM93=n"]	["CONFIG_SENSORS_LM93=n"]	[]	[]	["board-io-security.sh"]
config:CONFIG_SENSORS_LM95234	config	["linux-aw2511@92c27523bfa57dc21acd843897c8949d549702c7:CONFIG_SENSORS_LM95234"]	mainline	["CONFIG_SENSORS_LM95234=n"]	["CONFIG_SENSORS_LM95234=n"]	[]	[]	["board-io-security.sh"]
config:CONFIG_SENSORS_LM95241	config	["linux-aw2511@92c27523bfa57dc21acd843897c8949d549702c7:CONFIG_SENSORS_LM95241"]	mainline	["CONFIG_SENSORS_LM95241=n"]	["CONFIG_SENSORS_LM95241=n"]	[]	[]	["board-io-security.sh"]
config:CONFIG_SENSORS_LM95245	config	["linux-aw2511@92c27523bfa57dc21acd843897c8949d549702c7:CONFIG_SENSORS_LM95245"]	mainline	["CONFIG_SENSORS_LM95245=n"]	["CONFIG_SENSORS_LM95245=n"]	[]	[]	["board-io-security.sh"]
config:CONFIG_SENSOR_GC030A	config	["linux-aw2511@92c27523bfa57dc21acd843897c8949d549702c7:CONFIG_SENSOR_GC030A"]	mainline	["CONFIG_SENSOR_GC030A=n"]	["CONFIG_SENSOR_GC030A=n"]	[]	[]	["board-io-security.sh"]
config:CONFIG_SENSOR_GC05A2	config	["linux-aw2511@92c27523bfa57dc21acd843897c8949d549702c7:CONFIG_SENSOR_GC05A2"]	mainline	["CONFIG_SENSOR_GC05A2=n"]	["CONFIG_SENSOR_GC05A2=n"]	[]	[]	["board-io-security.sh"]
config:CONFIG_SENSOR_IMX214	config	["linux-aw2511@92c27523bfa57dc21acd843897c8949d549702c7:CONFIG_SENSOR_IMX214"]	mainline	["CONFIG_SENSOR_IMX214=n"]	["CONFIG_SENSOR_IMX214=n"]	[]	[]	["board-io-security.sh"]
config:CONFIG_SENSOR_IMX219	config	["linux-aw2511@92c27523bfa57dc21acd843897c8949d549702c7:CONFIG_SENSOR_IMX219"]	mainline	["CONFIG_SENSOR_IMX219=n"]	["CONFIG_SENSOR_IMX219=n"]	[]	[]	["board-io-security.sh"]
config:CONFIG_SENSOR_IMX415	config	["linux-aw2511@92c27523bfa57dc21acd843897c8949d549702c7:CONFIG_SENSOR_IMX415"]	mainline	["CONFIG_SENSOR_IMX415=n"]	["CONFIG_SENSOR_IMX415=n"]	[]	[]	["board-io-security.sh"]
config:CONFIG_SENSOR_MSA	config	["linux-aw2511@92c27523bfa57dc21acd843897c8949d549702c7:CONFIG_SENSOR_MSA"]	mainline	["CONFIG_SENSOR_MSA=n"]	["CONFIG_SENSOR_MSA=n"]	[]	[]	["board-io-security.sh"]
config:CONFIG_SENSOR_OV13850	config	["linux-aw2511@92c27523bfa57dc21acd843897c8949d549702c7:CONFIG_SENSOR_OV13850"]	mainline	["CONFIG_SENSOR_OV13850=n"]	["CONFIG_SENSOR_OV13850=n"]	[]	[]	["board-io-security.sh"]
config:CONFIG_SERIAL_8250	config	["linux-aw2511@92c27523bfa57dc21acd843897c8949d549702c7:CONFIG_SERIAL_8250"]	mainline	[]	["CONFIG_SERIAL_8250=y"]	[]	[]	[]
config:CONFIG_SERIAL_8250_DEPRECATED_OPTIONS	config	["linux-aw2511@92c27523bfa57dc21acd843897c8949d549702c7:CONFIG_SERIAL_8250_DEPRECATED_OPTIONS"]	mainline	["CONFIG_SERIAL_8250_DEPRECATED_OPTIONS=n"]	["CONFIG_SERIAL_8250_DEPRECATED_OPTIONS=n"]	[]	[]	["serial-ramoops-watchdog.sh"]
config:CONFIG_SERIAL_8250_EXAR	config	["linux-aw2511@92c27523bfa57dc21acd843897c8949d549702c7:CONFIG_SERIAL_8250_EXAR"]	mainline	[]	["CONFIG_SERIAL_8250_EXAR=y"]	[]	[]	[]
config:CONFIG_SERIAL_8250_FSL	config	["linux-aw2511@92c27523bfa57dc21acd843897c8949d549702c7:CONFIG_SERIAL_8250_FSL"]	mainline	[]	["CONFIG_SERIAL_8250_FSL=y"]	[]	[]	[]
config:CONFIG_SERIAL_8250_PCI	config	["linux-aw2511@92c27523bfa57dc21acd843897c8949d549702c7:CONFIG_SERIAL_8250_PCI"]	mainline	[]	["CONFIG_SERIAL_8250_PCI=y"]	[]	[]	[]
config:CONFIG_SERIAL_8250_PERICOM	config	["linux-aw2511@92c27523bfa57dc21acd843897c8949d549702c7:CONFIG_SERIAL_8250_PERICOM"]	mainline	[]	["CONFIG_SERIAL_8250_PERICOM=y"]	[]	[]	[]
config:CONFIG_SERIAL_MCTRL_GPIO	config	["linux-aw2511@92c27523bfa57dc21acd843897c8949d549702c7:CONFIG_SERIAL_MCTRL_GPIO"]	mainline	[]	["CONFIG_SERIAL_MCTRL_GPIO=y"]	[]	[]	[]
config:CONFIG_SLHC	config	["linux-aw2511@92c27523bfa57dc21acd843897c8949d549702c7:CONFIG_SLHC"]	mainline	["CONFIG_SLHC=n"]	["CONFIG_SLHC=n"]	[]	[]	["board-io-security.sh"]
config:CONFIG_SLUB_CPU_PARTIAL	config	["linux-aw2511@92c27523bfa57dc21acd843897c8949d549702c7:CONFIG_SLUB_CPU_PARTIAL"]	mainline	["CONFIG_SLUB_CPU_PARTIAL=n"]	["CONFIG_SLUB_CPU_PARTIAL=n"]	[]	[]	["board-io-security.sh"]
config:CONFIG_SMBFS	config	["linux-aw2511@92c27523bfa57dc21acd843897c8949d549702c7:CONFIG_SMBFS"]	mainline	["CONFIG_SMBFS=n"]	["CONFIG_SMBFS=n"]	[]	[]	["board-io-security.sh"]
config:CONFIG_SND_BCD2000	config	["linux-aw2511@92c27523bfa57dc21acd843897c8949d549702c7:CONFIG_SND_BCD2000"]	mainline	["CONFIG_SND_BCD2000=n"]	["CONFIG_SND_BCD2000=n"]	[]	[]	["audio.sh"]
config:CONFIG_SND_SOC_AC101	config	["linux-aw2511@92c27523bfa57dc21acd843897c8949d549702c7:CONFIG_SND_SOC_AC101"]	mainline	["CONFIG_SND_SOC_AC101=n"]	["CONFIG_SND_SOC_AC101=n"]	[]	[]	["audio.sh"]
config:CONFIG_SND_SOC_AC101B	config	["linux-aw2511@92c27523bfa57dc21acd843897c8949d549702c7:CONFIG_SND_SOC_AC101B"]	mainline	["CONFIG_SND_SOC_AC101B=n"]	["CONFIG_SND_SOC_AC101B=n"]	[]	[]	["audio.sh"]
config:CONFIG_SND_SOC_AW87XXX	config	["linux-aw2511@92c27523bfa57dc21acd843897c8949d549702c7:CONFIG_SND_SOC_AW87XXX"]	mainline	["CONFIG_SND_SOC_AW87XXX=n"]	["CONFIG_SND_SOC_AW87XXX=n"]	[]	[]	["audio.sh"]
config:CONFIG_SND_SOC_PCM5102A	config	["linux-aw2511@92c27523bfa57dc21acd843897c8949d549702c7:CONFIG_SND_SOC_PCM5102A"]	mainline	["CONFIG_SND_SOC_PCM5102A=n"]	["CONFIG_SND_SOC_PCM5102A=n"]	[]	[]	["audio.sh"]
config:CONFIG_SND_SOC_SUNXI_CODEC_AV	config	["linux-aw2511@92c27523bfa57dc21acd843897c8949d549702c7:CONFIG_SND_SOC_SUNXI_CODEC_AV"]	mainline	["CONFIG_SND_SOC_SUNXI_CODEC_AV=n"]	["CONFIG_SND_SOC_SUNXI_CODEC_AV=n"]	[]	[]	["audio.sh"]
config:CONFIG_SND_SOC_SUNXI_CODEC_HDMI	config	["linux-aw2511@92c27523bfa57dc21acd843897c8949d549702c7:CONFIG_SND_SOC_SUNXI_CODEC_HDMI"]	mainline	["CONFIG_SND_SOC_SUNXI_CODEC_HDMI=n"]	["CONFIG_SND_SOC_SUNXI_CODEC_HDMI=n"]	[]	[]	["display-hdmi.sh"]
config:CONFIG_SND_SOC_SUNXI_COMMON	config	["linux-aw2511@92c27523bfa57dc21acd843897c8949d549702c7:CONFIG_SND_SOC_SUNXI_COMMON"]	mainline	["CONFIG_SND_SOC_SUNXI_COMMON=n"]	["CONFIG_SND_SOC_SUNXI_COMMON=n"]	[]	[]	["audio.sh"]
config:CONFIG_SND_SOC_SUNXI_COMPONENTS	config	["linux-aw2511@92c27523bfa57dc21acd843897c8949d549702c7:CONFIG_SND_SOC_SUNXI_COMPONENTS"]	mainline	["CONFIG_SND_SOC_SUNXI_COMPONENTS=n"]	["CONFIG_SND_SOC_SUNXI_COMPONENTS=n"]	[]	[]	["audio.sh"]
config:CONFIG_SND_SOC_SUNXI_DEBUG	config	["linux-aw2511@92c27523bfa57dc21acd843897c8949d549702c7:CONFIG_SND_SOC_SUNXI_DEBUG"]	mainline	["CONFIG_SND_SOC_SUNXI_DEBUG=n"]	["CONFIG_SND_SOC_SUNXI_DEBUG=n"]	[]	[]	["audio.sh"]
config:CONFIG_SND_SOC_SUNXI_DYNAMIC_DEBUG	config	["linux-aw2511@92c27523bfa57dc21acd843897c8949d549702c7:CONFIG_SND_SOC_SUNXI_DYNAMIC_DEBUG"]	mainline	["CONFIG_SND_SOC_SUNXI_DYNAMIC_DEBUG=n"]	["CONFIG_SND_SOC_SUNXI_DYNAMIC_DEBUG=n"]	[]	[]	["audio.sh"]
config:CONFIG_SND_SOC_SUNXI_I2S	config	["linux-aw2511@92c27523bfa57dc21acd843897c8949d549702c7:CONFIG_SND_SOC_SUNXI_I2S"]	mainline	["CONFIG_SND_SOC_SUNXI_I2S=n"]	["CONFIG_SND_SOC_SUNXI_I2S=n"]	[]	[]	["audio.sh"]
config:CONFIG_SND_SOC_SUNXI_MACH	config	["linux-aw2511@92c27523bfa57dc21acd843897c8949d549702c7:CONFIG_SND_SOC_SUNXI_MACH"]	mainline	["CONFIG_SND_SOC_SUNXI_MACH=n"]	["CONFIG_SND_SOC_SUNXI_MACH=n"]	[]	[]	["audio.sh"]
config:CONFIG_SND_SOC_SUNXI_OWA	config	["linux-aw2511@92c27523bfa57dc21acd843897c8949d549702c7:CONFIG_SND_SOC_SUNXI_OWA"]	mainline	["CONFIG_SND_SOC_SUNXI_OWA=n"]	["CONFIG_SND_SOC_SUNXI_OWA=n"]	[]	[]	["audio.sh"]
config:CONFIG_SND_SOC_SUNXI_OWA_RXIEC61937	config	["linux-aw2511@92c27523bfa57dc21acd843897c8949d549702c7:CONFIG_SND_SOC_SUNXI_OWA_RXIEC61937"]	mainline	["CONFIG_SND_SOC_SUNXI_OWA_RXIEC61937=n"]	["CONFIG_SND_SOC_SUNXI_OWA_RXIEC61937=n"]	[]	[]	["audio.sh"]
config:CONFIG_SND_SOC_SUNXI_PCM	config	["linux-aw2511@92c27523bfa57dc21acd843897c8949d549702c7:CONFIG_SND_SOC_SUNXI_PCM"]	mainline	["CONFIG_SND_SOC_SUNXI_PCM=n"]	["CONFIG_SND_SOC_SUNXI_PCM=n"]	[]	[]	["audio.sh"]
config:CONFIG_SND_SOC_SUNXI_PULSEAUDIO	config	["linux-aw2511@92c27523bfa57dc21acd843897c8949d549702c7:CONFIG_SND_SOC_SUNXI_PULSEAUDIO"]	mainline	["CONFIG_SND_SOC_SUNXI_PULSEAUDIO=n"]	["CONFIG_SND_SOC_SUNXI_PULSEAUDIO=n"]	[]	[]	["audio.sh"]
config:CONFIG_SND_SUPPORT_OLD_API	config	["linux-aw2511@92c27523bfa57dc21acd843897c8949d549702c7:CONFIG_SND_SUPPORT_OLD_API"]	mainline	["CONFIG_SND_SUPPORT_OLD_API=n"]	["CONFIG_SND_SUPPORT_OLD_API=n"]	[]	[]	["audio.sh"]
config:CONFIG_SND_USB_6FIRE	config	["linux-aw2511@92c27523bfa57dc21acd843897c8949d549702c7:CONFIG_SND_USB_6FIRE"]	mainline	["CONFIG_SND_USB_6FIRE=n"]	["CONFIG_SND_USB_6FIRE=n"]	[]	[]	["usb-typec.sh"]
config:CONFIG_SND_USB_CAIAQ	config	["linux-aw2511@92c27523bfa57dc21acd843897c8949d549702c7:CONFIG_SND_USB_CAIAQ"]	mainline	["CONFIG_SND_USB_CAIAQ=n"]	["CONFIG_SND_USB_CAIAQ=n"]	[]	[]	["usb-typec.sh"]
config:CONFIG_SND_USB_CAIAQ_INPUT	config	["linux-aw2511@92c27523bfa57dc21acd843897c8949d549702c7:CONFIG_SND_USB_CAIAQ_INPUT"]	mainline	["CONFIG_SND_USB_CAIAQ_INPUT=n"]	["CONFIG_SND_USB_CAIAQ_INPUT=n"]	[]	[]	["usb-typec.sh"]
config:CONFIG_SND_USB_HIFACE	config	["linux-aw2511@92c27523bfa57dc21acd843897c8949d549702c7:CONFIG_SND_USB_HIFACE"]	mainline	["CONFIG_SND_USB_HIFACE=n"]	["CONFIG_SND_USB_HIFACE=n"]	[]	[]	["usb-typec.sh"]
config:CONFIG_SND_USB_LINE6	config	["linux-aw2511@92c27523bfa57dc21acd843897c8949d549702c7:CONFIG_SND_USB_LINE6"]	mainline	["CONFIG_SND_USB_LINE6=n"]	["CONFIG_SND_USB_LINE6=n"]	[]	[]	["usb-typec.sh"]
config:CONFIG_SND_USB_POD	config	["linux-aw2511@92c27523bfa57dc21acd843897c8949d549702c7:CONFIG_SND_USB_POD"]	mainline	["CONFIG_SND_USB_POD=n"]	["CONFIG_SND_USB_POD=n"]	[]	[]	["usb-typec.sh"]
config:CONFIG_SND_USB_PODHD	config	["linux-aw2511@92c27523bfa57dc21acd843897c8949d549702c7:CONFIG_SND_USB_PODHD"]	mainline	["CONFIG_SND_USB_PODHD=n"]	["CONFIG_SND_USB_PODHD=n"]	[]	[]	["usb-typec.sh"]
config:CONFIG_SND_USB_TONEPORT	config	["linux-aw2511@92c27523bfa57dc21acd843897c8949d549702c7:CONFIG_SND_USB_TONEPORT"]	mainline	["CONFIG_SND_USB_TONEPORT=n"]	["CONFIG_SND_USB_TONEPORT=n"]	[]	[]	["usb-typec.sh"]
config:CONFIG_SND_USB_UA101	config	["linux-aw2511@92c27523bfa57dc21acd843897c8949d549702c7:CONFIG_SND_USB_UA101"]	mainline	["CONFIG_SND_USB_UA101=n"]	["CONFIG_SND_USB_UA101=n"]	[]	[]	["usb-typec.sh"]
config:CONFIG_SND_USB_VARIAX	config	["linux-aw2511@92c27523bfa57dc21acd843897c8949d549702c7:CONFIG_SND_USB_VARIAX"]	mainline	["CONFIG_SND_USB_VARIAX=n"]	["CONFIG_SND_USB_VARIAX=n"]	[]	[]	["usb-typec.sh"]
config:CONFIG_SOCK_VALIDATE_XMIT	config	["linux-aw2511@92c27523bfa57dc21acd843897c8949d549702c7:CONFIG_SOCK_VALIDATE_XMIT"]	mainline	["CONFIG_SOCK_VALIDATE_XMIT=n"]	["CONFIG_SOCK_VALIDATE_XMIT=n"]	[]	[]	["board-io-security.sh"]
config:CONFIG_SPIF_SUNXI	config	["linux-aw2511@92c27523bfa57dc21acd843897c8949d549702c7:CONFIG_SPIF_SUNXI"]	mainline	["CONFIG_SPIF_SUNXI=n"]	["CONFIG_SPIF_SUNXI=n"]	[]	[]	["board-io-security.sh"]
config:CONFIG_SPI_GPIO	config	["linux-aw2511@92c27523bfa57dc21acd843897c8949d549702c7:CONFIG_SPI_GPIO"]	mainline	["CONFIG_SPI_GPIO=n"]	["CONFIG_SPI_GPIO=n"]	[]	[]	["board-io-security.sh"]
config:CONFIG_SPI_SLAVE	config	["linux-aw2511@92c27523bfa57dc21acd843897c8949d549702c7:CONFIG_SPI_SLAVE"]	mainline	["CONFIG_SPI_SLAVE=n"]	["CONFIG_SPI_SLAVE=n"]	[]	[]	["board-io-security.sh"]
config:CONFIG_SPI_SPIDEV	config	["linux-aw2511@92c27523bfa57dc21acd843897c8949d549702c7:CONFIG_SPI_SPIDEV"]	mainline	[]	["CONFIG_SPI_SPIDEV=m"]	[]	[]	[]
config:CONFIG_SQUASHFS	config	["linux-aw2511@92c27523bfa57dc21acd843897c8949d549702c7:CONFIG_SQUASHFS"]	mainline	[]	["CONFIG_SQUASHFS=y"]	[]	[]	[]
config:CONFIG_SQUASHFS_4K_DEVBLK_SIZE	config	["linux-aw2511@92c27523bfa57dc21acd843897c8949d549702c7:CONFIG_SQUASHFS_4K_DEVBLK_SIZE"]	mainline	["CONFIG_SQUASHFS_4K_DEVBLK_SIZE=n"]	["CONFIG_SQUASHFS_4K_DEVBLK_SIZE=n"]	[]	[]	["board-io-security.sh"]
config:CONFIG_SQUASHFS_LZ4	config	["linux-aw2511@92c27523bfa57dc21acd843897c8949d549702c7:CONFIG_SQUASHFS_LZ4"]	mainline	["CONFIG_SQUASHFS_LZ4=n"]	["CONFIG_SQUASHFS_LZ4=n"]	[]	[]	["board-io-security.sh"]
config:CONFIG_SQUASHFS_LZO	config	["linux-aw2511@92c27523bfa57dc21acd843897c8949d549702c7:CONFIG_SQUASHFS_LZO"]	mainline	["CONFIG_SQUASHFS_LZO=n"]	["CONFIG_SQUASHFS_LZO=n"]	[]	[]	["board-io-security.sh"]
config:CONFIG_SQUASHFS_XATTR	config	["linux-aw2511@92c27523bfa57dc21acd843897c8949d549702c7:CONFIG_SQUASHFS_XATTR"]	mainline	["CONFIG_SQUASHFS_XATTR=n"]	["CONFIG_SQUASHFS_XATTR=n"]	[]	[]	["board-io-security.sh"]
config:CONFIG_SQUASHFS_XZ	config	["linux-aw2511@92c27523bfa57dc21acd843897c8949d549702c7:CONFIG_SQUASHFS_XZ"]	mainline	["CONFIG_SQUASHFS_XZ=n"]	["CONFIG_SQUASHFS_XZ=n"]	[]	[]	["board-io-security.sh"]
config:CONFIG_SQUASHFS_ZSTD	config	["linux-aw2511@92c27523bfa57dc21acd843897c8949d549702c7:CONFIG_SQUASHFS_ZSTD"]	mainline	["CONFIG_SQUASHFS_ZSTD=n"]	["CONFIG_SQUASHFS_ZSTD=n"]	[]	[]	["board-io-security.sh"]
config:CONFIG_STACKDEPOT_ALWAYS_INIT	config	["linux-aw2511@92c27523bfa57dc21acd843897c8949d549702c7:CONFIG_STACKDEPOT_ALWAYS_INIT"]	mainline	["CONFIG_STACKDEPOT_ALWAYS_INIT=n"]	["CONFIG_STACKDEPOT_ALWAYS_INIT=n"]	[]	[]	["board-io-security.sh"]
config:CONFIG_STMMAC_ETH	config	["linux-aw2511@92c27523bfa57dc21acd843897c8949d549702c7:CONFIG_STMMAC_ETH"]	mainline	[]	["CONFIG_STMMAC_ETH=m"]	[]	[]	[]
config:CONFIG_STMMAC_PLATFORM	config	["linux-aw2511@92c27523bfa57dc21acd843897c8949d549702c7:CONFIG_STMMAC_PLATFORM"]	mainline	[]	["CONFIG_STMMAC_PLATFORM=m"]	[]	[]	[]
config:CONFIG_STREAM_PARSER	config	["linux-aw2511@92c27523bfa57dc21acd843897c8949d549702c7:CONFIG_STREAM_PARSER"]	mainline	["CONFIG_STREAM_PARSER=n"]	["CONFIG_STREAM_PARSER=n"]	[]	[]	["board-io-security.sh"]
config:CONFIG_SUNRPC	config	["linux-aw2511@92c27523bfa57dc21acd843897c8949d549702c7:CONFIG_SUNRPC"]	mainline	[]	["CONFIG_SUNRPC=y"]	[]	[]	[]
config:CONFIG_SUNRPC_GSS	config	["linux-aw2511@92c27523bfa57dc21acd843897c8949d549702c7:CONFIG_SUNRPC_GSS"]	mainline	[]	["CONFIG_SUNRPC_GSS=y"]	[]	[]	[]
config:CONFIG_SUNXI_DI_SINGEL_FILE	config	["linux-aw2511@92c27523bfa57dc21acd843897c8949d549702c7:CONFIG_SUNXI_DI_SINGEL_FILE"]	ported-bsp	["CONFIG_SUNXI_DI_SINGEL_FILE=n"]	["CONFIG_SUNXI_DI_SINGEL_FILE=n"]	[]	[]	["media-camera.sh"]
config:CONFIG_SUNXI_DI_V3X	config	["linux-aw2511@92c27523bfa57dc21acd843897c8949d549702c7:CONFIG_SUNXI_DI_V3X"]	ported-bsp	["CONFIG_SUNXI_DI_V3X=n"]	["CONFIG_SUNXI_DI_V3X=n"]	[]	[]	["media-camera.sh"]
config:CONFIG_SUPPORT_ISP_TDM	config	["linux-aw2511@92c27523bfa57dc21acd843897c8949d549702c7:CONFIG_SUPPORT_ISP_TDM"]	mainline	["CONFIG_SUPPORT_ISP_TDM=n"]	["CONFIG_SUPPORT_ISP_TDM=n"]	[]	[]	["media-camera.sh"]
config:CONFIG_TASKS_RUDE_RCU	config	["linux-aw2511@92c27523bfa57dc21acd843897c8949d549702c7:CONFIG_TASKS_RUDE_RCU"]	mainline	["CONFIG_TASKS_RUDE_RCU=n"]	["CONFIG_TASKS_RUDE_RCU=n"]	[]	[]	["board-io-security.sh"]
config:CONFIG_TASK_DELAY_ACCT	config	["linux-aw2511@92c27523bfa57dc21acd843897c8949d549702c7:CONFIG_TASK_DELAY_ACCT"]	mainline	["CONFIG_TASK_DELAY_ACCT=n"]	["CONFIG_TASK_DELAY_ACCT=n"]	[]	[]	["board-io-security.sh"]
config:CONFIG_TDM_LBC_EN	config	["linux-aw2511@92c27523bfa57dc21acd843897c8949d549702c7:CONFIG_TDM_LBC_EN"]	mainline	["CONFIG_TDM_LBC_EN=n"]	["CONFIG_TDM_LBC_EN=n"]	[]	[]	["board-io-security.sh"]
config:CONFIG_THERMAL_DEFAULT_GOV_POWER_ALLOCATOR	config	["linux-aw2511@92c27523bfa57dc21acd843897c8949d549702c7:CONFIG_THERMAL_DEFAULT_GOV_POWER_ALLOCATOR"]	mainline	["CONFIG_THERMAL_DEFAULT_GOV_POWER_ALLOCATOR=n"]	["CONFIG_THERMAL_DEFAULT_GOV_POWER_ALLOCATOR=n"]	[]	[]	["clock-power-performance.sh"]
config:CONFIG_THERMAL_GOV_FAIR_SHARE	config	["linux-aw2511@92c27523bfa57dc21acd843897c8949d549702c7:CONFIG_THERMAL_GOV_FAIR_SHARE"]	mainline	["CONFIG_THERMAL_GOV_FAIR_SHARE=n"]	["CONFIG_THERMAL_GOV_FAIR_SHARE=n"]	[]	[]	["clock-power-performance.sh"]
config:CONFIG_THERMAL_GOV_USER_SPACE	config	["linux-aw2511@92c27523bfa57dc21acd843897c8949d549702c7:CONFIG_THERMAL_GOV_USER_SPACE"]	mainline	["CONFIG_THERMAL_GOV_USER_SPACE=n"]	["CONFIG_THERMAL_GOV_USER_SPACE=n"]	[]	[]	["clock-power-performance.sh"]
config:CONFIG_THERMAL_STATISTICS	config	["linux-aw2511@92c27523bfa57dc21acd843897c8949d549702c7:CONFIG_THERMAL_STATISTICS"]	mainline	["CONFIG_THERMAL_STATISTICS=n"]	["CONFIG_THERMAL_STATISTICS=n"]	[]	[]	["clock-power-performance.sh"]
config:CONFIG_THERMAL_WRITABLE_TRIPS	config	["linux-aw2511@92c27523bfa57dc21acd843897c8949d549702c7:CONFIG_THERMAL_WRITABLE_TRIPS"]	mainline	["CONFIG_THERMAL_WRITABLE_TRIPS=n"]	["CONFIG_THERMAL_WRITABLE_TRIPS=n"]	[]	[]	["clock-power-performance.sh"]
config:CONFIG_TINYDRM_ILI9486	config	["linux-aw2511@92c27523bfa57dc21acd843897c8949d549702c7:CONFIG_TINYDRM_ILI9486"]	mainline	["CONFIG_TINYDRM_ILI9486=n"]	["CONFIG_TINYDRM_ILI9486=n"]	[]	[]	["display-hdmi.sh"]
config:CONFIG_TLS	config	["linux-aw2511@92c27523bfa57dc21acd843897c8949d549702c7:CONFIG_TLS"]	mainline	["CONFIG_TLS=n"]	["CONFIG_TLS=n"]	[]	[]	["board-io-security.sh"]
config:CONFIG_TLS_DEVICE	config	["linux-aw2511@92c27523bfa57dc21acd843897c8949d549702c7:CONFIG_TLS_DEVICE"]	mainline	["CONFIG_TLS_DEVICE=n"]	["CONFIG_TLS_DEVICE=n"]	[]	[]	["board-io-security.sh"]
config:CONFIG_TLS_TOE	config	["linux-aw2511@92c27523bfa57dc21acd843897c8949d549702c7:CONFIG_TLS_TOE"]	mainline	["CONFIG_TLS_TOE=n"]	["CONFIG_TLS_TOE=n"]	[]	[]	["board-io-security.sh"]
config:CONFIG_TOUCHSCREEN_ADS7846	config	["linux-aw2511@92c27523bfa57dc21acd843897c8949d549702c7:CONFIG_TOUCHSCREEN_ADS7846"]	mainline	["CONFIG_TOUCHSCREEN_ADS7846=n"]	["CONFIG_TOUCHSCREEN_ADS7846=n"]	[]	[]	["board-io-security.sh"]
config:CONFIG_TRACEPOINTS	config	["linux-aw2511@92c27523bfa57dc21acd843897c8949d549702c7:CONFIG_TRACEPOINTS"]	mainline	["CONFIG_TRACEPOINTS=n"]	["CONFIG_TRACEPOINTS=n"]	[]	[]	["board-io-security.sh"]
config:CONFIG_TRACING	config	["linux-aw2511@92c27523bfa57dc21acd843897c8949d549702c7:CONFIG_TRACING"]	mainline	["CONFIG_TRACING=n"]	["CONFIG_TRACING=n"]	[]	[]	["board-io-security.sh"]
config:CONFIG_TUN	config	["linux-aw2511@92c27523bfa57dc21acd843897c8949d549702c7:CONFIG_TUN"]	mainline	[]	["CONFIG_TUN=y"]	[]	[]	[]
config:CONFIG_TYPEC	config	["linux-aw2511@92c27523bfa57dc21acd843897c8949d549702c7:CONFIG_TYPEC"]	mainline	[]	["CONFIG_TYPEC=m"]	[]	[]	[]
config:CONFIG_TYPEC_DP_ALTMODE	config	["linux-aw2511@92c27523bfa57dc21acd843897c8949d549702c7:CONFIG_TYPEC_DP_ALTMODE"]	mainline	[]	["CONFIG_TYPEC_DP_ALTMODE=m"]	[]	[]	[]
config:CONFIG_TYPEC_ET7304	config	["linux-aw2511@92c27523bfa57dc21acd843897c8949d549702c7:CONFIG_TYPEC_ET7304"]	mainline	["CONFIG_TYPEC_ET7304=n"]	["CONFIG_TYPEC_ET7304=n"]	[]	[]	["usb-typec.sh"]
config:CONFIG_TYPEC_MUX_PS8743	config	["linux-aw2511@92c27523bfa57dc21acd843897c8949d549702c7:CONFIG_TYPEC_MUX_PS8743"]	mainline	["CONFIG_TYPEC_MUX_PS8743=n"]	["CONFIG_TYPEC_MUX_PS8743=n"]	[]	[]	["usb-typec.sh"]
config:CONFIG_TYPEC_MUX_SUNXI_PHY_SWITCHER	config	["linux-aw2511@92c27523bfa57dc21acd843897c8949d549702c7:CONFIG_TYPEC_MUX_SUNXI_PHY_SWITCHER"]	mainline	["CONFIG_TYPEC_MUX_SUNXI_PHY_SWITCHER=n"]	["CONFIG_TYPEC_MUX_SUNXI_PHY_SWITCHER=n"]	[]	[]	["usb-typec.sh"]
config:CONFIG_TYPEC_TCPCI	config	["linux-aw2511@92c27523bfa57dc21acd843897c8949d549702c7:CONFIG_TYPEC_TCPCI"]	mainline	[]	["CONFIG_TYPEC_TCPCI=m"]	[]	[]	[]
config:CONFIG_TYPEC_TCPM	config	["linux-aw2511@92c27523bfa57dc21acd843897c8949d549702c7:CONFIG_TYPEC_TCPM"]	mainline	[]	["CONFIG_TYPEC_TCPM=m"]	[]	[]	[]
config:CONFIG_UDF_FS	config	["linux-aw2511@92c27523bfa57dc21acd843897c8949d549702c7:CONFIG_UDF_FS"]	mainline	["CONFIG_UDF_FS=n"]	["CONFIG_UDF_FS=n"]	[]	[]	["board-io-security.sh"]
config:CONFIG_UDMABUF	config	["linux-aw2511@92c27523bfa57dc21acd843897c8949d549702c7:CONFIG_UDMABUF"]	mainline	["CONFIG_UDMABUF=n"]	["CONFIG_UDMABUF=n"]	[]	[]	["board-io-security.sh"]
config:CONFIG_UHID	config	["linux-aw2511@92c27523bfa57dc21acd843897c8949d549702c7:CONFIG_UHID"]	mainline	["CONFIG_UHID=n"]	["CONFIG_UHID=n"]	[]	[]	["board-io-security.sh"]
config:CONFIG_UIO	config	["linux-aw2511@92c27523bfa57dc21acd843897c8949d549702c7:CONFIG_UIO"]	mainline	["CONFIG_UIO=n"]	["CONFIG_UIO=n"]	[]	[]	["board-io-security.sh"]
config:CONFIG_UIO_PCI_GENERIC	config	["linux-aw2511@92c27523bfa57dc21acd843897c8949d549702c7:CONFIG_UIO_PCI_GENERIC"]	mainline	["CONFIG_UIO_PCI_GENERIC=n"]	["CONFIG_UIO_PCI_GENERIC=n"]	[]	[]	["board-io-security.sh"]
config:CONFIG_UPROBES	config	["linux-aw2511@92c27523bfa57dc21acd843897c8949d549702c7:CONFIG_UPROBES"]	mainline	["CONFIG_UPROBES=n"]	["CONFIG_UPROBES=n"]	[]	[]	["board-io-security.sh"]
config:CONFIG_UPROBE_EVENTS	config	["linux-aw2511@92c27523bfa57dc21acd843897c8949d549702c7:CONFIG_UPROBE_EVENTS"]	mainline	["CONFIG_UPROBE_EVENTS=n"]	["CONFIG_UPROBE_EVENTS=n"]	[]	[]	["board-io-security.sh"]
config:CONFIG_USBIP_CORE	config	["linux-aw2511@92c27523bfa57dc21acd843897c8949d549702c7:CONFIG_USBIP_CORE"]	mainline	["CONFIG_USBIP_CORE=n"]	["CONFIG_USBIP_CORE=n"]	[]	[]	["usb-typec.sh"]
config:CONFIG_USBIP_HOST	config	["linux-aw2511@92c27523bfa57dc21acd843897c8949d549702c7:CONFIG_USBIP_HOST"]	mainline	["CONFIG_USBIP_HOST=n"]	["CONFIG_USBIP_HOST=n"]	[]	[]	["usb-typec.sh"]
config:CONFIG_USBIP_VHCI_HCD	config	["linux-aw2511@92c27523bfa57dc21acd843897c8949d549702c7:CONFIG_USBIP_VHCI_HCD"]	mainline	["CONFIG_USBIP_VHCI_HCD=n"]	["CONFIG_USBIP_VHCI_HCD=n"]	[]	[]	["usb-typec.sh"]
config:CONFIG_USBIP_VUDC	config	["linux-aw2511@92c27523bfa57dc21acd843897c8949d549702c7:CONFIG_USBIP_VUDC"]	mainline	["CONFIG_USBIP_VUDC=n"]	["CONFIG_USBIP_VUDC=n"]	[]	[]	["usb-typec.sh"]
config:CONFIG_USB_ANNOUNCE_NEW_DEVICES	config	["linux-aw2511@92c27523bfa57dc21acd843897c8949d549702c7:CONFIG_USB_ANNOUNCE_NEW_DEVICES"]	mainline	["CONFIG_USB_ANNOUNCE_NEW_DEVICES=n"]	["CONFIG_USB_ANNOUNCE_NEW_DEVICES=n"]	[]	[]	["usb-typec.sh"]
config:CONFIG_USB_AUDIO	config	["linux-aw2511@92c27523bfa57dc21acd843897c8949d549702c7:CONFIG_USB_AUDIO"]	mainline	["CONFIG_USB_AUDIO=n"]	["CONFIG_USB_AUDIO=n"]	[]	[]	["usb-typec.sh"]
config:CONFIG_USB_CDC_COMPOSITE	config	["linux-aw2511@92c27523bfa57dc21acd843897c8949d549702c7:CONFIG_USB_CDC_COMPOSITE"]	mainline	["CONFIG_USB_CDC_COMPOSITE=n"]	["CONFIG_USB_CDC_COMPOSITE=n"]	[]	[]	["usb-typec.sh"]
config:CONFIG_USB_CONFIGFS_F_HID	config	["linux-aw2511@92c27523bfa57dc21acd843897c8949d549702c7:CONFIG_USB_CONFIGFS_F_HID"]	mainline	["CONFIG_USB_CONFIGFS_F_HID=n"]	["CONFIG_USB_CONFIGFS_F_HID=n"]	[]	[]	["usb-typec.sh"]
config:CONFIG_USB_CONFIGFS_F_MIDI	config	["linux-aw2511@92c27523bfa57dc21acd843897c8949d549702c7:CONFIG_USB_CONFIGFS_F_MIDI"]	mainline	["CONFIG_USB_CONFIGFS_F_MIDI=n"]	["CONFIG_USB_CONFIGFS_F_MIDI=n"]	[]	[]	["usb-typec.sh"]
config:CONFIG_USB_CONFIGFS_F_UAC2	config	["linux-aw2511@92c27523bfa57dc21acd843897c8949d549702c7:CONFIG_USB_CONFIGFS_F_UAC2"]	mainline	["CONFIG_USB_CONFIGFS_F_UAC2=n"]	["CONFIG_USB_CONFIGFS_F_UAC2=n"]	[]	[]	["usb-typec.sh"]
config:CONFIG_USB_DWC2	config	["linux-aw2511@92c27523bfa57dc21acd843897c8949d549702c7:CONFIG_USB_DWC2"]	mainline	[]	["CONFIG_USB_DWC2=y"]	[]	[]	[]
config:CONFIG_USB_DWC2_HOST	config	["linux-aw2511@92c27523bfa57dc21acd843897c8949d549702c7:CONFIG_USB_DWC2_HOST"]	mainline	["CONFIG_USB_DWC2_HOST=n"]	["CONFIG_USB_DWC2_HOST=n"]	[]	[]	["usb-typec.sh"]
config:CONFIG_USB_EHCI_HCD_SUNXI	config	["linux-aw2511@92c27523bfa57dc21acd843897c8949d549702c7:CONFIG_USB_EHCI_HCD_SUNXI"]	mainline	["CONFIG_USB_EHCI_HCD_SUNXI=n"]	["CONFIG_USB_EHCI_HCD_SUNXI=n"]	[]	[]	["usb-typec.sh"]
config:CONFIG_USB_EZUSB_FX2	config	["linux-aw2511@92c27523bfa57dc21acd843897c8949d549702c7:CONFIG_USB_EZUSB_FX2"]	mainline	["CONFIG_USB_EZUSB_FX2=n"]	["CONFIG_USB_EZUSB_FX2=n"]	[]	[]	["usb-typec.sh"]
config:CONFIG_USB_F_HID	config	["linux-aw2511@92c27523bfa57dc21acd843897c8949d549702c7:CONFIG_USB_F_HID"]	mainline	["CONFIG_USB_F_HID=n"]	["CONFIG_USB_F_HID=n"]	[]	[]	["usb-typec.sh"]
config:CONFIG_USB_F_MIDI	config	["linux-aw2511@92c27523bfa57dc21acd843897c8949d549702c7:CONFIG_USB_F_MIDI"]	mainline	["CONFIG_USB_F_MIDI=n"]	["CONFIG_USB_F_MIDI=n"]	[]	[]	["usb-typec.sh"]
config:CONFIG_USB_F_PRINTER	config	["linux-aw2511@92c27523bfa57dc21acd843897c8949d549702c7:CONFIG_USB_F_PRINTER"]	mainline	["CONFIG_USB_F_PRINTER=n"]	["CONFIG_USB_F_PRINTER=n"]	[]	[]	["usb-typec.sh"]
config:CONFIG_USB_F_UAC2	config	["linux-aw2511@92c27523bfa57dc21acd843897c8949d549702c7:CONFIG_USB_F_UAC2"]	mainline	["CONFIG_USB_F_UAC2=n"]	["CONFIG_USB_F_UAC2=n"]	[]	[]	["usb-typec.sh"]
config:CONFIG_USB_G_HID	config	["linux-aw2511@92c27523bfa57dc21acd843897c8949d549702c7:CONFIG_USB_G_HID"]	mainline	["CONFIG_USB_G_HID=n"]	["CONFIG_USB_G_HID=n"]	[]	[]	["usb-typec.sh"]
config:CONFIG_USB_G_PRINTER	config	["linux-aw2511@92c27523bfa57dc21acd843897c8949d549702c7:CONFIG_USB_G_PRINTER"]	mainline	["CONFIG_USB_G_PRINTER=n"]	["CONFIG_USB_G_PRINTER=n"]	[]	[]	["usb-typec.sh"]
config:CONFIG_USB_NET_AQC111	config	["linux-aw2511@92c27523bfa57dc21acd843897c8949d549702c7:CONFIG_USB_NET_AQC111"]	mainline	["CONFIG_USB_NET_AQC111=n"]	["CONFIG_USB_NET_AQC111=n"]	[]	[]	["usb-typec.sh"]
config:CONFIG_USB_NET_CDC_EEM	config	["linux-aw2511@92c27523bfa57dc21acd843897c8949d549702c7:CONFIG_USB_NET_CDC_EEM"]	mainline	["CONFIG_USB_NET_CDC_EEM=n"]	["CONFIG_USB_NET_CDC_EEM=n"]	[]	[]	["usb-typec.sh"]
config:CONFIG_USB_NET_CDC_MBIM	config	["linux-aw2511@92c27523bfa57dc21acd843897c8949d549702c7:CONFIG_USB_NET_CDC_MBIM"]	mainline	["CONFIG_USB_NET_CDC_MBIM=n"]	["CONFIG_USB_NET_CDC_MBIM=n"]	[]	[]	["usb-typec.sh"]
config:CONFIG_USB_NET_QMI_WWAN	config	["linux-aw2511@92c27523bfa57dc21acd843897c8949d549702c7:CONFIG_USB_NET_QMI_WWAN"]	mainline	["CONFIG_USB_NET_QMI_WWAN=n"]	["CONFIG_USB_NET_QMI_WWAN=n"]	[]	[]	["usb-typec.sh"]
config:CONFIG_USB_OHCI_HCD_SUNXI	config	["linux-aw2511@92c27523bfa57dc21acd843897c8949d549702c7:CONFIG_USB_OHCI_HCD_SUNXI"]	mainline	["CONFIG_USB_OHCI_HCD_SUNXI=n"]	["CONFIG_USB_OHCI_HCD_SUNXI=n"]	[]	[]	["usb-typec.sh"]
config:CONFIG_USB_PRINTER	config	["linux-aw2511@92c27523bfa57dc21acd843897c8949d549702c7:CONFIG_USB_PRINTER"]	mainline	["CONFIG_USB_PRINTER=n"]	["CONFIG_USB_PRINTER=n"]	[]	[]	["usb-typec.sh"]
config:CONFIG_USB_SERIAL_AIRCABLE	config	["linux-aw2511@92c27523bfa57dc21acd843897c8949d549702c7:CONFIG_USB_SERIAL_AIRCABLE"]	mainline	["CONFIG_USB_SERIAL_AIRCABLE=n"]	["CONFIG_USB_SERIAL_AIRCABLE=n"]	[]	[]	["usb-typec.sh"]
config:CONFIG_USB_SERIAL_ARK3116	config	["linux-aw2511@92c27523bfa57dc21acd843897c8949d549702c7:CONFIG_USB_SERIAL_ARK3116"]	mainline	["CONFIG_USB_SERIAL_ARK3116=n"]	["CONFIG_USB_SERIAL_ARK3116=n"]	[]	[]	["usb-typec.sh"]
config:CONFIG_USB_SERIAL_BELKIN	config	["linux-aw2511@92c27523bfa57dc21acd843897c8949d549702c7:CONFIG_USB_SERIAL_BELKIN"]	mainline	["CONFIG_USB_SERIAL_BELKIN=n"]	["CONFIG_USB_SERIAL_BELKIN=n"]	[]	[]	["usb-typec.sh"]
config:CONFIG_USB_SERIAL_CH341	config	["linux-aw2511@92c27523bfa57dc21acd843897c8949d549702c7:CONFIG_USB_SERIAL_CH341"]	mainline	["CONFIG_USB_SERIAL_CH341=n"]	["CONFIG_USB_SERIAL_CH341=n"]	[]	[]	["usb-typec.sh"]
config:CONFIG_USB_SERIAL_CYBERJACK	config	["linux-aw2511@92c27523bfa57dc21acd843897c8949d549702c7:CONFIG_USB_SERIAL_CYBERJACK"]	mainline	["CONFIG_USB_SERIAL_CYBERJACK=n"]	["CONFIG_USB_SERIAL_CYBERJACK=n"]	[]	[]	["usb-typec.sh"]
config:CONFIG_USB_SERIAL_CYPRESS_M8	config	["linux-aw2511@92c27523bfa57dc21acd843897c8949d549702c7:CONFIG_USB_SERIAL_CYPRESS_M8"]	mainline	["CONFIG_USB_SERIAL_CYPRESS_M8=n"]	["CONFIG_USB_SERIAL_CYPRESS_M8=n"]	[]	[]	["usb-typec.sh"]
config:CONFIG_USB_SERIAL_DIGI_ACCELEPORT	config	["linux-aw2511@92c27523bfa57dc21acd843897c8949d549702c7:CONFIG_USB_SERIAL_DIGI_ACCELEPORT"]	mainline	["CONFIG_USB_SERIAL_DIGI_ACCELEPORT=n"]	["CONFIG_USB_SERIAL_DIGI_ACCELEPORT=n"]	[]	[]	["usb-typec.sh"]
config:CONFIG_USB_SERIAL_EDGEPORT	config	["linux-aw2511@92c27523bfa57dc21acd843897c8949d549702c7:CONFIG_USB_SERIAL_EDGEPORT"]	mainline	["CONFIG_USB_SERIAL_EDGEPORT=n"]	["CONFIG_USB_SERIAL_EDGEPORT=n"]	[]	[]	["usb-typec.sh"]
config:CONFIG_USB_SERIAL_EDGEPORT_TI	config	["linux-aw2511@92c27523bfa57dc21acd843897c8949d549702c7:CONFIG_USB_SERIAL_EDGEPORT_TI"]	mainline	["CONFIG_USB_SERIAL_EDGEPORT_TI=n"]	["CONFIG_USB_SERIAL_EDGEPORT_TI=n"]	[]	[]	["usb-typec.sh"]
config:CONFIG_USB_SERIAL_EMPEG	config	["linux-aw2511@92c27523bfa57dc21acd843897c8949d549702c7:CONFIG_USB_SERIAL_EMPEG"]	mainline	["CONFIG_USB_SERIAL_EMPEG=n"]	["CONFIG_USB_SERIAL_EMPEG=n"]	[]	[]	["usb-typec.sh"]
config:CONFIG_USB_SERIAL_F81232	config	["linux-aw2511@92c27523bfa57dc21acd843897c8949d549702c7:CONFIG_USB_SERIAL_F81232"]	mainline	["CONFIG_USB_SERIAL_F81232=n"]	["CONFIG_USB_SERIAL_F81232=n"]	[]	[]	["usb-typec.sh"]
config:CONFIG_USB_SERIAL_F8153X	config	["linux-aw2511@92c27523bfa57dc21acd843897c8949d549702c7:CONFIG_USB_SERIAL_F8153X"]	mainline	["CONFIG_USB_SERIAL_F8153X=n"]	["CONFIG_USB_SERIAL_F8153X=n"]	[]	[]	["usb-typec.sh"]
config:CONFIG_USB_SERIAL_GARMIN	config	["linux-aw2511@92c27523bfa57dc21acd843897c8949d549702c7:CONFIG_USB_SERIAL_GARMIN"]	mainline	["CONFIG_USB_SERIAL_GARMIN=n"]	["CONFIG_USB_SERIAL_GARMIN=n"]	[]	[]	["usb-typec.sh"]
config:CONFIG_USB_SERIAL_GENERIC	config	["linux-aw2511@92c27523bfa57dc21acd843897c8949d549702c7:CONFIG_USB_SERIAL_GENERIC"]	mainline	["CONFIG_USB_SERIAL_GENERIC=n"]	["CONFIG_USB_SERIAL_GENERIC=n"]	[]	[]	["usb-typec.sh"]
config:CONFIG_USB_SERIAL_IPAQ	config	["linux-aw2511@92c27523bfa57dc21acd843897c8949d549702c7:CONFIG_USB_SERIAL_IPAQ"]	mainline	["CONFIG_USB_SERIAL_IPAQ=n"]	["CONFIG_USB_SERIAL_IPAQ=n"]	[]	[]	["usb-typec.sh"]
config:CONFIG_USB_SERIAL_IPW	config	["linux-aw2511@92c27523bfa57dc21acd843897c8949d549702c7:CONFIG_USB_SERIAL_IPW"]	mainline	["CONFIG_USB_SERIAL_IPW=n"]	["CONFIG_USB_SERIAL_IPW=n"]	[]	[]	["usb-typec.sh"]
config:CONFIG_USB_SERIAL_IR	config	["linux-aw2511@92c27523bfa57dc21acd843897c8949d549702c7:CONFIG_USB_SERIAL_IR"]	mainline	["CONFIG_USB_SERIAL_IR=n"]	["CONFIG_USB_SERIAL_IR=n"]	[]	[]	["usb-typec.sh"]
config:CONFIG_USB_SERIAL_IUU	config	["linux-aw2511@92c27523bfa57dc21acd843897c8949d549702c7:CONFIG_USB_SERIAL_IUU"]	mainline	["CONFIG_USB_SERIAL_IUU=n"]	["CONFIG_USB_SERIAL_IUU=n"]	[]	[]	["usb-typec.sh"]
config:CONFIG_USB_SERIAL_KEYSPAN	config	["linux-aw2511@92c27523bfa57dc21acd843897c8949d549702c7:CONFIG_USB_SERIAL_KEYSPAN"]	mainline	["CONFIG_USB_SERIAL_KEYSPAN=n"]	["CONFIG_USB_SERIAL_KEYSPAN=n"]	[]	[]	["usb-typec.sh"]
config:CONFIG_USB_SERIAL_KEYSPAN_PDA	config	["linux-aw2511@92c27523bfa57dc21acd843897c8949d549702c7:CONFIG_USB_SERIAL_KEYSPAN_PDA"]	mainline	["CONFIG_USB_SERIAL_KEYSPAN_PDA=n"]	["CONFIG_USB_SERIAL_KEYSPAN_PDA=n"]	[]	[]	["usb-typec.sh"]
config:CONFIG_USB_SERIAL_KLSI	config	["linux-aw2511@92c27523bfa57dc21acd843897c8949d549702c7:CONFIG_USB_SERIAL_KLSI"]	mainline	["CONFIG_USB_SERIAL_KLSI=n"]	["CONFIG_USB_SERIAL_KLSI=n"]	[]	[]	["usb-typec.sh"]
config:CONFIG_USB_SERIAL_KOBIL_SCT	config	["linux-aw2511@92c27523bfa57dc21acd843897c8949d549702c7:CONFIG_USB_SERIAL_KOBIL_SCT"]	mainline	["CONFIG_USB_SERIAL_KOBIL_SCT=n"]	["CONFIG_USB_SERIAL_KOBIL_SCT=n"]	[]	[]	["usb-typec.sh"]
config:CONFIG_USB_SERIAL_MCT_U232	config	["linux-aw2511@92c27523bfa57dc21acd843897c8949d549702c7:CONFIG_USB_SERIAL_MCT_U232"]	mainline	["CONFIG_USB_SERIAL_MCT_U232=n"]	["CONFIG_USB_SERIAL_MCT_U232=n"]	[]	[]	["usb-typec.sh"]
config:CONFIG_USB_SERIAL_METRO	config	["linux-aw2511@92c27523bfa57dc21acd843897c8949d549702c7:CONFIG_USB_SERIAL_METRO"]	mainline	["CONFIG_USB_SERIAL_METRO=n"]	["CONFIG_USB_SERIAL_METRO=n"]	[]	[]	["usb-typec.sh"]
config:CONFIG_USB_SERIAL_MOS7720	config	["linux-aw2511@92c27523bfa57dc21acd843897c8949d549702c7:CONFIG_USB_SERIAL_MOS7720"]	mainline	["CONFIG_USB_SERIAL_MOS7720=n"]	["CONFIG_USB_SERIAL_MOS7720=n"]	[]	[]	["usb-typec.sh"]
config:CONFIG_USB_SERIAL_MOS7840	config	["linux-aw2511@92c27523bfa57dc21acd843897c8949d549702c7:CONFIG_USB_SERIAL_MOS7840"]	mainline	["CONFIG_USB_SERIAL_MOS7840=n"]	["CONFIG_USB_SERIAL_MOS7840=n"]	[]	[]	["usb-typec.sh"]
config:CONFIG_USB_SERIAL_MXUPORT	config	["linux-aw2511@92c27523bfa57dc21acd843897c8949d549702c7:CONFIG_USB_SERIAL_MXUPORT"]	mainline	["CONFIG_USB_SERIAL_MXUPORT=n"]	["CONFIG_USB_SERIAL_MXUPORT=n"]	[]	[]	["usb-typec.sh"]
config:CONFIG_USB_SERIAL_NAVMAN	config	["linux-aw2511@92c27523bfa57dc21acd843897c8949d549702c7:CONFIG_USB_SERIAL_NAVMAN"]	mainline	["CONFIG_USB_SERIAL_NAVMAN=n"]	["CONFIG_USB_SERIAL_NAVMAN=n"]	[]	[]	["usb-typec.sh"]
config:CONFIG_USB_SERIAL_OMNINET	config	["linux-aw2511@92c27523bfa57dc21acd843897c8949d549702c7:CONFIG_USB_SERIAL_OMNINET"]	mainline	["CONFIG_USB_SERIAL_OMNINET=n"]	["CONFIG_USB_SERIAL_OMNINET=n"]	[]	[]	["usb-typec.sh"]
config:CONFIG_USB_SERIAL_OPTICON	config	["linux-aw2511@92c27523bfa57dc21acd843897c8949d549702c7:CONFIG_USB_SERIAL_OPTICON"]	mainline	["CONFIG_USB_SERIAL_OPTICON=n"]	["CONFIG_USB_SERIAL_OPTICON=n"]	[]	[]	["usb-typec.sh"]
config:CONFIG_USB_SERIAL_OTI6858	config	["linux-aw2511@92c27523bfa57dc21acd843897c8949d549702c7:CONFIG_USB_SERIAL_OTI6858"]	mainline	["CONFIG_USB_SERIAL_OTI6858=n"]	["CONFIG_USB_SERIAL_OTI6858=n"]	[]	[]	["usb-typec.sh"]
config:CONFIG_USB_SERIAL_PL2303	config	["linux-aw2511@92c27523bfa57dc21acd843897c8949d549702c7:CONFIG_USB_SERIAL_PL2303"]	mainline	["CONFIG_USB_SERIAL_PL2303=n"]	["CONFIG_USB_SERIAL_PL2303=n"]	[]	[]	["usb-typec.sh"]
config:CONFIG_USB_SERIAL_QCAUX	config	["linux-aw2511@92c27523bfa57dc21acd843897c8949d549702c7:CONFIG_USB_SERIAL_QCAUX"]	mainline	["CONFIG_USB_SERIAL_QCAUX=n"]	["CONFIG_USB_SERIAL_QCAUX=n"]	[]	[]	["usb-typec.sh"]
config:CONFIG_USB_SERIAL_QT2	config	["linux-aw2511@92c27523bfa57dc21acd843897c8949d549702c7:CONFIG_USB_SERIAL_QT2"]	mainline	["CONFIG_USB_SERIAL_QT2=n"]	["CONFIG_USB_SERIAL_QT2=n"]	[]	[]	["usb-typec.sh"]
config:CONFIG_USB_SERIAL_QUALCOMM	config	["linux-aw2511@92c27523bfa57dc21acd843897c8949d549702c7:CONFIG_USB_SERIAL_QUALCOMM"]	mainline	["CONFIG_USB_SERIAL_QUALCOMM=n"]	["CONFIG_USB_SERIAL_QUALCOMM=n"]	[]	[]	["usb-typec.sh"]
config:CONFIG_USB_SERIAL_SAFE	config	["linux-aw2511@92c27523bfa57dc21acd843897c8949d549702c7:CONFIG_USB_SERIAL_SAFE"]	mainline	["CONFIG_USB_SERIAL_SAFE=n"]	["CONFIG_USB_SERIAL_SAFE=n"]	[]	[]	["usb-typec.sh"]
config:CONFIG_USB_SERIAL_SAFE_PADDED	config	["linux-aw2511@92c27523bfa57dc21acd843897c8949d549702c7:CONFIG_USB_SERIAL_SAFE_PADDED"]	mainline	["CONFIG_USB_SERIAL_SAFE_PADDED=n"]	["CONFIG_USB_SERIAL_SAFE_PADDED=n"]	[]	[]	["usb-typec.sh"]
config:CONFIG_USB_SERIAL_SIERRAWIRELESS	config	["linux-aw2511@92c27523bfa57dc21acd843897c8949d549702c7:CONFIG_USB_SERIAL_SIERRAWIRELESS"]	mainline	["CONFIG_USB_SERIAL_SIERRAWIRELESS=n"]	["CONFIG_USB_SERIAL_SIERRAWIRELESS=n"]	[]	[]	["usb-typec.sh"]
config:CONFIG_USB_SERIAL_SIMPLE	config	["linux-aw2511@92c27523bfa57dc21acd843897c8949d549702c7:CONFIG_USB_SERIAL_SIMPLE"]	mainline	["CONFIG_USB_SERIAL_SIMPLE=n"]	["CONFIG_USB_SERIAL_SIMPLE=n"]	[]	[]	["usb-typec.sh"]
config:CONFIG_USB_SERIAL_SPCP8X5	config	["linux-aw2511@92c27523bfa57dc21acd843897c8949d549702c7:CONFIG_USB_SERIAL_SPCP8X5"]	mainline	["CONFIG_USB_SERIAL_SPCP8X5=n"]	["CONFIG_USB_SERIAL_SPCP8X5=n"]	[]	[]	["usb-typec.sh"]
config:CONFIG_USB_SERIAL_SSU100	config	["linux-aw2511@92c27523bfa57dc21acd843897c8949d549702c7:CONFIG_USB_SERIAL_SSU100"]	mainline	["CONFIG_USB_SERIAL_SSU100=n"]	["CONFIG_USB_SERIAL_SSU100=n"]	[]	[]	["usb-typec.sh"]
config:CONFIG_USB_SERIAL_SYMBOL	config	["linux-aw2511@92c27523bfa57dc21acd843897c8949d549702c7:CONFIG_USB_SERIAL_SYMBOL"]	mainline	["CONFIG_USB_SERIAL_SYMBOL=n"]	["CONFIG_USB_SERIAL_SYMBOL=n"]	[]	[]	["usb-typec.sh"]
config:CONFIG_USB_SERIAL_TI	config	["linux-aw2511@92c27523bfa57dc21acd843897c8949d549702c7:CONFIG_USB_SERIAL_TI"]	mainline	["CONFIG_USB_SERIAL_TI=n"]	["CONFIG_USB_SERIAL_TI=n"]	[]	[]	["usb-typec.sh"]
config:CONFIG_USB_SERIAL_UPD78F0730	config	["linux-aw2511@92c27523bfa57dc21acd843897c8949d549702c7:CONFIG_USB_SERIAL_UPD78F0730"]	mainline	["CONFIG_USB_SERIAL_UPD78F0730=n"]	["CONFIG_USB_SERIAL_UPD78F0730=n"]	[]	[]	["usb-typec.sh"]
config:CONFIG_USB_SERIAL_VISOR	config	["linux-aw2511@92c27523bfa57dc21acd843897c8949d549702c7:CONFIG_USB_SERIAL_VISOR"]	mainline	["CONFIG_USB_SERIAL_VISOR=n"]	["CONFIG_USB_SERIAL_VISOR=n"]	[]	[]	["usb-typec.sh"]
config:CONFIG_USB_SERIAL_WHITEHEAT	config	["linux-aw2511@92c27523bfa57dc21acd843897c8949d549702c7:CONFIG_USB_SERIAL_WHITEHEAT"]	mainline	["CONFIG_USB_SERIAL_WHITEHEAT=n"]	["CONFIG_USB_SERIAL_WHITEHEAT=n"]	[]	[]	["usb-typec.sh"]
config:CONFIG_USB_SERIAL_WISHBONE	config	["linux-aw2511@92c27523bfa57dc21acd843897c8949d549702c7:CONFIG_USB_SERIAL_WISHBONE"]	mainline	["CONFIG_USB_SERIAL_WISHBONE=n"]	["CONFIG_USB_SERIAL_WISHBONE=n"]	[]	[]	["usb-typec.sh"]
config:CONFIG_USB_SERIAL_XSENS_MT	config	["linux-aw2511@92c27523bfa57dc21acd843897c8949d549702c7:CONFIG_USB_SERIAL_XSENS_MT"]	mainline	["CONFIG_USB_SERIAL_XSENS_MT=n"]	["CONFIG_USB_SERIAL_XSENS_MT=n"]	[]	[]	["usb-typec.sh"]
config:CONFIG_USB_SIERRA_NET	config	["linux-aw2511@92c27523bfa57dc21acd843897c8949d549702c7:CONFIG_USB_SIERRA_NET"]	mainline	["CONFIG_USB_SIERRA_NET=n"]	["CONFIG_USB_SIERRA_NET=n"]	[]	[]	["usb-typec.sh"]
config:CONFIG_USB_STORAGE	config	["linux-aw2511@92c27523bfa57dc21acd843897c8949d549702c7:CONFIG_USB_STORAGE"]	mainline	[]	["CONFIG_USB_STORAGE=y"]	[]	[]	[]
config:CONFIG_USB_STORAGE_ALAUDA	config	["linux-aw2511@92c27523bfa57dc21acd843897c8949d549702c7:CONFIG_USB_STORAGE_ALAUDA"]	mainline	["CONFIG_USB_STORAGE_ALAUDA=n"]	["CONFIG_USB_STORAGE_ALAUDA=n"]	[]	[]	["usb-typec.sh"]
config:CONFIG_USB_STORAGE_CYPRESS_ATACB	config	["linux-aw2511@92c27523bfa57dc21acd843897c8949d549702c7:CONFIG_USB_STORAGE_CYPRESS_ATACB"]	mainline	["CONFIG_USB_STORAGE_CYPRESS_ATACB=n"]	["CONFIG_USB_STORAGE_CYPRESS_ATACB=n"]	[]	[]	["usb-typec.sh"]
config:CONFIG_USB_STORAGE_DATAFAB	config	["linux-aw2511@92c27523bfa57dc21acd843897c8949d549702c7:CONFIG_USB_STORAGE_DATAFAB"]	mainline	["CONFIG_USB_STORAGE_DATAFAB=n"]	["CONFIG_USB_STORAGE_DATAFAB=n"]	[]	[]	["usb-typec.sh"]
config:CONFIG_USB_STORAGE_ENE_UB6250	config	["linux-aw2511@92c27523bfa57dc21acd843897c8949d549702c7:CONFIG_USB_STORAGE_ENE_UB6250"]	mainline	["CONFIG_USB_STORAGE_ENE_UB6250=n"]	["CONFIG_USB_STORAGE_ENE_UB6250=n"]	[]	[]	["usb-typec.sh"]
config:CONFIG_USB_STORAGE_FREECOM	config	["linux-aw2511@92c27523bfa57dc21acd843897c8949d549702c7:CONFIG_USB_STORAGE_FREECOM"]	mainline	["CONFIG_USB_STORAGE_FREECOM=n"]	["CONFIG_USB_STORAGE_FREECOM=n"]	[]	[]	["usb-typec.sh"]
config:CONFIG_USB_STORAGE_ISD200	config	["linux-aw2511@92c27523bfa57dc21acd843897c8949d549702c7:CONFIG_USB_STORAGE_ISD200"]	mainline	["CONFIG_USB_STORAGE_ISD200=n"]	["CONFIG_USB_STORAGE_ISD200=n"]	[]	[]	["usb-typec.sh"]
config:CONFIG_USB_STORAGE_JUMPSHOT	config	["linux-aw2511@92c27523bfa57dc21acd843897c8949d549702c7:CONFIG_USB_STORAGE_JUMPSHOT"]	mainline	["CONFIG_USB_STORAGE_JUMPSHOT=n"]	["CONFIG_USB_STORAGE_JUMPSHOT=n"]	[]	[]	["usb-typec.sh"]
config:CONFIG_USB_STORAGE_KARMA	config	["linux-aw2511@92c27523bfa57dc21acd843897c8949d549702c7:CONFIG_USB_STORAGE_KARMA"]	mainline	["CONFIG_USB_STORAGE_KARMA=n"]	["CONFIG_USB_STORAGE_KARMA=n"]	[]	[]	["usb-typec.sh"]
config:CONFIG_USB_STORAGE_ONETOUCH	config	["linux-aw2511@92c27523bfa57dc21acd843897c8949d549702c7:CONFIG_USB_STORAGE_ONETOUCH"]	mainline	["CONFIG_USB_STORAGE_ONETOUCH=n"]	["CONFIG_USB_STORAGE_ONETOUCH=n"]	[]	[]	["usb-typec.sh"]
config:CONFIG_USB_STORAGE_REALTEK	config	["linux-aw2511@92c27523bfa57dc21acd843897c8949d549702c7:CONFIG_USB_STORAGE_REALTEK"]	mainline	["CONFIG_USB_STORAGE_REALTEK=n"]	["CONFIG_USB_STORAGE_REALTEK=n"]	[]	[]	["usb-typec.sh"]
config:CONFIG_USB_STORAGE_SDDR09	config	["linux-aw2511@92c27523bfa57dc21acd843897c8949d549702c7:CONFIG_USB_STORAGE_SDDR09"]	mainline	["CONFIG_USB_STORAGE_SDDR09=n"]	["CONFIG_USB_STORAGE_SDDR09=n"]	[]	[]	["usb-typec.sh"]
config:CONFIG_USB_STORAGE_SDDR55	config	["linux-aw2511@92c27523bfa57dc21acd843897c8949d549702c7:CONFIG_USB_STORAGE_SDDR55"]	mainline	["CONFIG_USB_STORAGE_SDDR55=n"]	["CONFIG_USB_STORAGE_SDDR55=n"]	[]	[]	["usb-typec.sh"]
config:CONFIG_USB_STORAGE_USBAT	config	["linux-aw2511@92c27523bfa57dc21acd843897c8949d549702c7:CONFIG_USB_STORAGE_USBAT"]	mainline	["CONFIG_USB_STORAGE_USBAT=n"]	["CONFIG_USB_STORAGE_USBAT=n"]	[]	[]	["usb-typec.sh"]
config:CONFIG_USB_SUNXI_DWC3	config	["linux-aw2511@92c27523bfa57dc21acd843897c8949d549702c7:CONFIG_USB_SUNXI_DWC3"]	mainline	["CONFIG_USB_SUNXI_DWC3=n"]	["CONFIG_USB_SUNXI_DWC3=n"]	[]	[]	["usb-typec.sh"]
config:CONFIG_USB_SUNXI_EHCI0	config	["linux-aw2511@92c27523bfa57dc21acd843897c8949d549702c7:CONFIG_USB_SUNXI_EHCI0"]	mainline	["CONFIG_USB_SUNXI_EHCI0=n"]	["CONFIG_USB_SUNXI_EHCI0=n"]	[]	[]	["usb-typec.sh"]
config:CONFIG_USB_SUNXI_EHCI1	config	["linux-aw2511@92c27523bfa57dc21acd843897c8949d549702c7:CONFIG_USB_SUNXI_EHCI1"]	mainline	["CONFIG_USB_SUNXI_EHCI1=n"]	["CONFIG_USB_SUNXI_EHCI1=n"]	[]	[]	["usb-typec.sh"]
config:CONFIG_USB_SUNXI_HCD	config	["linux-aw2511@92c27523bfa57dc21acd843897c8949d549702c7:CONFIG_USB_SUNXI_HCD"]	mainline	["CONFIG_USB_SUNXI_HCD=n"]	["CONFIG_USB_SUNXI_HCD=n"]	[]	[]	["usb-typec.sh"]
config:CONFIG_USB_SUNXI_HCI	config	["linux-aw2511@92c27523bfa57dc21acd843897c8949d549702c7:CONFIG_USB_SUNXI_HCI"]	mainline	["CONFIG_USB_SUNXI_HCI=n"]	["CONFIG_USB_SUNXI_HCI=n"]	[]	[]	["usb-typec.sh"]
config:CONFIG_USB_SUNXI_OHCI0	config	["linux-aw2511@92c27523bfa57dc21acd843897c8949d549702c7:CONFIG_USB_SUNXI_OHCI0"]	mainline	["CONFIG_USB_SUNXI_OHCI0=n"]	["CONFIG_USB_SUNXI_OHCI0=n"]	[]	[]	["usb-typec.sh"]
config:CONFIG_USB_SUNXI_OHCI1	config	["linux-aw2511@92c27523bfa57dc21acd843897c8949d549702c7:CONFIG_USB_SUNXI_OHCI1"]	mainline	["CONFIG_USB_SUNXI_OHCI1=n"]	["CONFIG_USB_SUNXI_OHCI1=n"]	[]	[]	["usb-typec.sh"]
config:CONFIG_USB_SUNXI_TYPEC	config	["linux-aw2511@92c27523bfa57dc21acd843897c8949d549702c7:CONFIG_USB_SUNXI_TYPEC"]	mainline	["CONFIG_USB_SUNXI_TYPEC=n"]	["CONFIG_USB_SUNXI_TYPEC=n"]	[]	[]	["usb-typec.sh"]
config:CONFIG_USB_SUNXI_UDC0	config	["linux-aw2511@92c27523bfa57dc21acd843897c8949d549702c7:CONFIG_USB_SUNXI_UDC0"]	mainline	["CONFIG_USB_SUNXI_UDC0=n"]	["CONFIG_USB_SUNXI_UDC0=n"]	[]	[]	["usb-typec.sh"]
config:CONFIG_USB_SUNXI_USB	config	["linux-aw2511@92c27523bfa57dc21acd843897c8949d549702c7:CONFIG_USB_SUNXI_USB"]	mainline	["CONFIG_USB_SUNXI_USB=n"]	["CONFIG_USB_SUNXI_USB=n"]	[]	[]	["usb-typec.sh"]
config:CONFIG_USB_SUNXI_USB_ADB	config	["linux-aw2511@92c27523bfa57dc21acd843897c8949d549702c7:CONFIG_USB_SUNXI_USB_ADB"]	mainline	["CONFIG_USB_SUNXI_USB_ADB=n"]	["CONFIG_USB_SUNXI_USB_ADB=n"]	[]	[]	["usb-typec.sh"]
config:CONFIG_USB_SUNXI_USB_DEBUG	config	["linux-aw2511@92c27523bfa57dc21acd843897c8949d549702c7:CONFIG_USB_SUNXI_USB_DEBUG"]	mainline	["CONFIG_USB_SUNXI_USB_DEBUG=n"]	["CONFIG_USB_SUNXI_USB_DEBUG=n"]	[]	[]	["usb-typec.sh"]
config:CONFIG_USB_SUNXI_USB_MANAGER	config	["linux-aw2511@92c27523bfa57dc21acd843897c8949d549702c7:CONFIG_USB_SUNXI_USB_MANAGER"]	mainline	["CONFIG_USB_SUNXI_USB_MANAGER=n"]	["CONFIG_USB_SUNXI_USB_MANAGER=n"]	[]	[]	["usb-typec.sh"]
config:CONFIG_USB_UAS	config	["linux-aw2511@92c27523bfa57dc21acd843897c8949d549702c7:CONFIG_USB_UAS"]	mainline	["CONFIG_USB_UAS=n"]	["CONFIG_USB_UAS=n"]	[]	[]	["usb-typec.sh"]
config:CONFIG_USB_U_AUDIO	config	["linux-aw2511@92c27523bfa57dc21acd843897c8949d549702c7:CONFIG_USB_U_AUDIO"]	mainline	["CONFIG_USB_U_AUDIO=n"]	["CONFIG_USB_U_AUDIO=n"]	[]	[]	["usb-typec.sh"]
config:CONFIG_USB_WDM	config	["linux-aw2511@92c27523bfa57dc21acd843897c8949d549702c7:CONFIG_USB_WDM"]	mainline	["CONFIG_USB_WDM=n"]	["CONFIG_USB_WDM=n"]	[]	[]	["usb-typec.sh"]
config:CONFIG_USB_XHCI_DBGCAP	config	["linux-aw2511@92c27523bfa57dc21acd843897c8949d549702c7:CONFIG_USB_XHCI_DBGCAP"]	mainline	["CONFIG_USB_XHCI_DBGCAP=n"]	["CONFIG_USB_XHCI_DBGCAP=n"]	[]	[]	["usb-typec.sh"]
config:CONFIG_USERMODE_DRIVER	config	["linux-aw2511@92c27523bfa57dc21acd843897c8949d549702c7:CONFIG_USERMODE_DRIVER"]	mainline	["CONFIG_USERMODE_DRIVER=n"]	["CONFIG_USERMODE_DRIVER=n"]	[]	[]	["board-io-security.sh"]
config:CONFIG_V4L2_ASYNC	config	["linux-aw2511@92c27523bfa57dc21acd843897c8949d549702c7:CONFIG_V4L2_ASYNC"]	mainline	[]	["CONFIG_V4L2_ASYNC=m"]	[]	[]	[]
config:CONFIG_V4L2_FWNODE	config	["linux-aw2511@92c27523bfa57dc21acd843897c8949d549702c7:CONFIG_V4L2_FWNODE"]	mainline	[]	["CONFIG_V4L2_FWNODE=m"]	[]	[]	[]
config:CONFIG_VDPA	config	["linux-aw2511@92c27523bfa57dc21acd843897c8949d549702c7:CONFIG_VDPA"]	mainline	["CONFIG_VDPA=n"]	["CONFIG_VDPA=n"]	[]	[]	["board-io-security.sh"]
config:CONFIG_VFAT_FS	config	["linux-aw2511@92c27523bfa57dc21acd843897c8949d549702c7:CONFIG_VFAT_FS"]	mainline	[]	["CONFIG_VFAT_FS=y"]	[]	[]	[]
config:CONFIG_VFIO	config	["linux-aw2511@92c27523bfa57dc21acd843897c8949d549702c7:CONFIG_VFIO"]	mainline	[]	["CONFIG_VFIO=y"]	[]	[]	[]
config:CONFIG_VFIO_IOMMU_TYPE1	config	["linux-aw2511@92c27523bfa57dc21acd843897c8949d549702c7:CONFIG_VFIO_IOMMU_TYPE1"]	mainline	[]	["CONFIG_VFIO_IOMMU_TYPE1=y"]	[]	[]	[]
config:CONFIG_VFIO_PCI	config	["linux-aw2511@92c27523bfa57dc21acd843897c8949d549702c7:CONFIG_VFIO_PCI"]	mainline	[]	["CONFIG_VFIO_PCI=y"]	[]	[]	[]
config:CONFIG_VFIO_PCI_CORE	config	["linux-aw2511@92c27523bfa57dc21acd843897c8949d549702c7:CONFIG_VFIO_PCI_CORE"]	mainline	[]	["CONFIG_VFIO_PCI_CORE=y"]	[]	[]	[]
config:CONFIG_VFIO_PCI_MMAP	config	["linux-aw2511@92c27523bfa57dc21acd843897c8949d549702c7:CONFIG_VFIO_PCI_MMAP"]	mainline	["CONFIG_VFIO_PCI_MMAP=n"]	["CONFIG_VFIO_PCI_MMAP=n"]	[]	[]	["board-io-security.sh"]
config:CONFIG_VHOST	config	["linux-aw2511@92c27523bfa57dc21acd843897c8949d549702c7:CONFIG_VHOST"]	mainline	["CONFIG_VHOST=n"]	["CONFIG_VHOST=n"]	[]	[]	["board-io-security.sh"]
config:CONFIG_VHOST_CROSS_ENDIAN_LEGACY	config	["linux-aw2511@92c27523bfa57dc21acd843897c8949d549702c7:CONFIG_VHOST_CROSS_ENDIAN_LEGACY"]	mainline	["CONFIG_VHOST_CROSS_ENDIAN_LEGACY=n"]	["CONFIG_VHOST_CROSS_ENDIAN_LEGACY=n"]	[]	[]	["board-io-security.sh"]
config:CONFIG_VHOST_IOTLB	config	["linux-aw2511@92c27523bfa57dc21acd843897c8949d549702c7:CONFIG_VHOST_IOTLB"]	mainline	["CONFIG_VHOST_IOTLB=n"]	["CONFIG_VHOST_IOTLB=n"]	[]	[]	["board-io-security.sh"]
config:CONFIG_VHOST_NET	config	["linux-aw2511@92c27523bfa57dc21acd843897c8949d549702c7:CONFIG_VHOST_NET"]	mainline	["CONFIG_VHOST_NET=n"]	["CONFIG_VHOST_NET=n"]	[]	[]	["board-io-security.sh"]
config:CONFIG_VHOST_TASK	config	["linux-aw2511@92c27523bfa57dc21acd843897c8949d549702c7:CONFIG_VHOST_TASK"]	mainline	["CONFIG_VHOST_TASK=n"]	["CONFIG_VHOST_TASK=n"]	[]	[]	["board-io-security.sh"]
config:CONFIG_VHOST_VDPA	config	["linux-aw2511@92c27523bfa57dc21acd843897c8949d549702c7:CONFIG_VHOST_VDPA"]	mainline	["CONFIG_VHOST_VDPA=n"]	["CONFIG_VHOST_VDPA=n"]	[]	[]	["board-io-security.sh"]
config:CONFIG_VIDEO_CMDLINE	config	["linux-aw2511@92c27523bfa57dc21acd843897c8949d549702c7:CONFIG_VIDEO_CMDLINE"]	mainline	["CONFIG_VIDEO_CMDLINE=n"]	["CONFIG_VIDEO_CMDLINE=n"]	[]	[]	["media-camera.sh"]
config:CONFIG_VIDEO_DEV	config	["linux-aw2511@92c27523bfa57dc21acd843897c8949d549702c7:CONFIG_VIDEO_DEV"]	mainline	[]	["CONFIG_VIDEO_DEV=m"]	[]	[]	[]
config:CONFIG_VIDEO_DW9807_VCM	config	["linux-aw2511@92c27523bfa57dc21acd843897c8949d549702c7:CONFIG_VIDEO_DW9807_VCM"]	mainline	["CONFIG_VIDEO_DW9807_VCM=n"]	["CONFIG_VIDEO_DW9807_VCM=n"]	[]	[]	["media-camera.sh"]
config:CONFIG_VIDEO_IMX415	config	["linux-aw2511@92c27523bfa57dc21acd843897c8949d549702c7:CONFIG_VIDEO_IMX415"]	mainline	["CONFIG_VIDEO_IMX415=n"]	["CONFIG_VIDEO_IMX415=n"]	[]	[]	["media-camera.sh"]
config:CONFIG_VIDEO_NOMODESET	config	["linux-aw2511@92c27523bfa57dc21acd843897c8949d549702c7:CONFIG_VIDEO_NOMODESET"]	mainline	["CONFIG_VIDEO_NOMODESET=n"]	["CONFIG_VIDEO_NOMODESET=n"]	[]	[]	["media-camera.sh"]
config:CONFIG_VIDEO_OV5647	config	["linux-aw2511@92c27523bfa57dc21acd843897c8949d549702c7:CONFIG_VIDEO_OV5647"]	mainline	["CONFIG_VIDEO_OV5647=n"]	["CONFIG_VIDEO_OV5647=n"]	[]	[]	["media-camera.sh"]
config:CONFIG_VIN_IOMMU	config	["linux-aw2511@92c27523bfa57dc21acd843897c8949d549702c7:CONFIG_VIN_IOMMU"]	mainline	["CONFIG_VIN_IOMMU=n"]	["CONFIG_VIN_IOMMU=n"]	[]	[]	["media-camera.sh"]
config:CONFIG_VIPP_YUV2RGB	config	["linux-aw2511@92c27523bfa57dc21acd843897c8949d549702c7:CONFIG_VIPP_YUV2RGB"]	mainline	["CONFIG_VIPP_YUV2RGB=n"]	["CONFIG_VIPP_YUV2RGB=n"]	[]	[]	["npu.sh"]
config:CONFIG_VXLAN	config	["linux-aw2511@92c27523bfa57dc21acd843897c8949d549702c7:CONFIG_VXLAN"]	mainline	["CONFIG_VXLAN=n"]	["CONFIG_VXLAN=n"]	[]	[]	["k3s-cilium.sh"]
config:CONFIG_W1	config	["linux-aw2511@92c27523bfa57dc21acd843897c8949d549702c7:CONFIG_W1"]	mainline	["CONFIG_W1=n"]	["CONFIG_W1=n"]	[]	[]	["board-io-security.sh"]
config:CONFIG_W1_MASTER_DS2482	config	["linux-aw2511@92c27523bfa57dc21acd843897c8949d549702c7:CONFIG_W1_MASTER_DS2482"]	mainline	["CONFIG_W1_MASTER_DS2482=n"]	["CONFIG_W1_MASTER_DS2482=n"]	[]	[]	["board-io-security.sh"]
config:CONFIG_W1_MASTER_DS2490	config	["linux-aw2511@92c27523bfa57dc21acd843897c8949d549702c7:CONFIG_W1_MASTER_DS2490"]	mainline	["CONFIG_W1_MASTER_DS2490=n"]	["CONFIG_W1_MASTER_DS2490=n"]	[]	[]	["board-io-security.sh"]
config:CONFIG_W1_MASTER_GPIO	config	["linux-aw2511@92c27523bfa57dc21acd843897c8949d549702c7:CONFIG_W1_MASTER_GPIO"]	mainline	["CONFIG_W1_MASTER_GPIO=n"]	["CONFIG_W1_MASTER_GPIO=n"]	[]	[]	["board-io-security.sh"]
config:CONFIG_W1_MASTER_MATROX	config	["linux-aw2511@92c27523bfa57dc21acd843897c8949d549702c7:CONFIG_W1_MASTER_MATROX"]	mainline	["CONFIG_W1_MASTER_MATROX=n"]	["CONFIG_W1_MASTER_MATROX=n"]	[]	[]	["board-io-security.sh"]
config:CONFIG_W1_SLAVE_DS2406	config	["linux-aw2511@92c27523bfa57dc21acd843897c8949d549702c7:CONFIG_W1_SLAVE_DS2406"]	mainline	["CONFIG_W1_SLAVE_DS2406=n"]	["CONFIG_W1_SLAVE_DS2406=n"]	[]	[]	["board-io-security.sh"]
config:CONFIG_W1_SLAVE_DS2408	config	["linux-aw2511@92c27523bfa57dc21acd843897c8949d549702c7:CONFIG_W1_SLAVE_DS2408"]	mainline	["CONFIG_W1_SLAVE_DS2408=n"]	["CONFIG_W1_SLAVE_DS2408=n"]	[]	[]	["board-io-security.sh"]
config:CONFIG_W1_SLAVE_DS2408_READBACK	config	["linux-aw2511@92c27523bfa57dc21acd843897c8949d549702c7:CONFIG_W1_SLAVE_DS2408_READBACK"]	mainline	["CONFIG_W1_SLAVE_DS2408_READBACK=n"]	["CONFIG_W1_SLAVE_DS2408_READBACK=n"]	[]	[]	["board-io-security.sh"]
config:CONFIG_W1_SLAVE_DS2413	config	["linux-aw2511@92c27523bfa57dc21acd843897c8949d549702c7:CONFIG_W1_SLAVE_DS2413"]	mainline	["CONFIG_W1_SLAVE_DS2413=n"]	["CONFIG_W1_SLAVE_DS2413=n"]	[]	[]	["board-io-security.sh"]
config:CONFIG_W1_SLAVE_DS2423	config	["linux-aw2511@92c27523bfa57dc21acd843897c8949d549702c7:CONFIG_W1_SLAVE_DS2423"]	mainline	["CONFIG_W1_SLAVE_DS2423=n"]	["CONFIG_W1_SLAVE_DS2423=n"]	[]	[]	["board-io-security.sh"]
config:CONFIG_W1_SLAVE_DS2431	config	["linux-aw2511@92c27523bfa57dc21acd843897c8949d549702c7:CONFIG_W1_SLAVE_DS2431"]	mainline	["CONFIG_W1_SLAVE_DS2431=n"]	["CONFIG_W1_SLAVE_DS2431=n"]	[]	[]	["board-io-security.sh"]
config:CONFIG_W1_SLAVE_DS2433	config	["linux-aw2511@92c27523bfa57dc21acd843897c8949d549702c7:CONFIG_W1_SLAVE_DS2433"]	mainline	["CONFIG_W1_SLAVE_DS2433=n"]	["CONFIG_W1_SLAVE_DS2433=n"]	[]	[]	["board-io-security.sh"]
config:CONFIG_W1_SLAVE_DS2433_CRC	config	["linux-aw2511@92c27523bfa57dc21acd843897c8949d549702c7:CONFIG_W1_SLAVE_DS2433_CRC"]	mainline	["CONFIG_W1_SLAVE_DS2433_CRC=n"]	["CONFIG_W1_SLAVE_DS2433_CRC=n"]	[]	[]	["board-io-security.sh"]
config:CONFIG_W1_SLAVE_DS2780	config	["linux-aw2511@92c27523bfa57dc21acd843897c8949d549702c7:CONFIG_W1_SLAVE_DS2780"]	mainline	["CONFIG_W1_SLAVE_DS2780=n"]	["CONFIG_W1_SLAVE_DS2780=n"]	[]	[]	["board-io-security.sh"]
config:CONFIG_W1_SLAVE_DS2781	config	["linux-aw2511@92c27523bfa57dc21acd843897c8949d549702c7:CONFIG_W1_SLAVE_DS2781"]	mainline	["CONFIG_W1_SLAVE_DS2781=n"]	["CONFIG_W1_SLAVE_DS2781=n"]	[]	[]	["board-io-security.sh"]
config:CONFIG_W1_SLAVE_DS28E04	config	["linux-aw2511@92c27523bfa57dc21acd843897c8949d549702c7:CONFIG_W1_SLAVE_DS28E04"]	mainline	["CONFIG_W1_SLAVE_DS28E04=n"]	["CONFIG_W1_SLAVE_DS28E04=n"]	[]	[]	["board-io-security.sh"]
config:CONFIG_W1_SLAVE_SMEM	config	["linux-aw2511@92c27523bfa57dc21acd843897c8949d549702c7:CONFIG_W1_SLAVE_SMEM"]	mainline	["CONFIG_W1_SLAVE_SMEM=n"]	["CONFIG_W1_SLAVE_SMEM=n"]	[]	[]	["board-io-security.sh"]
config:CONFIG_W1_SLAVE_THERM	config	["linux-aw2511@92c27523bfa57dc21acd843897c8949d549702c7:CONFIG_W1_SLAVE_THERM"]	mainline	["CONFIG_W1_SLAVE_THERM=n"]	["CONFIG_W1_SLAVE_THERM=n"]	[]	[]	["board-io-security.sh"]
config:CONFIG_WEXT_CORE	config	["linux-aw2511@92c27523bfa57dc21acd843897c8949d549702c7:CONFIG_WEXT_CORE"]	mainline	["CONFIG_WEXT_CORE=n"]	["CONFIG_WEXT_CORE=n"]	[]	[]	["board-io-security.sh"]
config:CONFIG_WEXT_PROC	config	["linux-aw2511@92c27523bfa57dc21acd843897c8949d549702c7:CONFIG_WEXT_PROC"]	mainline	["CONFIG_WEXT_PROC=n"]	["CONFIG_WEXT_PROC=n"]	[]	[]	["board-io-security.sh"]
config:CONFIG_WIREGUARD	config	["linux-aw2511@92c27523bfa57dc21acd843897c8949d549702c7:CONFIG_WIREGUARD"]	mainline	["CONFIG_WIREGUARD=n"]	["CONFIG_WIREGUARD=n"]	[]	[]	["board-io-security.sh"]
config:CONFIG_WIZNET_BUS_ANY	config	["linux-aw2511@92c27523bfa57dc21acd843897c8949d549702c7:CONFIG_WIZNET_BUS_ANY"]	mainline	["CONFIG_WIZNET_BUS_ANY=n"]	["CONFIG_WIZNET_BUS_ANY=n"]	[]	[]	["board-io-security.sh"]
config:CONFIG_WIZNET_W5100	config	["linux-aw2511@92c27523bfa57dc21acd843897c8949d549702c7:CONFIG_WIZNET_W5100"]	mainline	["CONFIG_WIZNET_W5100=n"]	["CONFIG_WIZNET_W5100=n"]	[]	[]	["board-io-security.sh"]
config:CONFIG_WIZNET_W5100_SPI	config	["linux-aw2511@92c27523bfa57dc21acd843897c8949d549702c7:CONFIG_WIZNET_W5100_SPI"]	mainline	["CONFIG_WIZNET_W5100_SPI=n"]	["CONFIG_WIZNET_W5100_SPI=n"]	[]	[]	["board-io-security.sh"]
config:CONFIG_WLAN_VENDOR_CISCO	config	["linux-aw2511@92c27523bfa57dc21acd843897c8949d549702c7:CONFIG_WLAN_VENDOR_CISCO"]	mainline	["CONFIG_WLAN_VENDOR_CISCO=n"]	["CONFIG_WLAN_VENDOR_CISCO=n"]	[]	[]	["wifi-bluetooth.sh"]
config:CONFIG_XFRM	config	["linux-aw2511@92c27523bfa57dc21acd843897c8949d549702c7:CONFIG_XFRM"]	mainline	["CONFIG_XFRM=n"]	["CONFIG_XFRM=n"]	[]	[]	["board-io-security.sh"]
config:CONFIG_XFRM_ALGO	config	["linux-aw2511@92c27523bfa57dc21acd843897c8949d549702c7:CONFIG_XFRM_ALGO"]	mainline	["CONFIG_XFRM_ALGO=n"]	["CONFIG_XFRM_ALGO=n"]	[]	[]	["board-io-security.sh"]
config:CONFIG_XFRM_ESP	config	["linux-aw2511@92c27523bfa57dc21acd843897c8949d549702c7:CONFIG_XFRM_ESP"]	mainline	["CONFIG_XFRM_ESP=n"]	["CONFIG_XFRM_ESP=n"]	[]	[]	["board-io-security.sh"]
config:CONFIG_XFRM_INTERFACE	config	["linux-aw2511@92c27523bfa57dc21acd843897c8949d549702c7:CONFIG_XFRM_INTERFACE"]	mainline	["CONFIG_XFRM_INTERFACE=n"]	["CONFIG_XFRM_INTERFACE=n"]	[]	[]	["board-io-security.sh"]
config:CONFIG_XFRM_USER	config	["linux-aw2511@92c27523bfa57dc21acd843897c8949d549702c7:CONFIG_XFRM_USER"]	mainline	["CONFIG_XFRM_USER=n"]	["CONFIG_XFRM_USER=n"]	[]	[]	["board-io-security.sh"]
config:CONFIG_XFS_FS	config	["linux-aw2511@92c27523bfa57dc21acd843897c8949d549702c7:CONFIG_XFS_FS"]	mainline	["CONFIG_XFS_FS=n"]	["CONFIG_XFS_FS=n"]	[]	[]	["board-io-security.sh"]
config:CONFIG_XFS_SUPPORT_ASCII_CI	config	["linux-aw2511@92c27523bfa57dc21acd843897c8949d549702c7:CONFIG_XFS_SUPPORT_ASCII_CI"]	mainline	["CONFIG_XFS_SUPPORT_ASCII_CI=n"]	["CONFIG_XFS_SUPPORT_ASCII_CI=n"]	[]	[]	["board-io-security.sh"]
config:CONFIG_XFS_SUPPORT_V4	config	["linux-aw2511@92c27523bfa57dc21acd843897c8949d549702c7:CONFIG_XFS_SUPPORT_V4"]	mainline	["CONFIG_XFS_SUPPORT_V4=n"]	["CONFIG_XFS_SUPPORT_V4=n"]	[]	[]	["board-io-security.sh"]
config:CONFIG_XZ_DEC_IA64	config	["linux-aw2511@92c27523bfa57dc21acd843897c8949d549702c7:CONFIG_XZ_DEC_IA64"]	mainline	["CONFIG_XZ_DEC_IA64=n"]	["CONFIG_XZ_DEC_IA64=n"]	[]	[]	["board-io-security.sh"]
config:CONFIG_ZLIB_DEFLATE	config	["linux-aw2511@92c27523bfa57dc21acd843897c8949d549702c7:CONFIG_ZLIB_DEFLATE"]	mainline	[]	["CONFIG_ZLIB_DEFLATE=y"]	[]	[]	[]
config:CONFIG_ZRAM	config	["linux-aw2511@92c27523bfa57dc21acd843897c8949d549702c7:CONFIG_ZRAM"]	mainline	["CONFIG_ZRAM=n"]	["CONFIG_ZRAM=n"]	[]	[]	["board-io-security.sh"]
config:CONFIG_ZRAM_DEF_COMP_LZORLE	config	["linux-aw2511@92c27523bfa57dc21acd843897c8949d549702c7:CONFIG_ZRAM_DEF_COMP_LZORLE"]	mainline	["CONFIG_ZRAM_DEF_COMP_LZORLE=n"]	["CONFIG_ZRAM_DEF_COMP_LZORLE=n"]	[]	[]	["board-io-security.sh"]
config:CONFIG_ZSMALLOC	config	["linux-aw2511@92c27523bfa57dc21acd843897c8949d549702c7:CONFIG_ZSMALLOC"]	mainline	["CONFIG_ZSMALLOC=n"]	["CONFIG_ZSMALLOC=n"]	[]	[]	["board-io-security.sh"]
config:CONFIG_ZSTD_COMPRESS	config	["linux-aw2511@92c27523bfa57dc21acd843897c8949d549702c7:CONFIG_ZSTD_COMPRESS"]	mainline	[]	["CONFIG_ZSTD_COMPRESS=m"]	[]	[]	[]
firmware:aic8800/aic8800D80/fw_patch_table.bin	firmware	["deepin-community/aic8800@2faeb57f624f87413e176e4834c6662cf5086f3c:aic8800D80/fw_patch_table.bin"]	external-package	[]	[]	[]	[]	["wifi-bluetooth.sh"]
firmware:compiled/face_blendshapes_nbg_int16/network_binary.nb	firmware	["arnaudlvq/MediaPipe-FaceLandmarker-NPU-Version-A733-VeriSilicon-VIP9000@925773701b5bb07515d976ee31fd4468d6ecb373:compiled/face_blendshapes_nbg_int16/network_binary.nb"]	external-package	[]	[]	[]	[]	["npu.sh"]
firmware:compiled/face_detector_nbg_int16/network_binary.nb	firmware	["arnaudlvq/MediaPipe-FaceLandmarker-NPU-Version-A733-VeriSilicon-VIP9000@925773701b5bb07515d976ee31fd4468d6ecb373:compiled/face_detector_nbg_int16/network_binary.nb"]	external-package	[]	[]	[]	[]	["npu.sh"]
firmware:compiled/face_landmarks_detector_nbg_int16/network_binary.nb	firmware	["arnaudlvq/MediaPipe-FaceLandmarker-NPU-Version-A733-VeriSilicon-VIP9000@925773701b5bb07515d976ee31fd4468d6ecb373:compiled/face_landmarks_detector_nbg_int16/network_binary.nb"]	external-package	[]	[]	[]	[]	["npu.sh"]
firmware:rgx.fw.36.56.104.183	firmware	["radxa-repo@c8e606db1abdea40a5b97f7905ea86901b50c5fe1b76a55356ab70dde3304c3a:rgx.fw.36.56.104.183"]	external-package	[]	[]	[]	[]	["gpu.sh"]
firmware:rgx.sh.36.56.104.183	firmware	["radxa-repo@c8e606db1abdea40a5b97f7905ea86901b50c5fe1b76a55356ab70dde3304c3a:rgx.sh.36.56.104.183"]	external-package	[]	[]	[]	[]	["gpu.sh"]
hardware:audio.sh	hardware	["allwinner-device@db0a1601a7335ab272c12937a299ac1df07791c0:configs/cubie_a7a/linux-6.6/board.dts"]	ported-bsp	[]	[]	[]	[]	["audio.sh"]
hardware:board-io-security.sh	hardware	["allwinner-device@db0a1601a7335ab272c12937a299ac1df07791c0:configs/cubie_a7a/linux-6.6/board.dts"]	ported-bsp	[]	[]	[]	[]	["board-io-security.sh"]
hardware:boot.sh	hardware	["allwinner-device@db0a1601a7335ab272c12937a299ac1df07791c0:configs/cubie_a7a/linux-6.6/board.dts"]	ported-bsp	[]	[]	[]	[]	["boot.sh"]
hardware:clock-power-performance.sh	hardware	["allwinner-device@db0a1601a7335ab272c12937a299ac1df07791c0:configs/cubie_a7a/linux-6.6/board.dts"]	ported-bsp	[]	[]	[]	[]	["clock-power-performance.sh"]
hardware:display-hdmi.sh	hardware	["allwinner-device@db0a1601a7335ab272c12937a299ac1df07791c0:configs/cubie_a7a/linux-6.6/board.dts"]	ported-bsp	[]	[]	[]	[]	["display-hdmi.sh"]
hardware:gmac.sh	hardware	["allwinner-device@db0a1601a7335ab272c12937a299ac1df07791c0:configs/cubie_a7a/linux-6.6/board.dts"]	ported-bsp	[]	[]	[]	[]	["gmac.sh"]
hardware:gnss.sh	hardware	["allwinner-device@db0a1601a7335ab272c12937a299ac1df07791c0:configs/cubie_a7a/linux-6.6/board.dts"]	ported-bsp	[]	[]	[]	[]	["gnss.sh"]
hardware:gpu.sh	hardware	["allwinner-device@db0a1601a7335ab272c12937a299ac1df07791c0:configs/cubie_a7a/linux-6.6/board.dts"]	ported-bsp	[]	[]	[]	[]	["gpu.sh"]
hardware:k3s-cilium.sh	hardware	["allwinner-device@db0a1601a7335ab272c12937a299ac1df07791c0:configs/cubie_a7a/linux-6.6/board.dts"]	ported-bsp	[]	[]	[]	[]	["k3s-cilium.sh"]
hardware:media-camera.sh	hardware	["allwinner-device@db0a1601a7335ab272c12937a299ac1df07791c0:configs/cubie_a7a/linux-6.6/board.dts"]	ported-bsp	[]	[]	[]	[]	["media-camera.sh"]
hardware:npu.sh	hardware	["allwinner-device@db0a1601a7335ab272c12937a299ac1df07791c0:configs/cubie_a7a/linux-6.6/board.dts"]	ported-bsp	[]	[]	[]	[]	["npu.sh"]
hardware:pcie-nvme.sh	hardware	["allwinner-device@db0a1601a7335ab272c12937a299ac1df07791c0:configs/cubie_a7a/linux-6.6/board.dts"]	ported-bsp	[]	[]	[]	[]	["pcie-nvme.sh"]
hardware:remoteproc.sh	hardware	["allwinner-device@db0a1601a7335ab272c12937a299ac1df07791c0:configs/cubie_a7a/linux-6.6/board.dts"]	ported-bsp	[]	[]	[]	[]	["remoteproc.sh"]
hardware:serial-ramoops-watchdog.sh	hardware	["allwinner-device@db0a1601a7335ab272c12937a299ac1df07791c0:configs/cubie_a7a/linux-6.6/board.dts"]	ported-bsp	[]	[]	[]	[]	["serial-ramoops-watchdog.sh"]
hardware:ufs.sh	hardware	["allwinner-device@db0a1601a7335ab272c12937a299ac1df07791c0:configs/cubie_a7a/linux-6.6/board.dts"]	ported-bsp	[]	[]	[]	[]	["ufs.sh"]
hardware:usb-typec.sh	hardware	["allwinner-device@db0a1601a7335ab272c12937a299ac1df07791c0:configs/cubie_a7a/linux-6.6/board.dts"]	ported-bsp	[]	[]	[]	[]	["usb-typec.sh"]
hardware:wifi-bluetooth.sh	hardware	["allwinner-device@db0a1601a7335ab272c12937a299ac1df07791c0:configs/cubie_a7a/linux-6.6/board.dts"]	ported-bsp	[]	[]	[]	[]	["wifi-bluetooth.sh"]
module:aic8800_fdrv	module	["deepin-community/aic8800@2faeb57f624f87413e176e4834c6662cf5086f3c:aic8800_fdrv"]	external-module	[]	[]	[]	[]	["wifi-bluetooth.sh"]
module:aic_load_fw	module	["deepin-community/aic8800@2faeb57f624f87413e176e4834c6662cf5086f3c:aic_load_fw"]	external-module	[]	[]	[]	[]	["wifi-bluetooth.sh"]
module:aw_nna_vip	module	["allwinner-bsp@f51e1e6195d4350abc590bff852e213279e660a6:drivers/npu/aw_nna_vip"]	ported-bsp	[]	[]	[]	[]	["npu.sh"]
module:nna_vip2	module	["allwinner-bsp@f51e1e6195d4350abc590bff852e213279e660a6:drivers/npu/aw_nna_vip/vip2"]	ported-bsp	[]	[]	[]	[]	["npu.sh"]
module:pvrsrvkm	module	["radxa-repo@923ed2039cc97e9c36b147493345f2d048bdf8ebe828444195bf84c476dd1b89:pvrsrvkm.ko"]	external-module	[]	[]	[]	[]	["gpu.sh"]
node:/soc@3000000/addr_mgt	node	["allwinner-device@db0a1601a7335ab272c12937a299ac1df07791c0:/soc@3000000/addr_mgt"]	ported-bsp	[]	[]	[{"blob":"base","path":"/soc/addr_mgt","status":"okay"}]	[]	["board-io-security.sh"]
node:/soc@3000000/auto_print@54321	node	["allwinner-device@db0a1601a7335ab272c12937a299ac1df07791c0:/soc@3000000/auto_print@54321"]	ported-bsp	["path:configs/cubie_a7a/linux-6.6/board.dts:unselected"]	[]	[]	[]	[]
node:/soc@3000000/ce@4603000	node	["allwinner-device@db0a1601a7335ab272c12937a299ac1df07791c0:/soc@3000000/ce@4603000"]	ported-bsp	[]	[]	[{"blob":"base","path":"/soc/ce@4603000","status":"okay"}]	[]	["board-io-security.sh"]
node:/soc@3000000/de@5000000	node	["allwinner-device@db0a1601a7335ab272c12937a299ac1df07791c0:/soc@3000000/de@5000000"]	ported-bsp	[]	[]	[{"blob":"base","path":"/soc/de@5000000","status":"okay"}]	[]	["board-io-security.sh"]
node:/soc@3000000/deinterlace@5400000	node	["allwinner-device@db0a1601a7335ab272c12937a299ac1df07791c0:/soc@3000000/deinterlace@5400000"]	ported-bsp	[]	[]	[{"blob":"base","path":"/soc/deinterlace@5400000","status":"okay"}]	[]	["media-camera.sh"]
node:/soc@3000000/dsi0@5506000/panel@0	node	["allwinner-device@db0a1601a7335ab272c12937a299ac1df07791c0:/soc@3000000/dsi0@5506000/panel@0"]	ported-bsp	[]	[]	[{"blob":"base","path":"/soc/dsi0@5506000/panel@0","status":"okay"}]	[]	["display-hdmi.sh"]
node:/soc@3000000/ehci0-controller@4101000	node	["allwinner-device@db0a1601a7335ab272c12937a299ac1df07791c0:/soc@3000000/ehci0-controller@4101000"]	ported-bsp	[]	[]	[{"blob":"base","path":"/soc/ehci0-controller@4101000","status":"okay"}]	[]	["board-io-security.sh"]
node:/soc@3000000/ehci1-controller@4200000	node	["allwinner-device@db0a1601a7335ab272c12937a299ac1df07791c0:/soc@3000000/ehci1-controller@4200000"]	ported-bsp	[]	[]	[{"blob":"base","path":"/soc/ehci1-controller@4200000","status":"okay"}]	[]	["board-io-security.sh"]
node:/soc@3000000/ethernet@4500000	node	["allwinner-device@db0a1601a7335ab272c12937a299ac1df07791c0:/soc@3000000/ethernet@4500000"]	mainline	[]	[]	[{"blob":"base","path":"/soc/ethernet@4500000","status":"okay"}]	[]	["gmac.sh"]
node:/soc@3000000/gpadc@2521000	node	["allwinner-device@db0a1601a7335ab272c12937a299ac1df07791c0:/soc@3000000/gpadc@2521000"]	ported-bsp	[]	[]	[{"blob":"base","path":"/soc/gpadc@2521000","status":"okay"}]	[]	["board-io-security.sh"]
node:/soc@3000000/hdmi0@5520000	node	["allwinner-device@db0a1601a7335ab272c12937a299ac1df07791c0:/soc@3000000/hdmi0@5520000"]	ported-bsp	[]	[]	[{"blob":"base","path":"/soc/hdmi0@5520000","status":"okay"}]	[]	["display-hdmi.sh"]
node:/soc@3000000/hdmi_codec	node	["allwinner-device@db0a1601a7335ab272c12937a299ac1df07791c0:/soc@3000000/hdmi_codec"]	ported-bsp	[]	[]	[{"blob":"base","path":"/soc/hdmi_codec","status":"okay"}]	[]	["display-hdmi.sh"]
node:/soc@3000000/i2s0_mach	node	["allwinner-device@db0a1601a7335ab272c12937a299ac1df07791c0:/soc@3000000/i2s0_mach"]	ported-bsp	[]	[]	[{"blob":"base","path":"/soc/i2s0_mach","status":"okay"}]	[]	["audio.sh"]
node:/soc@3000000/i2s0_plat@2532000	node	["allwinner-device@db0a1601a7335ab272c12937a299ac1df07791c0:/soc@3000000/i2s0_plat@2532000"]	ported-bsp	[]	[]	[{"blob":"base","path":"/soc/i2s0_plat@2532000","status":"okay"}]	[]	["audio.sh"]
node:/soc@3000000/i2s3_mach	node	["allwinner-device@db0a1601a7335ab272c12937a299ac1df07791c0:/soc@3000000/i2s3_mach"]	ported-bsp	[]	[]	[{"blob":"base","path":"/soc/i2s3_mach","status":"okay"}]	[]	["audio.sh"]
node:/soc@3000000/i2s3_plat@2535000	node	["allwinner-device@db0a1601a7335ab272c12937a299ac1df07791c0:/soc@3000000/i2s3_plat@2535000"]	ported-bsp	[]	[]	[{"blob":"base","path":"/soc/i2s3_plat@2535000","status":"okay"}]	[]	["audio.sh"]
node:/soc@3000000/irrx@7040000	node	["allwinner-device@db0a1601a7335ab272c12937a299ac1df07791c0:/soc@3000000/irrx@7040000"]	ported-bsp	[]	[]	[{"blob":"base","path":"/soc/irrx@7040000","status":"okay"}]	[]	["board-io-security.sh"]
node:/soc@3000000/lradc@2524000	node	["allwinner-device@db0a1601a7335ab272c12937a299ac1df07791c0:/soc@3000000/lradc@2524000"]	ported-bsp	[]	[]	[{"blob":"base","path":"/soc/lradc@2524000","status":"okay"}]	[]	["board-io-security.sh"]
node:/soc@3000000/npu@3600000	node	["allwinner-device@db0a1601a7335ab272c12937a299ac1df07791c0:/soc@3000000/npu@3600000"]	ported-bsp	[]	[]	[{"blob":"base","path":"/soc/npu@3600000","status":"okay"}]	[]	["npu.sh"]
node:/soc@3000000/ohci0-controller@4101400	node	["allwinner-device@db0a1601a7335ab272c12937a299ac1df07791c0:/soc@3000000/ohci0-controller@4101400"]	ported-bsp	[]	[]	[{"blob":"base","path":"/soc/ohci0-controller@4101400","status":"okay"}]	[]	["board-io-security.sh"]
node:/soc@3000000/ohci1-controller@4200400	node	["allwinner-device@db0a1601a7335ab272c12937a299ac1df07791c0:/soc@3000000/ohci1-controller@4200400"]	ported-bsp	[]	[]	[{"blob":"base","path":"/soc/ohci1-controller@4200400","status":"okay"}]	[]	["board-io-security.sh"]
node:/soc@3000000/pcie@6000000	node	["allwinner-device@db0a1601a7335ab272c12937a299ac1df07791c0:/soc@3000000/pcie@6000000"]	ported-bsp	[]	[]	[{"blob":"base","path":"/soc/pcie@6000000","status":"okay"}]	[]	["pcie-nvme.sh"]
node:/soc@3000000/pd_de_sys_test@0	node	["allwinner-device@db0a1601a7335ab272c12937a299ac1df07791c0:/soc@3000000/pd_de_sys_test@0"]	ported-bsp	["path:configs/cubie_a7a/linux-6.6/board.dts:unselected"]	[]	[]	[]	[]
node:/soc@3000000/pd_gpu_core_test@0	node	["allwinner-device@db0a1601a7335ab272c12937a299ac1df07791c0:/soc@3000000/pd_gpu_core_test@0"]	ported-bsp	["path:configs/cubie_a7a/linux-6.6/board.dts:unselected"]	[]	[]	[]	[]
node:/soc@3000000/pd_gpu_top_test@0	node	["allwinner-device@db0a1601a7335ab272c12937a299ac1df07791c0:/soc@3000000/pd_gpu_top_test@0"]	ported-bsp	["path:configs/cubie_a7a/linux-6.6/board.dts:unselected"]	[]	[]	[]	[]
node:/soc@3000000/pd_npu_test@0	node	["allwinner-device@db0a1601a7335ab272c12937a299ac1df07791c0:/soc@3000000/pd_npu_test@0"]	ported-bsp	["path:configs/cubie_a7a/linux-6.6/board.dts:unselected"]	[]	[]	[]	[]
node:/soc@3000000/pd_pcie_test@0	node	["allwinner-device@db0a1601a7335ab272c12937a299ac1df07791c0:/soc@3000000/pd_pcie_test@0"]	ported-bsp	["path:configs/cubie_a7a/linux-6.6/board.dts:unselected"]	[]	[]	[]	[]
node:/soc@3000000/pd_usb2_test@0	node	["allwinner-device@db0a1601a7335ab272c12937a299ac1df07791c0:/soc@3000000/pd_usb2_test@0"]	ported-bsp	["path:configs/cubie_a7a/linux-6.6/board.dts:unselected"]	[]	[]	[]	[]
node:/soc@3000000/pd_ve_dec_test@0	node	["allwinner-device@db0a1601a7335ab272c12937a299ac1df07791c0:/soc@3000000/pd_ve_dec_test@0"]	ported-bsp	["path:configs/cubie_a7a/linux-6.6/board.dts:unselected"]	[]	[]	[]	[]
node:/soc@3000000/pd_ve_enc_test@0	node	["allwinner-device@db0a1601a7335ab272c12937a299ac1df07791c0:/soc@3000000/pd_ve_enc_test@0"]	ported-bsp	["path:configs/cubie_a7a/linux-6.6/board.dts:unselected"]	[]	[]	[]	[]
node:/soc@3000000/pd_vi_test@0	node	["allwinner-device@db0a1601a7335ab272c12937a299ac1df07791c0:/soc@3000000/pd_vi_test@0"]	ported-bsp	["path:configs/cubie_a7a/linux-6.6/board.dts:unselected"]	[]	[]	[]	[]
node:/soc@3000000/pd_vo1_test@0	node	["allwinner-device@db0a1601a7335ab272c12937a299ac1df07791c0:/soc@3000000/pd_vo1_test@0"]	ported-bsp	["path:configs/cubie_a7a/linux-6.6/board.dts:unselected"]	[]	[]	[]	[]
node:/soc@3000000/pd_vo_test@0	node	["allwinner-device@db0a1601a7335ab272c12937a299ac1df07791c0:/soc@3000000/pd_vo_test@0"]	ported-bsp	["path:configs/cubie_a7a/linux-6.6/board.dts:unselected"]	[]	[]	[]	[]
node:/soc@3000000/phy@6b00000	node	["allwinner-device@db0a1601a7335ab272c12937a299ac1df07791c0:/soc@3000000/phy@6b00000"]	ported-bsp	[]	[]	[{"blob":"base","path":"/soc/phy@6b00000","status":"okay"}]	[]	["board-io-security.sh"]
node:/soc@3000000/pwm0@2527014	node	["allwinner-device@db0a1601a7335ab272c12937a299ac1df07791c0:/soc@3000000/pwm0@2527014"]	ported-bsp	[]	[]	[{"blob":"base","path":"/soc/pwm0@2527014","status":"okay"}]	[]	["board-io-security.sh"]
node:/soc@3000000/pwm1@2528016	node	["allwinner-device@db0a1601a7335ab272c12937a299ac1df07791c0:/soc@3000000/pwm1@2528016"]	ported-bsp	[]	[]	[{"blob":"base","path":"/soc/pwm1@2528016","status":"okay"}]	[]	["board-io-security.sh"]
node:/soc@3000000/pwm1@2528018	node	["allwinner-device@db0a1601a7335ab272c12937a299ac1df07791c0:/soc@3000000/pwm1@2528018"]	ported-bsp	[]	[]	[{"blob":"base","path":"/soc/pwm1@2528018","status":"okay"}]	[]	["board-io-security.sh"]
node:/soc@3000000/pwm1@2528019	node	["allwinner-device@db0a1601a7335ab272c12937a299ac1df07791c0:/soc@3000000/pwm1@2528019"]	ported-bsp	[]	[]	[{"blob":"base","path":"/soc/pwm1@2528019","status":"okay"}]	[]	["board-io-security.sh"]
node:/soc@3000000/pwm@2527000	node	["allwinner-device@db0a1601a7335ab272c12937a299ac1df07791c0:/soc@3000000/pwm@2527000"]	ported-bsp	[]	[]	[{"blob":"base","path":"/soc/pwm@2527000","status":"okay"}]	[]	["board-io-security.sh"]
node:/soc@3000000/pwm@2528000	node	["allwinner-device@db0a1601a7335ab272c12937a299ac1df07791c0:/soc@3000000/pwm@2528000"]	ported-bsp	[]	[]	[{"blob":"base","path":"/soc/pwm@2528000","status":"okay"}]	[]	["board-io-security.sh"]
node:/soc@3000000/pwm@7023000	node	["allwinner-device@db0a1601a7335ab272c12937a299ac1df07791c0:/soc@3000000/pwm@7023000"]	ported-bsp	[]	[]	[{"blob":"base","path":"/soc/pwm@7023000","status":"okay"}]	[]	["board-io-security.sh"]
node:/soc@3000000/s_pwm0@7023017	node	["allwinner-device@db0a1601a7335ab272c12937a299ac1df07791c0:/soc@3000000/s_pwm0@7023017"]	ported-bsp	[]	[]	[{"blob":"base","path":"/soc/s_pwm0@7023017","status":"okay"}]	[]	["board-io-security.sh"]
node:/soc@3000000/sdmmc@4020000	node	["allwinner-device@db0a1601a7335ab272c12937a299ac1df07791c0:/soc@3000000/sdmmc@4020000"]	ported-bsp	[]	[]	[{"blob":"base","path":"/soc/sdmmc@4020000","status":"okay"}]	[]	["ufs.sh"]
node:/soc@3000000/sdmmc@4022000	node	["allwinner-device@db0a1601a7335ab272c12937a299ac1df07791c0:/soc@3000000/sdmmc@4022000"]	ported-bsp	[]	[]	[{"blob":"base","path":"/soc/sdmmc@4022000","status":"okay"}]	[]	["ufs.sh"]
node:/soc@3000000/serdes@6c00000	node	["allwinner-device@db0a1601a7335ab272c12937a299ac1df07791c0:/soc@3000000/serdes@6c00000"]	ported-bsp	[]	[]	[{"blob":"base","path":"/soc/serdes@6c00000","status":"okay"}]	[]	["pcie-nvme.sh"]
node:/soc@3000000/serdes@6c00000/aux-hpd@6c01e00/aux-hpd-phy	node	["allwinner-device@db0a1601a7335ab272c12937a299ac1df07791c0:/soc@3000000/serdes@6c00000/aux-hpd@6c01e00/aux-hpd-phy"]	ported-bsp	[]	[]	[{"blob":"base","path":"/soc/serdes@6c00000/aux-hpd@6c01e00/aux-hpd-phy","status":"okay"}]	[]	["pcie-nvme.sh"]
node:/soc@3000000/serdes@6c00000/combo-phy0@6c01000/combo0-dp-phy	node	["allwinner-device@db0a1601a7335ab272c12937a299ac1df07791c0:/soc@3000000/serdes@6c00000/combo-phy0@6c01000/combo0-dp-phy"]	ported-bsp	[]	[]	[{"blob":"base","path":"/soc/serdes@6c00000/combo-phy0@6c01000/combo0-dp-phy","status":"okay"}]	[]	["pcie-nvme.sh"]
node:/soc@3000000/serdes@6c00000/combo-phy0@6c01000/combo0-usb-phy	node	["allwinner-device@db0a1601a7335ab272c12937a299ac1df07791c0:/soc@3000000/serdes@6c00000/combo-phy0@6c01000/combo0-usb-phy"]	ported-bsp	[]	[]	[{"blob":"base","path":"/soc/serdes@6c00000/combo-phy0@6c01000/combo0-usb-phy","status":"okay"}]	[]	["pcie-nvme.sh"]
node:/soc@3000000/serdes@6c00000/combo-phy1@6c02000/combo1-pcie-phy	node	["allwinner-device@db0a1601a7335ab272c12937a299ac1df07791c0:/soc@3000000/serdes@6c00000/combo-phy1@6c02000/combo1-pcie-phy"]	ported-bsp	[]	[]	[{"blob":"base","path":"/soc/serdes@6c00000/combo-phy1@6c02000/combo1-pcie-phy","status":"okay"}]	[]	["pcie-nvme.sh"]
node:/soc@3000000/serdes@6c00000/combo-phy1@6c02000/combo1-usb-phy	node	["allwinner-device@db0a1601a7335ab272c12937a299ac1df07791c0:/soc@3000000/serdes@6c00000/combo-phy1@6c02000/combo1-usb-phy"]	ported-bsp	[]	[]	[{"blob":"base","path":"/soc/serdes@6c00000/combo-phy1@6c02000/combo1-usb-phy","status":"okay"}]	[]	["pcie-nvme.sh"]
node:/soc@3000000/spi@2540000	node	["allwinner-device@db0a1601a7335ab272c12937a299ac1df07791c0:/soc@3000000/spi@2540000"]	ported-bsp	[]	[]	[{"blob":"base","path":"/soc/spi@2540000","status":"okay"}]	[]	["board-io-security.sh"]
node:/soc@3000000/spi@2540000/spidev@0	node	["allwinner-device@db0a1601a7335ab272c12937a299ac1df07791c0:/soc@3000000/spi@2540000/spidev@0"]	ported-bsp	[]	[]	[{"blob":"base","path":"/soc/spi@2540000/spidev@0","status":"okay"}]	[]	["board-io-security.sh"]
node:/soc@3000000/sunxi-drm	node	["allwinner-device@db0a1601a7335ab272c12937a299ac1df07791c0:/soc@3000000/sunxi-drm"]	ported-bsp	[]	[]	[{"blob":"base","path":"/soc/sunxi-drm","status":"okay"}]	[]	["display-hdmi.sh"]
node:/soc@3000000/tcon3@5730000	node	["allwinner-device@db0a1601a7335ab272c12937a299ac1df07791c0:/soc@3000000/tcon3@5730000"]	ported-bsp	[]	[]	[{"blob":"base","path":"/soc/tcon3@5730000","status":"okay"}]	[]	["display-hdmi.sh"]
node:/soc@3000000/tcon4@5731000	node	["allwinner-device@db0a1601a7335ab272c12937a299ac1df07791c0:/soc@3000000/tcon4@5731000"]	ported-bsp	[]	[]	[{"blob":"base","path":"/soc/tcon4@5731000","status":"okay"}]	[]	["display-hdmi.sh"]
node:/soc@3000000/twi@2510000	node	["allwinner-device@db0a1601a7335ab272c12937a299ac1df07791c0:/soc@3000000/twi@2510000"]	ported-bsp	[]	[]	[{"blob":"base","path":"/soc/twi@2510000","status":"okay"}]	[]	["board-io-security.sh"]
node:/soc@3000000/twi@2510000/eeprom@50	node	["allwinner-device@db0a1601a7335ab272c12937a299ac1df07791c0:/soc@3000000/twi@2510000/eeprom@50"]	ported-bsp	[]	[]	[{"blob":"base","path":"/soc/twi@2510000/eeprom@50","status":"okay"}]	[]	["board-io-security.sh"]
node:/soc@3000000/twi@7083000	node	["allwinner-device@db0a1601a7335ab272c12937a299ac1df07791c0:/soc@3000000/twi@7083000"]	ported-bsp	[]	[]	[{"blob":"base","path":"/soc/twi@7083000","status":"okay"}]	[]	["board-io-security.sh"]
node:/soc@3000000/twi@7083000/pmu@36	node	["allwinner-device@db0a1601a7335ab272c12937a299ac1df07791c0:/soc@3000000/twi@7083000/pmu@36"]	ported-bsp	[]	[]	[{"blob":"base","path":"/soc/twi@7083000/pmu@36","status":"okay"}]	[]	["board-io-security.sh"]
node:/soc@3000000/twi@7083000/pmu@36/powerkey@1	node	["allwinner-device@db0a1601a7335ab272c12937a299ac1df07791c0:/soc@3000000/twi@7083000/pmu@36/powerkey@1"]	ported-bsp	[]	[]	[{"blob":"base","path":"/soc/twi@7083000/pmu@36/powerkey@1","status":"okay"}]	[]	["board-io-security.sh"]
node:/soc@3000000/twi@7084000	node	["allwinner-device@db0a1601a7335ab272c12937a299ac1df07791c0:/soc@3000000/twi@7084000"]	ported-bsp	[]	[]	[{"blob":"base","path":"/soc/twi@7084000","status":"okay"}]	[]	["board-io-security.sh"]
node:/soc@3000000/twi@7085000	node	["allwinner-device@db0a1601a7335ab272c12937a299ac1df07791c0:/soc@3000000/twi@7085000"]	ported-bsp	[]	[]	[{"blob":"base","path":"/soc/twi@7085000","status":"okay"}]	[]	["board-io-security.sh"]
node:/soc@3000000/twi@7085000/ac101b@3e	node	["allwinner-device@db0a1601a7335ab272c12937a299ac1df07791c0:/soc@3000000/twi@7085000/ac101b@3e"]	ported-bsp	[]	[]	[{"blob":"base","path":"/soc/twi@7085000/ac101b@3e","status":"okay"}]	[]	["audio.sh"]
node:/soc@3000000/uart@2500000	node	["allwinner-device@db0a1601a7335ab272c12937a299ac1df07791c0:/soc@3000000/uart@2500000"]	ported-bsp	[]	[]	[{"blob":"base","path":"/soc/uart@2500000","status":"okay"}]	[]	["serial-ramoops-watchdog.sh"]
node:/soc@3000000/udc-controller@4100000	node	["allwinner-device@db0a1601a7335ab272c12937a299ac1df07791c0:/soc@3000000/udc-controller@4100000"]	ported-bsp	[]	[]	[{"blob":"base","path":"/soc/udc-controller@4100000","status":"okay"}]	[]	["board-io-security.sh"]
node:/soc@3000000/ufs@04520000	node	["allwinner-device@db0a1601a7335ab272c12937a299ac1df07791c0:/soc@3000000/ufs@04520000"]	mainline	[]	[]	[{"blob":"base","path":"/soc/ufs@4520000","status":"okay"}]	[]	["ufs.sh"]
node:/soc@3000000/usbc0@10	node	["allwinner-device@db0a1601a7335ab272c12937a299ac1df07791c0:/soc@3000000/usbc0@10"]	ported-bsp	[]	[]	[{"blob":"base","path":"/soc/usbc0@10","status":"okay"}]	[]	["usb-typec.sh"]
node:/soc@3000000/usbc1@11	node	["allwinner-device@db0a1601a7335ab272c12937a299ac1df07791c0:/soc@3000000/usbc1@11"]	ported-bsp	[]	[]	[{"blob":"base","path":"/soc/usbc1@11","status":"okay"}]	[]	["usb-typec.sh"]
node:/soc@3000000/usbc2@12	node	["allwinner-device@db0a1601a7335ab272c12937a299ac1df07791c0:/soc@3000000/usbc2@12"]	ported-bsp	[]	[]	[{"blob":"base","path":"/soc/usbc2@12","status":"okay"}]	[]	["usb-typec.sh"]
node:/soc@3000000/usbc2@12/xhci2-controller@6a00000	node	["allwinner-device@db0a1601a7335ab272c12937a299ac1df07791c0:/soc@3000000/usbc2@12/xhci2-controller@6a00000"]	ported-bsp	[]	[]	[{"blob":"base","path":"/soc/usbc2@12/xhci2-controller@6a00000","status":"okay"}]	[]	["usb-typec.sh"]
node:/soc@3000000/vind@5800800/scaler@59103f4	node	["allwinner-device@db0a1601a7335ab272c12937a299ac1df07791c0:/soc@3000000/vind@5800800/scaler@59103f4"]	ported-bsp	[]	[]	[{"blob":"base","path":"/soc/vind@5800800/scaler@59103f4","status":"okay"}]	[]	["media-camera.sh"]
node:/soc@3000000/vind@5800800/scaler@59103f8	node	["allwinner-device@db0a1601a7335ab272c12937a299ac1df07791c0:/soc@3000000/vind@5800800/scaler@59103f8"]	ported-bsp	[]	[]	[{"blob":"base","path":"/soc/vind@5800800/scaler@59103f8","status":"okay"}]	[]	["media-camera.sh"]
node:/soc@3000000/vind@5800800/scaler@59103fc	node	["allwinner-device@db0a1601a7335ab272c12937a299ac1df07791c0:/soc@3000000/vind@5800800/scaler@59103fc"]	ported-bsp	[]	[]	[{"blob":"base","path":"/soc/vind@5800800/scaler@59103fc","status":"okay"}]	[]	["media-camera.sh"]
node:/soc@3000000/vind@5800800/scaler@59107f4	node	["allwinner-device@db0a1601a7335ab272c12937a299ac1df07791c0:/soc@3000000/vind@5800800/scaler@59107f4"]	ported-bsp	[]	[]	[{"blob":"base","path":"/soc/vind@5800800/scaler@59107f4","status":"okay"}]	[]	["media-camera.sh"]
node:/soc@3000000/vind@5800800/scaler@59107f8	node	["allwinner-device@db0a1601a7335ab272c12937a299ac1df07791c0:/soc@3000000/vind@5800800/scaler@59107f8"]	ported-bsp	[]	[]	[{"blob":"base","path":"/soc/vind@5800800/scaler@59107f8","status":"okay"}]	[]	["media-camera.sh"]
node:/soc@3000000/vind@5800800/scaler@59107fc	node	["allwinner-device@db0a1601a7335ab272c12937a299ac1df07791c0:/soc@3000000/vind@5800800/scaler@59107fc"]	ported-bsp	[]	[]	[{"blob":"base","path":"/soc/vind@5800800/scaler@59107fc","status":"okay"}]	[]	["media-camera.sh"]
node:/soc@3000000/vind@5800800/scaler@5910bf4	node	["allwinner-device@db0a1601a7335ab272c12937a299ac1df07791c0:/soc@3000000/vind@5800800/scaler@5910bf4"]	ported-bsp	[]	[]	[{"blob":"base","path":"/soc/vind@5800800/scaler@5910bf4","status":"okay"}]	[]	["media-camera.sh"]
node:/soc@3000000/vind@5800800/scaler@5910bf8	node	["allwinner-device@db0a1601a7335ab272c12937a299ac1df07791c0:/soc@3000000/vind@5800800/scaler@5910bf8"]	ported-bsp	[]	[]	[{"blob":"base","path":"/soc/vind@5800800/scaler@5910bf8","status":"okay"}]	[]	["media-camera.sh"]
node:/soc@3000000/vind@5800800/scaler@5910bfc	node	["allwinner-device@db0a1601a7335ab272c12937a299ac1df07791c0:/soc@3000000/vind@5800800/scaler@5910bfc"]	ported-bsp	[]	[]	[{"blob":"base","path":"/soc/vind@5800800/scaler@5910bfc","status":"okay"}]	[]	["media-camera.sh"]
node:/soc@3000000/vo0@5500000	node	["allwinner-device@db0a1601a7335ab272c12937a299ac1df07791c0:/soc@3000000/vo0@5500000"]	ported-bsp	[]	[]	[{"blob":"base","path":"/soc/vo0@5500000","status":"okay"}]	[]	["board-io-security.sh"]
node:/soc@3000000/vo1@5510000	node	["allwinner-device@db0a1601a7335ab272c12937a299ac1df07791c0:/soc@3000000/vo1@5510000"]	ported-bsp	[]	[]	[{"blob":"base","path":"/soc/vo1@5510000","status":"okay"}]	[]	["board-io-security.sh"]
userspace:libNBGlinker.so	userspace	["ZIFENG278/ai-sdk@fc90006d0f6569da2f6726c2d8395877686f5aca:libNBGlinker.so"]	external-package	[]	[]	[]	[]	["npu.sh"]
userspace:libVIPhal.so	userspace	["ZIFENG278/ai-sdk@fc90006d0f6569da2f6726c2d8395877686f5aca:libVIPhal.so"]	external-package	[]	[]	[]	[]	["npu.sh"]
userspace:libVK_IMG.so.24.2.6603887	userspace	["radxa-repo@c8e606db1abdea40a5b97f7905ea86901b50c5fe1b76a55356ab70dde3304c3a:libVK_IMG.so.24.2.6603887"]	external-package	[]	[]	[]	[]	["gpu.sh"]
userspace:libsrv_um.so.24.2.6603887	userspace	["radxa-repo@c8e606db1abdea40a5b97f7905ea86901b50c5fe1b76a55356ab70dde3304c3a:libsrv_um.so.24.2.6603887"]	external-package	[]	[]	[]	[]	["gpu.sh"]
userspace:vpm_run	userspace	["ZIFENG278/ai-sdk@fc90006d0f6569da2f6726c2d8395877686f5aca:vpm_run"]	external-package	[]	[]	[]	[]	["npu.sh"]
